Fecha,TES,Bonos externos,BID                            ,BIRF                          ,CAF,Créditos comerciales       ,Bonos Ley 546,Bonos Fogafin,Bonos Agrarios,Títulos de reducción de deuda,Bonos de Paz,Titulos de Tesorería,Otros - deuda interna,Otros - deuda externa
2001-06-30,,,,,,,,,,,,,,
2001-07-31,,,,,,,,,,,,,,
2001-08-31,,,,,,,,,,,,,,
2001-09-30,,,,,,,,,,,,,,
2001-10-31,,,,,,,,,,,,,,
2001-11-30,,,,,,,,,,,,,,
2001-12-31,38.95063347610414,30.138447708524644,8.472275568318087,3.3545490054264575,2.2555641707294427,,2.5331980652043873,4.675624763221093,1.437335902025123,0.9874939556259619,1.4202942965448457,1.4455262796465298,4.32905680862926,
2002-01-31,39.64684669363569,29.65608224061776,8.327482821679375,3.2701892858467896,2.2365239578224605,,2.5274869148345354,4.692405695669859,1.4424945359830486,1.0375296142275785,1.4296534526352715,1.4740609580384731,4.259243829009134,
2002-02-28,40.922121742074054,29.12721498802451,8.200622848553866,3.2091436902480015,2.2019643247115597,,2.431566577416944,4.538040207542682,1.3918564198801104,1.048359884449051,1.3822626919938685,1.3620974942773938,4.1847491308279885,
2002-03-31,41.43525772388772,28.513770958243917,8.159805810817799,3.1467095063215864,2.210203299040774,,2.4951658660855203,4.607030208836193,1.4130162536004705,1.1184836223924004,1.4055897971902913,1.3581902462963553,4.1367767072870105,
2002-04-30,41.62111222607099,28.47357334052295,8.19762643382935,3.132736079131135,2.2444207634553925,,2.45272761988681,4.562470046606083,1.3993492640996297,1.1609030716445947,1.393957003929502,1.2136804529811909,4.147443697842349,
2002-05-31,43.438580904928486,26.86816060900849,8.228580936330196,3.16917153742181,2.4087047515471225,,2.5012748204772537,4.435997013167714,1.3605588842258858,1.180364422652339,1.3569532308820007,0.9418104424201706,4.109842446938542,
2002-06-30,43.45904558337399,27.46235806699718,7.951654667420264,3.393010484566175,2.576648326309614,,2.455792951974737,4.345765125244202,1.3328839790376283,1.2074215520470393,1.3311616620022857,0.7999015551120228,3.6843560459148765,
2002-07-31,41.42792244744714,28.66789861484582,8.162317266352991,3.5156192408620757,2.856603253687419,,2.3228745365215535,4.126060375602893,1.26549862053901,1.193459938308681,1.2647467499671907,0.6559482977917332,4.541050658073482,
2002-08-31,40.68863890677092,29.127510899159937,8.326767735443513,3.4828213727131407,2.9213374254191224,,2.2841139961125636,4.066574719286216,1.2435910167963413,1.2163565977327437,1.2439690041097458,0.7643565316076649,4.633961794848079,
2002-09-30,39.83213852606144,29.710684315169384,8.410266000258785,3.94904222190324,2.9878627472838244,,2.2531605686177363,3.827683131122271,1.216360751211713,1.229999023058658,1.2182707091612546,0.7321436967060458,4.632388309445648,
2002-10-31,40.50456267491186,29.437358702698578,8.395201753778887,4.38665215332673,2.970024669993082,,2.2841074680700877,3.879385142104935,1.2327906109372204,1.2892667657277503,1.2359825172126386,0.6842712449583727,3.7003962962798362,
2002-11-30,40.66798249891562,29.206395208728164,8.358768061325266,4.367059753389583,2.9291816173525427,,2.3011362755157485,3.8686724307781146,1.2293863266350382,1.3313435868609589,1.2353337297876072,0.6574287175221012,3.847311793189249,
2002-12-31,40.727010033005826,30.393730054505454,7.936661948264623,4.4261861948702,2.8983041653410613,,2.156600157491467,3.7044085207531734,1.177186558224133,1.3220508841222727,1.1849007154065239,0.7643565316076649,4.633961794848079,
2003-01-31,39.637448029331885,31.2032496192042,8.815668386837002,4.36831498201725,2.795260545299506,,2.0984377711870357,3.5531759187184937,1.1291278775243363,1.312470425404334,1.1385274298661074,0.5686489809779944,3.379670033631844,
2003-02-28,39.156954451594295,31.27801422377436,8.95503053250498,4.605149351010267,2.8381497409024647,,2.1016966550020713,3.5695260631882144,1.00828766644453,1.3634210894161807,1.1448661459611627,0.5677372584963121,3.41116682170514,
2003-03-31,40.42143946258748,29.930230754509278,8.682401910657282,5.276675544798415,2.7952981091994866,,2.0515012350558215,3.4947411918011166,0.9871631075755293,1.3866186991398701,1.122284761501232,0.5322547350723804,3.319390488102099,
2003-04-30,40.23075512652674,29.234501436302917,10.23165937650206,5.036551663950286,2.68486870697434,,2.011104352436267,3.4204670725042408,0.9661828213702005,1.4070248848490299,1.1004659776325505,0.5142485779681809,3.1621700029832245,
2003-05-31,40.82212778304896,28.6385934716601,10.186898092347354,5.0829320611761,2.699456558641848,,2.00342195138003,3.437503285033712,0.9637115069412545,1.4547769565679565,1.0991968097596505,0.4953407142575272,3.116040809185511,
2003-06-30,41.961719109261786,27.806784370365218,9.556118656321495,5.455762752669728,2.6518748152911877,,2.071541172549565,3.5008585191475134,0.9890459624615284,1.5407718244726964,1.1290406871548884,0.48833029279808937,2.8481518375063066,
2003-07-31,41.8548782318551,27.631982027888473,9.631241334515275,5.530245575931379,2.925106018669225,,2.0236982164531536,3.445908857332198,0.9735218443459814,1.5568479648063567,1.111916010984773,0.48272141980014016,2.831932497417952,
2003-08-31,42.38410027531768,27.79601411588542,9.485972217899869,5.45277333054551,2.9109965594470624,,2.005846115961524,2.9956594181143945,0.9732403018684799,1.5915642303241673,1.112655858766026,0.47059882657814095,2.8205787492917502,
2003-09-30,41.8224434281111,27.755822902134465,9.428208189046876,5.930699037793788,2.7738923214072924,,1.8836461193652339,2.916359212125012,0.9474769737849695,1.586995467449034,1.1008106067202328,0.4481272479235485,3.405518494138435,
2003-10-31,41.39402595458535,27.479103601124788,10.023571462666526,5.9166450922104135,2.77509671520396,,1.8589633597989055,3.3160292903513953,0.9428607467488331,1.6229832947323397,1.095447318930654,0.4385545337396723,3.13671862990718,
2003-11-30,41.916708926507454,26.93163284494698,9.78043401080306,6.158756982908107,2.977288852926227,,1.8473876533955194,3.2847355432810312,0.9339628622165147,1.6465744632759904,1.0864094622414773,0.408775397694376,3.0273329998032934,
2003-12-31,42.55717823035362,26.229979242142328,10.171180975734167,6.122147736602964,2.9025625907986785,,1.8182489590183881,3.280671308094813,0.9328072608972529,1.6848614609053265,1.0862328597817215,0.39733642325521623,2.8167929524155686,
2004-01-31,42.759362567915275,26.801874105446842,9.857482276532263,5.970816928217046,2.800595944475127,1.8040799629774111,1.7913023246129998,3.2507099167213243,0.9242882107410196,1.712109955584588,1.0763126194472625,,0.3791442895487237,0.8719208977801074
2004-02-29,44.02069927878001,25.98548530362626,9.612622657243048,5.858061286957686,2.8511709965408034,1.7844846753702164,1.8043291033447162,3.2507930090529413,0.808772857145707,1.712153719319846,1.0781584966514859,,0.3883148058927002,0.844953810074571
2004-03-31,45.19473256817311,25.33591708276075,9.446934225667688,5.731898691023072,2.7295955390810898,1.7349376759386925,1.7608166517201869,3.213318492990051,0.7994494793292997,1.7955952866428981,1.0665040487338935,,0.3738749000233009,0.8164253579159595
2004-04-30,45.43742105956472,24.89848831795497,9.338734255478334,5.675487713547668,2.971046039438548,1.715537156988137,1.7651947328641238,3.2258931640581885,0.8025779629390288,1.8765389883996508,1.0718950278459025,,0.42181998738183474,0.7993655935388699
2004-05-31,44.05926065078312,25.48148936862876,9.532408162906862,5.810155336654133,3.03775563776365,1.7482228744409092,1.743479010338889,3.1326404191928656,0.7951071331184376,1.8711331650288057,1.063454239492637,,0.9168793936165339,0.8080146080343779
2004-06-30,43.72407469934749,25.37899758898467,9.321431476722767,5.855901846489217,3.101020692384103,2.2975001945680806,1.7342739862116388,3.1505965249271384,0.7996646391969768,1.888791312211198,1.0703785371376795,,0.9097210501140404,0.7676474517049985
2004-07-31,45.26830936758086,24.615480797945217,8.989512687433512,5.673721946644136,2.993713898081773,2.173775477749767,1.7289141131119408,3.1591806638444817,0.8018434114694158,1.90206421342701,1.0753254309645501,,0.8859565982855571,0.7322013934618108
2004-08-31,46.0812150057304,23.998644115199586,8.737426206790602,5.547992734124507,3.0678709517014697,2.135528543078644,1.7095500403880564,3.1557515949485886,0.800973066720502,2.094855023897925,1.0747249059756652,,0.8888215546303837,0.7066462568136599
2004-09-30,46.28530558522785,23.949193865833816,8.647646695431511,5.488636913011622,2.9772923287780215,2.1142806320181866,1.6536691322402663,2.842360969145377,0.7831261740855182,2.0481865063686664,1.051369926146029,,0.40738296226429843,1.7515483094488156
2004-10-31,46.538004185421414,24.62888426674671,8.620751959591043,5.713817356058313,2.9317165333161914,2.08906936860425,1.6230475125357202,2.8234372357533934,0.7779123145189291,2.1191982242531866,1.0451406569767403,,0.40140963776433863,0.6876107484597513
2004-11-30,46.50198847071659,24.737711574935307,8.411732932004657,5.971066767918942,2.810940070575706,2.0190330854181657,1.6163559430214902,2.8463864924126296,0.784235284669711,2.182646384864475,1.0542786359310377,,0.40274140607323916,0.6608829514580368
2004-12-31,47.699391834677584,24.129329199615196,8.448994272007065,5.835802379837231,2.749672464723056,2.2328041262785865,1.609093875054007,2.8597876185673337,0.7879275576666647,2.2395991495211547,1.0596816958568782,,0.006285156926951751,0.34163066926832797
2005-01-31,49.28266926138713,23.531748496204273,8.106816215130195,5.643996398146432,2.6410620328260856,2.1070856773738877,1.5612702371719709,2.806134754851487,0.7731451417994935,2.1902279968195058,1.0262358131281182,,0.005702653955549189,0.32390532120589643
2005-02-28,50.26991172886299,23.46081420916491,7.85147757702231,5.461844620235086,2.5423543812313536,2.031177890535555,1.5265793168191382,2.7671613879491717,0.5445765822210064,2.212376968948316,1.01255946561101,,0.005561416582739219,0.31360445481641497
2005-03-31,50.4661201568324,23.421937917034754,7.801012597379444,5.4395812673151145,2.4723150364027857,2.0156379063169334,1.4888700110957285,2.715558809561618,0.6413054511839151,2.2328406917562975,0.994010216270385,,0.005276961049665705,0.3055329778009354
2005-04-30,53.27058471022414,22.610185055176473,5.459281379351031,5.575079438159143,2.645866821315169,1.989150824416724,1.4832326974671275,2.7221403499191785,0.6428597455315938,2.2999148952282793,0.9978457328033028,,0.005330298000117792,0.29852805240770386
2005-05-31,53.30178187199736,22.686800093643917,5.432498720489611,5.494493537681949,2.611396671371844,1.9792298699293913,1.4704383285690552,2.7265146364670234,0.6438927755651528,2.360551743710423,0.9997852692563749,,0.00524805114726523,0.2873684301706323
2005-06-30,54.51892942319999,21.559400168132807,5.409766995740241,5.485717079570565,2.5820451446468535,1.9467173474300479,1.4550025286791122,2.701682703987135,0.6444334444794525,2.4159581896863727,1.0008328452370725,,0.005183468006185517,0.27433066120414495
2005-07-31,54.709335657303924,21.784922070598103,5.47458331234509,5.300942486621431,2.4893831367196735,1.8826115558021197,1.412512404419822,2.634091353582967,0.6336470604118881,2.428946556973197,0.984846401271474,,0.005069187434834888,0.2591088165154887
2005-08-31,55.11506407228804,21.804629572388972,5.421231855194868,5.30304352263654,2.625117547696922,1.8507022410392722,1.3791415352312717,2.1663382513668044,0.6274114478342063,2.4542345754070984,0.9754966323405205,,0.004933044223502627,0.2726557023519821
2005-09-30,55.92228011862365,20.840136223035387,5.481477139387823,5.2840829038195825,2.596538497392438,1.8472738889175708,1.3791331817906531,2.201941110664868,0.6377226914662393,2.5406785022904255,0.9920502308215765,,0.004888200313127827,0.27179731147667313
2005-10-31,57.12457163111224,19.699846271494103,5.4108111033883075,5.480876003809328,2.5557974630985245,1.8045449074500175,1.3362508247218916,2.165466700491323,0.6271590306522165,2.5499983515439864,0.9759423055643122,,0.004287444050844201,0.26444796262290254
2005-11-30,57.694754556217845,19.952737106006424,5.350997709605123,5.416504541637206,2.6019742185846995,1.0830848548979013,1.308624314648996,2.1506972869890792,0.6228815365428554,2.5878608627776623,0.9697312746422249,,0.003952646904606647,0.2561990905453931
2005-12-31,57.25015594524495,20.211065393711994,5.261872792726188,5.7559714479822475,2.5870057280033416,0.9044746871396548,1.2518203438921485,2.0903963770612153,0.6054172826666702,2.566756611595309,0.9429462727508581,,0.29455888059805946,0.27755823662734647
2006-01-31,58.1445446659972,19.968831941126087,5.1585113911153835,5.686274393655817,2.4876041950584664,0.8774995146559408,1.2196407850278166,2.074451027213543,0.6007992157383688,2.596741049411605,0.9357535659649282,,0.0038699479668467505,0.2454783070680012
2006-02-28,58.900698091436496,19.472941167033568,5.027754588839435,5.588844107845178,2.434684727284213,0.8527480591397046,1.1813453499040343,2.040967352607703,0.4925847725126433,2.5620896449923833,0.9216475978482319,,0.2870959650673151,0.23659857548906713
2006-03-31,59.92814260716035,19.029255923791347,5.06391920677898,5.655615733281922,2.388679679166974,0.3025021906796235,1.1547505932376376,2.020357796320288,0.48761068334730134,2.5521966600803654,0.9126931357555407,,0.26873416193799465,0.23554162846168583
2006-04-30,58.48492551860935,19.801303956700657,5.336465095031792,5.910874248914441,2.465182356263346,0.3152973360418687,1.1426148740028534,2.030925368160387,0.4901611528411986,2.582716955073163,0.9176840582939731,,0.274949649465214,0.24689943060174047
2006-05-31,58.00734153812258,20.268266610709414,5.847846881751219,6.031833717171386,2.2107148648407753,0.3232496957223772,1.1066218746990717,1.8480695051704559,0.4814247030662479,2.5514534358753296,0.8005288859734672,,0.27131328916911823,0.25133499772855716
2006-06-30,58.10617324472966,20.08787242612042,6.000471977133868,6.252772073652439,2.1889084561744867,0.2929202025634962,1.0570383499469231,1.7946243273334743,0.46750215913675525,2.4871496070902133,0.7514299652367914,,0.2635799892684597,0.24955722161300425
2006-07-31,57.99638851232159,20.88271786936932,5.648826365803108,5.959527694075424,2.0163720546022246,0.26536929883687377,1.066900018513782,1.8435988588317247,0.4802600934127062,2.5631934607054196,0.7702391161829772,,0.2707596836053699,0.23584697373950253
2006-08-31,58.38215166067786,20.79435389381161,5.495140656002615,5.8002406678156415,2.196804712437311,0.24789688849667,1.0300307090416847,1.8118879988484957,0.4719993698259094,2.528092828992949,0.7562054837139175,,0.25794689450013353,0.22724823583518028
2006-09-30,57.163825760772156,21.713889960621117,5.80890089159971,5.811930556672413,2.371640887469746,0.239638327772054,1.014288871968775,1.6109778904544507,0.47323205675451646,2.5446664017391267,0.7591564460376582,,0.2642205009347142,0.2236314472035609
2006-10-31,57.84837590515421,21.088273355172884,5.6881041148514955,6.01469466735606,2.2636530999436535,0.23207947058362732,0.9974646248915636,1.6147865244198965,0.4743508602437341,2.559473409653323,0.7589627582292003,,0.24536505493083943,0.214416154569515
2006-11-30,57.5551954393978,21.536500295994312,5.669369001055736,5.9839104368484985,2.235561504575868,0.2280029250460946,0.9642801247278723,1.5965089245390367,0.4689817324391835,2.5322763647506625,0.746609627894522,,0.2443992253550492,0.23840439737535654
2006-12-31,57.70146743668847,20.919743496601114,5.887448398220224,6.373463864774563,2.177149307198392,0.2065049119205556,0.9379028862001818,1.5897762369207733,0.4670039749367651,2.5229517965136536,0.7439188015633279,,0.2486451367129771,0.22402375174897848
2007-01-31,58.06971795248573,20.830789978116897,5.800150368157648,6.37318845793517,2.119771827770415,0.19628322493728984,0.9069912154855805,1.571818001779418,0.46172866197190027,2.500310593629823,0.7358453128866486,,0.24235613155818655,0.19104827328527624
2007-02-28,59.3166479796718,19.901150887805443,5.721460413198011,6.300144725211863,2.0554135417368546,0.19250889701236695,0.8876633946117674,1.5703326722616442,0.36903387175527746,2.509648628212215,0.7450221708325843,,0.238889664837722,0.19208315285243896
2007-03-31,59.02841953318507,20.012288063109583,5.678775240722121,6.310836058460291,2.049341084416476,0.17935678524090493,0.9039456989101292,1.6247430107875618,0.38182049859200745,2.6229978032270695,0.7707058707517186,,0.2471437380916919,0.18962661450538804
2007-04-30,59.96147078471809,19.503571083168755,5.512568245446964,6.178219719977556,1.9742803759076308,0.17406339787944358,0.8816917048666544,1.6095173547686132,0.37824241422177374,2.62884378843846,0.763307197994939,,0.250361910484403,0.1838620221267149
2007-05-01,62.26763959421103,18.196027735468725,5.085000913894067,5.750241632818573,1.8224603042322842,0.1604280573731165,0.8744630970530777,1.6237331887382411,0.3815831867489647,2.6804260123129677,0.7699767469084371,,0.22095579057005357,0.16706373967044855
2007-06-30,62.13924783713144,18.245576904764214,5.297480238643054,5.711143043687265,1.81823850049465,0.1469475305891424,0.8369568952711232,1.567186723902522,0.37384063595330824,2.6414020963870746,0.7541553893946884,,0.30675554993743576,0.16106865384410884
2007-07-01,62.39360182141308,18.322223200584585,5.279867079907074,5.488651346170779,1.779111583297974,0.1311433815031519,0.812631274111721,1.5365926093943776,0.3730815940127514,2.641623720787592,0.7525729864261667,,0.30432222150075455,0.18457718089001268
2007-08-31,61.43893911699189,19.119452626277063,5.606652873952926,5.783197001093368,1.8674922003370225,0.1395094802821815,0.7619952630717928,1.145147381485731,0.3601829206231081,2.554012031731188,0.7262725958693358,,0.30202281639817136,0.19512369188623965
2007-09-30,62.40143876415172,18.530602185102172,5.308817463317047,5.897268557823816,1.6248815034853346,0.11940255701814342,0.7553867509217368,1.171599314262783,0.36850284044985004,2.6134569841380375,0.7430133607425733,,0.3025298128316571,0.16309990575514036
2007-10-31,62.93329463296223,18.401238738159424,5.274953932730026,5.879726613114858,1.4432239681296404,0.11738686868865955,0.7333569274852682,1.1741787819319454,0.36931415977324267,2.6185875032343544,0.5903181670830775,,0.3032040207301309,0.16121568597714825
2007-11-30,61.53698973891273,19.21524663639919,5.561501725573,6.16623495652651,1.51389748987385,0.12328570216728472,0.721686159512572,1.195149155883198,0.37590996626805495,2.666520471892982,0.5081222697352571,,0.24607834047200047,0.1693773867833678
2007-12-31,61.857786893210985,18.78864191024116,5.839242124479093,6.099205711187347,1.4866132121299531,0.10727590627061992,0.6954859408176316,1.1902187762672736,0.3743592151956992,2.6620877543344355,0.49911364049478957,,0.2410378493201002,0.1589310660509041
2008-01-31,62.92423010018647,18.50052044687148,5.54291343661187,5.887360117043017,1.3797099212515067,0.09980280940310648,0.6684285440543154,1.181394520931788,0.37158372436330034,2.655042520109954,0.49387924686642826,,0.14389221983826125,0.1512423924685085
2008-02-29,64.43504855905286,17.617807467749447,5.3039552280269815,5.667090429107782,1.287145016413637,0.09553451830896442,0.651248246761833,1.1867802129645484,0.27995826355252307,2.6871054293265266,0.4953128789233052,,0.14757048889665267,0.14544326091494486
2008-03-31,65.11401549325004,16.93726455254182,5.506306556040752,5.588798593886118,1.2441713355184105,0.0933994263653391,0.6246150920746213,1.169536693300208,0.27589056359424385,2.683218878831227,0.4802963457401793,,0.1416691017461342,0.14081736711088427
2008-04-30,65.3724208215139,16.854845851502354,5.445546954583602,5.614531034128046,1.2173289096066855,0.09234724975768965,0.6142046810799802,0.9838865387097941,0.28017091063972277,2.7557744778332265,0.4865296933691339,,0.1438540930267427,0.1385587842491326
2008-05-31,66.28387361609288,16.454014280296835,5.28949806615888,5.501136878113227,1.1830665676695014,0.0897281864890962,0.5868188175968814,0.9235323368531448,0.2779404101963448,2.7549267111087774,0.3778642316844036,,0.14385809933103927,0.13374179840896874
2008-06-30,65.77812248840608,16.72527589480952,5.482885874263526,5.552214447669677,1.2331414471616482,0.08238171605945582,0.5843189122556489,0.9124844408944418,0.27461550579177196,2.743974831057115,0.35001025391027,,0.1440540804786526,0.13652010724220537
2008-07-31,66.42657093896986,16.362829868795238,5.458915886635006,5.502067244168932,1.1466557078247148,0.07653715527597299,0.5283809592728708,0.8995001123618053,0.270707824972731,2.7295144778878786,0.3434121054023109,,0.12393652646539663,0.13097119196730658
2008-08-31,64.6141749129322,17.370727208137602,5.905571307199706,5.78007986961768,1.20839706660935,0.08240348147605904,0.5063194180299317,0.9018698267331325,0.2714209991174059,2.754869195775287,0.34317966540999945,,0.12422061200335391,0.13676643695825375
2008-09-30,62.917075638073484,18.352747013771932,6.4095681725699505,6.14949117642832,1.2916562667576015,0.08911592989772182,0.46254775527872555,0.8171473844006629,0.26110999591433964,2.6588846325497664,0.32936776252679556,,0.11946667629570329,0.14182159553501214
2008-10-31,61.306099578807206,18.92474183631809,6.766886423396425,7.104146707504408,1.3745646570113452,0.09328561197658322,0.42256312132026763,0.7904780036188086,0.2525881037319454,2.572022297238793,0.1353457829032113,,0.11489418888808221,0.1423836872848463
2008-11-01,61.98193345258281,18.643524143757926,6.651852154394716,6.953256037464495,1.3525701711339218,0.0912606240271195,0.39700193353487745,0.7897723917755055,0.25236263362821726,2.5718507785662403,0.06123116979069919,,0.11475784667273868,0.13862666267075247
2008-12-31,62.40689335065751,18.20141202546993,6.874762389725858,6.83718229986225,1.306830035301893,0.0772812426307736,0.37238032881306005,0.7893982017525343,0.25224306553409576,2.5788460885432554,0.05585279141709157,,0.11462742916854878,0.13229075112319294
2009-01-31,60.8445074835292,19.784626063486954,7.024041387733088,6.888049272528756,1.308637070830644,0.07546509558629333,0.3306037609321257,0.7503600101547565,0.23976886290775404,2.4602011185268235,0.051768571837521676,,0.10969409472801875,0.13227720721809083
2009-02-01,60.370365897060005,20.101056740249216,7.242302587107203,6.986527674651284,1.3050701431979896,0.07745182769103551,0.32294509831587676,0.7294689889280178,0.15539558579413737,2.4033476611698323,0.04944407213507742,,0.12156792562821833,0.13505579807213963
2009-03-02,60.46048214859573,19.693099392700507,7.131891780526418,7.560371397376067,1.2796322626813401,0.07599122168985807,0.27023236622374175,0.7128229046243306,0.15184954331555117,2.366109679879067,0.047199586737532315,,0.11876931812669606,0.1315483975231836
2009-04-30,62.746458968378136,18.71770992121559,6.477319928530766,6.985640780155341,1.1652670910947884,0.06897580004618441,0.25165452203027155,0.7238276603750147,0.15419383826482927,2.418405553007629,0.04719355253857469,,0.12049370010430549,0.12285868425858142
2009-05-31,63.72572801336079,18.24556250290982,6.101830330134943,6.808139946359012,1.1233502200890841,0.06670285184527998,0.23446583194968768,0.7445951846140763,0.15861785305312803,2.4981201739299155,0.04792383942666612,,0.12381500854440279,0.12114824378319426
2009-06-30,63.95053063811198,18.172785874021685,6.092778041979481,6.780492016971321,1.119173129348382,0.05578233293727718,0.20701395844865256,0.7169788865261645,0.15695635948119274,2.475900656510694,0.04675100567888794,,0.10689168524857595,0.11796541473568616
2009-07-01,64.20413570993794,17.976759761561485,5.976930117378975,6.81478707465783,1.073038074029965,0.051897235613059076,0.18772808039340694,0.7182196751316533,0.1623446509223605,2.560233428834221,0.047888619255729854,,0.1105395566720445,0.11549801561137633
2009-08-31,63.677679872403495,17.572990544275076,6.1325733877918465,6.65948455372851,0.9608081935023635,0.0,0.15788783304561949,0.4157945694499736,0.1591227785252737,2.5081769799306413,0.04599338398218086,1.3854158834141843,0.1105395566720445,0.11549801561137633
2009-09-30,65.77100519080521,17.0337074359527,5.885585046484636,6.450494496853981,0.9183304685690767,0.0,0.13375589216326972,0.4217476106700346,0.16140098158325175,2.544102420715048,0.045989006311334193,0.31815916186344806,0.11117160031493498,0.2045506877130847
2009-10-31,63.766322998889024,17.97331061443327,5.872822552584619,6.795155206629295,0.9279759109118612,0.0,0.10305872361011512,0.40545157515750424,0.1551645594646787,2.444900332234662,0.045092101295411906,1.1998944728390013,0.10685783522856199,0.20399311672196804
2009-11-30,62.08068573516377,18.020819732820517,5.85059200534387,6.590895868193456,0.9001879680553345,0.0,0.07492516580814729,0.3925878181519196,0.15024165544572943,2.364532304471286,0.04249767568151531,3.23187520591321,0.09852522883782704,0.20163363611342142
2009-12-31,61.42750718516849,18.03668122995352,6.146183077822539,6.834344696550729,1.0040487858909688,0.0,0.04932337355622768,0.387189103075622,0.14817559059898752,2.329657419907352,0.0517184679564411,3.295086968582142,0.10226661643419994,0.1878174845028395
2010-01-31,63.097572935536796,17.551121423736834,5.934894254267772,6.6324300567064896,0.0739197656683162,0.024721598262126193,0.942573473131738,0.38631096596919623,0.03971719882901785,0.09691782606999766,2.324426212510902,2.7183342077846993,0.09691782606999766,0.17706008152611388
2010-02-28,63.589263946597306,16.76162479086426,5.685746521085924,6.6216151963979595,0.927296425300047,0.0,0.02502618480206374,0.3896531788190709,0.0745592908499443,2.3530646900843157,0.03949895855486742,3.2649151188392964,0.0950014593553321,0.1727342384495954
2010-03-31,64.87138598767176,16.69418780242914,5.634066847470523,6.649453713539264,0.9206432299324975,0.0,0.0,0.3884297753336531,0.07432519524581616,2.2988830330203482,0.0381085450084194,2.16943289150853,0.09466813863589388,0.16641484020416306
2010-04-30,64.68557575215532,17.37535871994008,5.64928113754247,7.219961320133642,0.921116130495658,0.0,0.0,0.22162458941571064,0.0,2.2638527337799976,0.0,1.2914735124440544,0.2017412040243325,0.17001490006872158
2010-05-31,66.15032853799333,17.432750337452134,5.538134800224319,7.140932763208515,0.9243362823996383,0.0,0.0,0.13905709121280485,0.0,2.2133910287858916,0.0,0.09050807473513958,0.20337285263266444,0.16718823135558578
2010-06-30,66.84899251707948,16.96271302898533,5.363906053563714,7.007288443407314,0.9107880172548051,0.0,0.0,0.13862130990569013,0.0,2.2133910287858916,0.0,0.22892135537864863,0.2022774654224283,0.1517362603937734
2010-07-31,68.21937868217347,16.1868192191376,5.168172457789681,6.811115015472959,0.8502610608493965,0.0,0.0,0.13867807345309052,0.0,2.1575392919553598,0.0,0.08857157640799476,0.20169429779467396,0.1777703249657731
2010-08-31,68.5070854344263,16.290788069134056,5.056319145625512,6.626667677463725,0.8164519023263647,0.0,0.0,0.13626131310523856,0.0,2.089701134501361,0.0,0.10682292419506347,0.1973343973971763,0.1725680018252384
2010-09-30,68.45408571845975,16.357792154829585,5.065259945449626,6.735490670743935,0.8143743081455034,0.0,0.0,0.0,0.0,2.0868986275132917,0.0,0.11243902760258659,0.19918154953498032,0.17447799772075986
2010-10-31,68.31371291815815,16.347323224699277,5.163606543884913,6.742093258751986,0.9687372415732982,0.0,0.0,0.0,0.0,2.016946187498662,0.0,0.07623046909965658,0.19562108090692884,0.17572907542713792
2010-11-30,66.45791687629634,16.58137464312651,5.381331165990908,6.733564364952234,0.9955057985970002,0.0,0.0,0.0,0.0,0.191790143214845,0.0,0.191790143214845,0.1920542650011604,0.1773980145526319
2010-12-31,64.75686224627779,15.993610725752047,5.293333219369666,6.700174356538406,0.948895775423116,0.0,0.0,0.0,0.9557269691410427,0.29496348684508544,0.0,0.29496348684508544,0.191790143214845,0.29496348684508544
2011-01-31,67.91832152363133,16.160322539890508,5.352198420373626,6.761961914272679,0.9339345392317653,0.0,0.0,0.0,0.09931563795052231,2.201909012327416,0.0,0.17579991451548962,0.19866096282431123,0.2968911729328863
2011-02-28,68.03160655408165,16.171597234515268,5.378112112050869,6.767631911579147,0.9227631035765871,0.0,0.0,0.0,0.0,2.155372800031792,0.0,0.09074999982927276,0.18304974343296118,0.29911654090245177
2011-03-31,68.75013163501886,15.968478198666244,5.300781393149415,6.671955515611685,0.9077583076743334,0.0,0.0,0.0,0.0,1.8330035814548562,0.0,0.09553490504448903,0.17760135537575777,0.2947551080043534
2011-04-30,70.26931997364213,15.194919237221965,4.973568649417858,6.349972379127926,0.8516651856385553,0.0,0.0,0.0,0.0,1.8072234187508553,0.0,0.099923889912838,0.17646485250403152,0.276942413783851
2011-05-31,69.46263414575327,15.57946442310238,5.127266531791682,6.579493833086386,0.8959592804734237,0.0,0.0,0.0,0.0,1.825110642556892,0.0,0.10851722720230503,0.13170194416291728,0.2898519718707433
2011-06-30,69.92820453415901,15.319855982188688,5.024463692167002,6.482213865977593,0.9052376669451507,0.0,0.0,0.0,0.0,1.8041936325727264,0.0,0.12050972196234659,0.13084247892438317,0.2844784251030949
2011-07-31,69.08638140380242,16.649344535022564,4.866849298675467,6.283587606469091,0.8533853005459845,0.0,0.0,0.0,0.0,1.7328282305659612,0.0,0.12521354652251368,0.1272387620020435,0.27517131639396725
2011-08-31,69.40781918413421,16.49889827714266,4.832424725581687,6.214557213200249,0.8313842915318176,0.0,0.0,0.0,0.0,1.6816441577242842,0.0,0.13078909493786425,0.13149884638813925,0.2709842093590873
2011-09-30,68.14291490162331,17.20718081439551,5.114298293550389,6.484217352235587,0.878168662995085,0.0,0.0,0.0,0.0,1.6185187695691277,0.0,0.13799115113091937,0.133920752119423,0.28278930238065153
2011-10-31,68.94572799993071,16.726895841347787,4.938009782331321,6.307457128843473,0.9575551123083987,0.0,0.0,0.0,0.0,1.5949666357149592,0.0,0.11807008218506596,0.13368436366892184,0.2776330536693702
2011-11-30,67.99865579312866,17.158336814603324,5.313398267025626,6.394561968861918,0.9976473308374006,0.0,0.0,0.0,0.0,1.569665870998948,0.0,0.15173649705145623,0.13090653579238984,0.2850909217002558
2011-12-01,67.51235602939477,16.714742205995886,5.291854119818214,6.513375063652416,1.0042887872037896,0.0,0.0,0.0,0.0,1.5520130407887296,0.0,1.0017973146617687,0.13308720263428098,0.2764862358501756
2012-01-01,69.40892145620913,16.2330133640186,5.054484423463245,6.2969558231260905,0.9373826100637778,0.0,0.0,0.0,0.0,1.506809893907179,0.0,0.16918922572935632,0.12560284453961212,0.26764035894300375
2012-02-01,70.30933802607035,15.751204360880743,4.897262034643158,6.112625674538566,0.8931867287615447,0.0,0.0,0.0,0.0,1.476521599261224,0.0,0.1765931359219646,0.12568322796886156,0.2575852119535706
2012-03-01,70.23693311517492,15.796510419355736,4.929509490346284,6.1273659638957705,0.8974031882589257,0.0,0.0,0.0,0.0,1.4535429100178865,0.0,0.17704375267291197,0.12502069304769936,0.2566704672298471
2012-04-01,70.39412659316,15.744916911011039,4.886063609208895,6.093028688946657,0.8900142829846877,0.0,0.0,0.0,0.0,1.435183888864569,0.0,0.1779249234333714,0.12484332683762624,0.2538977755531699
2012-05-01,70.19917521455704,16.11289109012646,4.9300140446096705,6.168058981220397,0.9162255214833761,0.0,0.0,0.0,0.0,1.4268166559143214,0.0,0.17794857605387787,0.12391684900893457,0.2596264691759213
2012-06-01,70.19917521455704,15.997748899097633,4.861651883249582,6.1080209768687865,0.9025991360766462,0.0,0.0,0.0,0.0,1.375034582882328,0.0,0.17863955501707457,0.12226824333447378,0.2548615089164341
2012-07-01,70.68624551513642,15.769278678874931,4.782075809985016,6.01350810287185,0.8601991520940867,0.0,0.0,0.0,0.0,1.340017529752693,0.0,0.17764579716460965,0.12132327992866389,0.2497061341917147
2012-08-01,70.02300228524079,16.1304882492692,4.921707396888568,6.1483067354185055,0.8699999295243908,0.0,0.0,0.0,0.0,1.3467535485508935,0.0,0.17848813497723734,0.12378367111123528,0.25747004901918713
2012-09-30,70.15170384200778,16.321818889612505,4.818732190390054,6.024540623513984,0.8501199225019789,0.0,0.0,0.0,0.0009078410012977028,1.281761292661566,0.036603083766976664,0.1760407480344648,0.08667758909733635,0.2520018184133474
2012-10-31,69.86750299440993,16.49472189298844,4.896957164889368,6.1081966404698855,0.8633596919287436,0.0,0.0,0.0,0.0314807959309809,1.214010140204354,0.01884063286465569,0.17567453256319365,0.07228261375716741,0.2569728999932804
2012-11-30,70.48816983199082,16.23026707760164,4.732256045233581,5.940170752591635,0.8485399392443816,0.0,0.0,0.0,0.0002751367476424695,1.2126074918497345,0.018320111091060066,0.1739679422026435,0.10269520802697292,0.2530056001675538
2012-12-31,69.44096533372975,15.556059139818807,4.755768201470362,6.047699886449293,0.8355186875581271,0.0,0.0,0.0,0.000128164452474214,1.1771124471166488,0.018057923746869202,1.7435606702078201,0.1019849227802648,0.3232727871220413
2013-01-31,70.82328263869529,15.871307919408201,4.73574986960738,6.03356207814044,0.803084980260206,0.0,0.0,0.0,0.000126164452474214,1.1408488129505001,0.0180149237468692,0.149967553718924,0.1010172710615928,0.323163952410631
2013-02-28,70.96888461853483,15.828366399130495,4.74992785155354,5.984877444903993,0.7919979704313986,0.0,0.0,0.0,0.000126164452474214,1.0915914269299298,0.017000652232249974,0.14504259192861865,0.09936251609962402,0.3229485282553303
2013-03-01,69.26512144246854,15.70608510746162,4.731921032522736,5.94321869734546,0.7873276256085507,0.0,0.0,0.0,0.00012347199826957545,1.0559920299453134,0.016538711843380145,2.0699771193651557,0.10397530025629785,0.3198429331829473
2013-04-30,70.47928938439028,15.795231831255554,4.754588227197572,5.984654284633599,0.7921471973401805,0.0,0.0,0.0,0.0001241463040667091,1.0387469916885164,0.016542265099726578,0.7026101239886617,0.11098828081286442,0.32520141359303467
2013-05-31,70.57974601546147,16.12943426064731,4.816480120873983,6.045624273226783,0.814884242771424,0.0,0.0,0.0,0.00012029106876119973,1.0090662192358202,0.016217586549504864,0.14276046718532978,0.11192767266765312,0.33385914138072
2013-06-30,70.45374208853148,16.245685846021253,4.844702362590912,6.064207065533841,0.8200033307899715,0.0,0.0,0.0,0.00011966050791207824,0.9789323235296932,0.015966941894195983,0.13668243157835164,0.10539716796343002,0.3346804415668678
2013-07-31,71.2660536368485,15.842540987535287,4.694646494307853,5.906153819277958,0.7651543548371711,0.0,0.0,0.0,0.00011813237932455797,0.9420015772378868,0.01563411277485188,0.13354568660226526,0.10933144461831759,0.3248197535805724
2013-08-31,71.17428829244571,15.816520753273386,4.920890592095693,5.856084256204233,0.7540247309537524,0.0,0.0,0.0,0.00011813237932455797,0.8939410005551315,0.014126995799582575,0.13417483152502302,0.10684626269321543,0.3291022844542785
2013-09-30,70.75186361603626,16.404408777333547,4.6787741304158095,6.04829840002668,0.7183420737477848,0.0,0.0,0.0,0.00011172863748510764,0.8401657027118111,0.01343294568216527,0.12906278534848334,0.10176091853220463,0.3137789215277771
2013-10-31,71.44600249598395,16.040131188689312,4.560340471405835,5.9085110779660805,0.7001009752047864,0.0,0.0,0.0,0.00011065946034967782,0.8050457618534105,0.013025566771805169,0.12002949053021449,0.10075338709435416,0.3059489250399125
2013-11-30,70.59271461837106,16.39549762731741,4.614330530392379,5.966709306640353,0.7238523923198988,0.0,0.0,0.0,0.00011118172730363811,0.78197617607379,0.012775258759265074,0.42948679016188956,0.1683407065303788,0.3142054117062753
2013-12-31,69.0217564521329,15.929939402029387,4.773587971938826,5.76078119665284,0.7013430322185674,0.0,0.0,0.0,0.00010810655625149574,0.7320265620038896,0.012228662345459924,2.51191604283075,0.16368322206621322,0.39262934922490444
2014-01-31,69.29630130257587,17.84694201998968,4.90193235229749,5.8872144180690515,0.7065025732171,0.0,0.0,0.0,0.00010665821157854277,0.698248567399973,0.006197355012722257,0.09206770617460448,0.1614869349587002,0.40300011209323466
2014-02-28,68.92471329939005,17.864972256351315,4.922968482959968,5.892006396427138,0.6962942287593261,0.0,0.0,0.0,9.633607204475442e-05,0.6628056950289563,0.006044263049020516,0.4741617394055761,0.15566638661956173,0.4002709159370311
2014-03-31,70.3142925790942,17.022107906914332,4.643552189319541,5.57392003681618,0.662314613041774,0.0,0.0,0.0,9.531361745576413e-05,0.6345983034989753,0.005900612206438843,0.6043935217397866,0.15401395822638442,0.3848109655249227
2014-04-30,71.59205278553942,16.610194409698725,4.506363301435815,5.433476062934107,0.644376215213406,0.0,0.0,0.0,9.417833340660188e-05,0.6053322095096194,0.005783555828159166,0.0754955148646624,0.15805224904937934,0.37465725175488046
2014-05-31,71.36895979776516,16.944038739375024,4.511917329483072,5.291564793868915,0.6543616654593376,0.0,0.0,0.0,9.721278126590099e-05,0.6017207917602192,0.0058710026385824345,0.08322071953957116,0.16303842754128145,0.38117773520742854
2014-06-30,71.13205631632826,16.479831566523817,4.358117518366878,5.101423238260428,0.6250302814022936,0.0,0.0,0.0,9.535977156702157e-05,0.5670705135497522,0.0056796087390496896,1.2088042131854424,0.15407331084037626,0.3678180730321348
2014-07-31,71.62091760816102,16.347647326320935,4.314364523806194,5.059122908979936,0.6063357739560672,0.0,0.0,0.0,0.0,0.5416131044108581,0.005585579621793171,0.9886787621752685,0.15279538623098685,0.3629390263369408
2014-08-31,71.77384435860444,16.466722670865252,4.368567961026226,5.095096294569066,0.6016770842271524,0.0,0.0,0.0,0.0,0.5049802750237751,0.005353158611238457,0.6627541238034906,0.15411728724989907,0.36688678601948066
2014-09-30,69.82706631944096,16.80359705466125,4.491366757133288,5.168386869098896,0.6240672182335285,0.0,0.0,0.0,0.0,0.4716589111434975,0.005181189701375607,2.0770525228562486,0.1516865387927409,0.37993661893823516
2014-10-31,68.67564848938538,17.119213737992027,4.374631310667285,5.047352580787392,0.6099433734710508,0.0,0.0,0.0,0.0,0.4309082733283771,0.0048898789032256525,3.000304546717904,0.14658055123318783,0.5904516591602199
2014-11-30,68.91690472366525,17.87599365060103,4.554711074811448,5.190507440833671,0.6443230925035602,0.0,0.0,0.0,0.0,0.40595793646403583,0.004826929515811442,1.683989130708626,0.0913139249856891,0.6314720959109063
2014-12-31,66.53910004367806,17.957749941191285,5.158262270822309,6.436273996859179,0.6725696171671048,0.0,0.0,0.0,0.0,0.36580258074169175,0.004601995833150626,2.034040221784119,0.08792010458522408,0.7436792273378824
2015-01-31,67.47596154667977,19.097901931600067,5.137498652076016,6.4075170134385555,0.6556377393967189,0.0,0.0,0.0,0.0,0.33847976102047694,0.004492100904982061,0.04882213877193672,0.08751305766809549,0.746176058443371
2015-02-28,65.18596913799072,19.337902298757044,5.208969733990138,6.6293276139107435,0.6579916942702635,0.0,0.0,0.0,0.0,0.3075251205649218,0.004297897915576938,1.822785773385164,0.08829286605989817,0.7569378631555084
2015-03-31,64.8469515234744,20.31145264900957,5.25221892853155,6.6385478272439045,0.6636175251687757,0.0,0.0,0.0,0.0,0.277396955918639,0.0038030260278236316,1.1553053472738188,0.08665845343469426,0.7640477639168084
2015-04-30,67.53208301821935,19.38080761738529,4.946510291152582,6.30047722887083,0.6353336618382287,0.0,0.0,0.0,0.0,0.2585873089900104,0.0037665588150198486,0.13106375911658036,0.08918673929339709,0.7221838163187149
2015-05-31,65.48289191217843,19.619710656051822,4.973639259450118,6.289898432724021,0.6478435302464861,0.0,0.0,0.0,0.0,0.22282891974923172,0.0034730864743199676,1.9380922501783127,0.08527216924305567,0.7363497837041993
2015-06-30,66.82334461351054,20.003189999303434,5.059206388308033,6.375253994427749,0.648494433180957,0.0,0.0,0.0,0.0,0.19922101581384832,0.002747596668529847,0.04903576306941075,0.08596105264786834,0.7535451430696368
2015-07-31,64.56411097776558,21.320095582679922,5.469834362976194,6.844272826156534,0.6834376105798532,0.0,0.0,0.0,0.0,0.1682405016328311,0.002635928823844167,0.047757881110746705,0.08774112606454505,0.8118732022099461
2015-08-31,63.31907679736833,22.1760358841022,5.730574911695598,7.131971770413011,0.7132162699509788,0.0,0.0,0.0,0.0,0.1373940446876927,0.002528942195454913,0.13315225796943206,0.08535252559197627,0.57069659602533
2015-09-30,61.20495703311044,22.67371328059843,5.49183822495162,6.787845979600812,0.6841000815753764,0.0,0.0,0.0,0.0,0.10680527095030323,0.0037452446245470248,2.14702292020673,0.08390257455831075,0.8198146344479746
2015-10-31,61.42474158820333,21.782085240607135,5.856033403907541,6.738002766251247,0.6760222462672527,0.0,0.0,0.0,0.0,0.08613531969228609,0.0024713444032932663,2.2670042680166658,0.08856283520433159,1.0814123318502162
2015-11-30,60.23621752206259,22.5212898091811,6.051078213073211,6.919679751462912,0.710821466641659,0.0,0.0,0.0,0.0,0.05765826283062986,0.002396231592483318,2.2974345904218443,0.09220031563077306,1.1136200686952722
2015-12-31,58.45317194950914,22.12213926468151,6.299637567749537,7.394522319900777,0.914300057505203,0.0,0.0,0.0,0.0,0.028239612945735834,0.002243135105726416,3.4486014528390188,0.08916492208029625,1.2502228527887729
2016-01-31,58.26158330515827,22.6157195348165,6.449401933990227,7.569252591876719,1.156280536590404,0.0,0.0,0.0,0.0,0.0,0.002164435110019842,2.5833906831067286,0.08713059174252405,1.2772408227186365
2016-02-29,58.75806178169768,22.22187243250742,6.345602496753037,7.405960426352038,1.1255037659387834,0.0,0.0,0.0,0.0,0.0,0.0021063100525567716,2.7943860927419926,0.08596756536138005,1.260539128595109
2016-03-31,60.7191050304999,21.915256893889776,5.816259704051827,6.801334168243578,1.0501794534600186,0.0,0.0,0.0,0.0,0.0,0.003287428989120611,2.437290028362445,0.0874130200059682,1.173161701486503
2016-04-30,62.35123800337576,21.08968186162283,5.549203093956351,6.5178442970023145,0.9905389779452874,0.0,0.0,0.0,0.0,0.0,0.002055287637073841,2.291053450991643,0.08474805995573886,1.1236369675129998
2016-05-31,61.074548604234494,21.370759694367397,5.594118386751372,7.1345655536730055,1.0104552014379995,0.0,0.0,0.0,0.0,0.0,0.002055287637073841,2.5973743082223186,0.08329407329964422,1.1348841780137504
2016-06-30,61.09316907859766,20.78638605424209,5.396898413896591,6.880605927172846,0.9673373837282186,0.0,0.0,0.0,0.0,0.0,0.0030077639624293256,3.6936063574365434,0.08482755110604705,1.0971692338199888
2016-07-31,59.99922265349272,21.505089750066517,5.602435985217953,7.14153874209856,0.9898431000882854,0.0,0.0,0.0,0.0,0.0,0.0018667922927820709,3.5366224695173463,0.08553965697536779,1.139707642543269
2016-08-31,61.80961534670142,20.674890081510075,5.361522265813441,6.801411243877392,0.9404050883540226,0.0,0.0,0.0,0.0,0.0,0.0018622674467925313,3.2327177413693517,0.08818719244520141,1.0912510399290989
2016-09-30,62.50909691343415,20.315255422333166,5.231885347072264,6.630095577862065,0.9204951604088657,0.0,0.0,0.0,0.0,0.0,0.001801488793057056,3.2286672854563734,0.09004040416868415,1.0726624004713583
2016-10-31,61.97192708238997,20.49665717970058,5.295708939150967,6.686029102715817,0.9332762470872797,0.0,0.0,0.0,0.0,0.0,0.000880071989544858,3.450954578785929,0.0841028112983513,1.0804639868815515
2016-11-30,60.722786880658134,20.992687782204456,5.736691367747216,6.808905025628831,1.1489237192181943,0.0,0.0,0.0,0.0,0.0,0.0008250231240760739,3.33947008249881,0.08138419873940261,1.168325920180882
2016-12-31,61.07790375032709,20.208576602839674,5.831434396978294,7.099854659192245,1.1008713259093517,0.0,0.0,0.0,0.0,0.0,0.0008078374306590456,3.284674942704191,0.08238949098540976,1.3134869936330913
2017-01-31,62.00743904451822,20.427338398200845,5.685791191210829,6.964786303956568,1.2570215568029088,0.0,0.0,0.0,0.0,0.0,0.000828670157185633,2.2776415838006643,0.08646116164199834,1.2926920897107956
2017-02-28,62.925422765574844,20.020647332856072,5.557952397969842,6.76899343791562,1.2064846255553985,0.0,0.0,0.0,0.0,0.0,0.0007881313724336417,2.17591815765969,0.08590853307256141,1.2578846180235284
2017-03-31,63.0036397380182,19.70779056764148,5.437181556495964,6.632206778311786,1.1852556156998793,0.0,0.0,0.0,0.0,0.0,0.0007516552133944491,2.705469338123162,0.08827345808633265,1.2394312924098225
2017-04-30,63.51453773053062,19.865839689278992,5.468725073690202,6.712203292250653,1.1955409416743987,0.0,0.0,0.0,0.0,0.0,0.0006986695497556486,1.898883470535666,0.0852416539549187,1.2583294785348
2017-05-31,63.351080956928655,19.945116374984217,5.409981794368444,6.759747153006229,1.1964544836231181,0.0,0.0,0.0,0.0,0.0,0.0006784332729735475,1.9170389155892964,0.08372583461144652,1.336176053615626
2017-06-30,62.32166179045885,20.550347013435214,5.571050958280232,6.9574832304444865,1.223888038802218,0.0,0.0,0.0,0.0,0.0,0.0006465172228314373,1.9027007099597184,0.08520029864996614,1.3870214427464829
2017-07-31,62.71608964504407,20.136596400993657,5.435347979631514,6.855793538284489,1.181296800731465,0.0,0.0,0.0,0.0,0.0,0.0006188679482392812,2.217163980915026,0.0834645285080967,1.3736282579434316
2017-08-31,62.686860044955196,20.430720997597472,5.553090978226018,6.577069446908039,1.125386724235957,0.0,0.0,0.0,0.0,0.0,0.000581947978250688,2.174796121529274,0.08186734591672716,1.3696263926530716
2017-09-30,62.856709633829944,20.402516309670652,5.523713335173256,6.525279093805366,1.1245683221565042,0.0,0.0,0.0,0.0,0.0,0.0005621412635149338,2.1656093334061115,0.08169677706571427,1.3193450536289268
2017-10-31,62.5378889005054,20.60629242679455,5.588585743988265,6.573639591746355,1.1402669642885455,0.0,0.0,0.0,0.0,0.0,0.0005302320066743341,2.140614803603877,0.08360358062935422,1.3285777564369807
2017-11-30,62.75324026852269,20.523587711753258,5.501202722618225,6.552063963573063,1.133057698840897,0.0,0.0,0.0,0.0,0.0,0.0005115614128333695,2.1243208760983654,0.08004172849394652,1.3319734686867157
2017-12-31,61.91678518425372,20.18836671299127,5.620200243082264,6.397987038536374,1.1035177433465932,0.0,0.0,0.0,0.0,0.0,0.000494573555278651,3.3896530410506442,0.08345317971812273,1.2995422834657335
2018-01-31,63.293396394543954,19.374092658927193,5.35601765528618,6.466262917009451,1.0457742301777604,0.0,0.0,0.0,0.0,0.0,0.00047767580356945766,3.1096067137355456,0.08578475587251803,1.268586998643828
2018-02-28,63.630612990181326,19.157657551317868,5.296443014625661,6.32253997035313,1.0252311014333655,0.0,0.0,0.0,0.0,0.0,0.00045535653193216007,3.1563034759872743,0.08457661376247705,1.3261799258069593
2018-03-31,64.11176670214005,18.702292416454178,5.1326610557879215,6.611390369499161,0.9984951479728672,0.0,0.0,0.0,0.0,0.0,0.0004379209904489101,3.06780794720961,0.08154365587339421,1.2936047840723783
2018-04-30,64.2129876911075,18.456716111089865,5.060696689621729,6.480278936564074,0.9874543149495622,0.0,0.0,0.0,0.0,0.0,0.00042386305128095476,3.288190191666972,0.08254122180979681,1.4307109801392128
2018-05-31,64.42823712310512,18.49571593252094,5.04050390990881,6.450095688973178,0.9797052072208233,0.0,0.0,0.0,0.0,0.0,0.0003987854413268757,3.115610963591531,0.08304421626144284,1.4066881729768062
2018-06-30,64.22226532096911,18.66121050019752,5.070124533486324,6.49437316609215,0.9805213710748297,0.0,0.0,0.0,0.0,0.0,0.0003194638858407549,3.073310895696594,0.08202442985963261,1.4158393048515192
2018-07-31,65.03013749609158,18.15848979290816,4.921779664240706,6.317715903923022,0.9462483418206533,0.0,0.0,0.0,0.0,0.0,0.0003045270775721722,3.1728006002169877,0.0816401269380229,1.3708736701339685
2018-08-31,64.63229895002902,18.50030717293671,5.031265265396017,6.392325844784145,0.9641613938136571,0.0,0.0,0.0,0.0,0.0,0.0002908602328677448,2.997440183091807,0.07959318872640533,1.4023090072665132
2018-09-30,65.0389974214338,18.192566009061313,4.9176410415193725,6.252008014327506,0.9474096095802709,0.0,0.0,0.0,0.0,0.0,0.0002908602328677448,2.9826120307078337,0.07946102209793031,1.589304851271966
2018-10-31,63.33493595293812,19.544227503541915,5.11491399917633,6.433815933283634,0.9881913676221279,0.0,0.0,0.0,0.0,0.0,0.0002908602328677448,2.716986100881679,0.07737045682524697,1.7895586857309378
2018-11-30,62.86969944895075,19.758564263014417,5.1283979563686595,6.5618966596491815,1.0900814217282215,0.0,0.0,0.0,0.0,0.0,0.0,2.7170936548965763,0.07910329471724277,1.7951633006749685
2018-12-31,61.89716444748022,19.641890445427844,5.501453641308675,6.5236542036902625,1.1758331232653252,0.0,0.0,0.0,0.0,0.0,0.0,3.4098822567112173,0.07662372251859646,1.77349815959783
2019-01-31,62.143735320812844,20.20995988310262,5.275767657799391,6.272847160550783,1.1221020058268887,0.0,0.0,0.0,0.0,0.0,0.0,3.1856416132337055,0.07885728799662393,1.7110890706771555
2019-02-28,63.27917779581204,19.606493513364683,5.097958766394289,6.025958546281183,1.0811753475739652,0.0,0.0,0.0,0.0,0.0,0.0,3.179474417044101,0.07870590848281293,1.6510557050469226
2019-03-31,63.25634122464273,19.406117954969332,5.204986164517326,6.12301407150029,1.1094016774956315,0.0,0.0,0.0,0.0,0.0,0.0,3.1408847830313906,0.08027317915060919,1.678980944692704
2019-04-30,62.92839102731238,19.630072209852347,5.256862207531737,6.163204413438351,1.1248709494202667,0.0,0.0,0.0,0.0,0.0,0.0,3.1256947499498344,0.07443195676358537,1.6964724857315043
2019-05-31,62.32127309959844,20.043154123119066,5.3210271464588095,6.312737281486022,1.1199827598905934,0.0,0.0,0.0,0.0,0.0,0.0,3.090803004466279,0.07708262525875983,1.7139399597220144
2019-06-30,63.746071405720365,19.139619787422408,5.036143601174353,6.044861165650159,1.0609786132397927,0.0,0.0,0.0,0.0,0.0,0.0,3.2571549959254336,0.07699291020124187,1.6381775206662341
2019-07-31,63.089232943953,19.210712586981234,5.068277929515426,6.0304258528932655,1.0618759053415512,0.0,0.0,0.0,0.0,0.0,0.0,3.842184277692696,0.07515348551963219,1.6221370181031944
2019-08-31,62.36212678401508,19.72310916574266,5.197999549515591,6.132332013277134,1.0870275445259268,0.0,0.0,0.0,0.0,0.0,0.0,3.766266985386304,0.07501400339543665,1.6561239541418458
2019-09-30,61.478167911814296,19.989526315752734,5.484517305159655,6.21198139110362,1.1016989459521995,0.0,0.0,0.0,0.0,0.0,0.0,3.978752500582722,0.07607125668173308,1.679284372953048
2019-10-31,62.03965318730534,19.659402839771406,5.370592805564913,6.102253587782133,1.0815902051956054,0.0,0.0,0.0,0.0,0.0,0.0,4.008210303695665,0.07444563034154676,1.6638514403433553
2019-11-30,61.558908561194656,19.637756187456752,5.398349516073486,6.6520282233808885,1.0733166609885412,0.0,0.0,0.0,0.0,0.0,0.0,3.9377779209204453,0.07419435120863466,1.667668578776592
2019-12-31,62.37681091736314,19.10912448971341,5.615481690505024,6.479311047285223,1.062478144406183,0.0,0.0,0.0,0.0,0.0,0.0,3.699469876175022,0.07679620736917406,1.5805276271828417
2020-01-31,59.99419405081922,19.605541720960872,5.5395241631545975,6.353435379110463,1.3322032336867284,0.0,0.0,0.0,0.0,0.0,0.0,5.548071132979179,0.07306382466041585,1.5539664946285439
2020-02-29,60.31893795276222,19.373554834417597,5.595410925557561,6.415519223324671,1.3474522060515672,0.0,0.0,0.0,0.0,0.0,0.0,5.2814180643969175,0.07222913758173058,1.5954776559077277
2020-03-31,56.80799195372131,21.039386577549383,6.093346888839927,7.182368713191199,1.4742014742015994,0.0,0.0,0.0,0.0,0.0,0.0,5.1725436851955,0.06991963373260363,2.1602410735684767
2020-04-30,57.41185297188552,20.611197464084178,6.168075400088026,6.965192476977833,1.4441168152564252,0.0,0.0,0.0,0.0,0.0,0.0,4.103462064063853,0.1931572478033901,3.1029455598407756
2020-05-31,58.28219732528084,19.40193607068404,5.72576579582227,6.833132454364371,1.3292484933865916,0.0,0.0,0.0,0.0,0.0,0.0,4.636158310590736,0.2802436247919703,3.511317925079215
2020-06-30,57.12732540293508,20.908118239382617,5.664863158426151,6.806394245047481,1.3110099807304176,0.0,0.0,0.0,0.0,0.0,0.0,4.399198484354157,0.3056991845582043,3.477391304565896
2020-07-31,56.5182651156909,20.569893120376932,6.098295602613954,7.214597276554592,1.2800579070353368,0.0,0.0,0.0,0.0,0.0,0.0,4.56396904575162,0.301350412772393,3.4535715192042673
2020-08-31,56.48378964550875,20.385168542367282,6.030664175368073,7.12681279789007,1.4841243863762947,0.0,0.0,0.0,0.0,0.0,0.0,4.618167466441615,0.2986387996240259,3.572634186423883
2020-09-30,56.17470798798298,20.590094637267345,6.080829572149085,7.167913817226312,1.5030473140891927,0.0,0.0,0.0,0.0,0.0,0.0,4.595419670146163,0.2938523881084633,3.594134613030444
2020-10-31,56.64142614065394,20.339313138468516,5.994085013431224,7.063953725234144,1.4833475247969465,0.0,0.0,0.0,0.0,0.0,0.0,4.615561059627456,0.30505934328627526,3.557254054501493
2020-11-30,57.213314070010554,19.010403270317802,5.549076206510514,6.599044436737343,1.3598934952370472,0.0,0.0,0.0,0.0,0.0,0.0,4.56750233915588,2.382533790783453,3.3182323912474034
2020-12-31,56.12619482929123,17.886153774980297,5.195779466528521,6.284226619690263,1.2667357129514474,0.0,0.0,0.0,0.0,0.0,0.0,4.439456375869272,2.3541476502367527,6.447305570452209
2021-01-31,55.85666762768867,19.05352604652985,5.277496898695601,6.380442243762549,1.276007190566712,0.0,0.0,0.0,0.0,0.0,0.0,3.3026248847325497,2.3089727263724114,6.544262381651657
2021-02-28,55.846619008705,18.959677735056793,5.237971627123685,6.337906368711374,1.2696703308887853,0.0,0.0,0.0,0.0,0.0,0.0,3.573812327070131,2.279079054850076,6.495263547594159
2021-03-31,54.91305080402123,18.748191221207804,5.3891944338739926,6.7124844551465195,1.311995713771225,0.0,0.0,0.0,0.0,0.0,0.0,4.073874676760198,2.2613533097582446,6.589855385460804
2021-04-30,54.62316083565619,19.540055835396632,5.211401273126856,6.566378177236731,1.2720214624305286,0.0,0.0,0.0,0.0,0.0,0.0,4.096209591907001,2.20548419259161,6.485288631654439
2021-05-31,55.10414601868463,19.353487984311315,5.122461220510571,6.507662288150015,1.234890188627711,0.0,0.0,0.0,0.0,0.0,0.0,4.059779220487424,2.1857399778617115,6.431833101366598
2021-06-30,55.0716470339862,19.312596477449606,5.104446292960536,6.8698477592888,1.2319141592568283,0.0,0.0,0.0,0.0,0.0,0.0,3.909540273382318,2.1606807820480025,6.3393272216277206
2021-07-31,54.972148619142644,19.318389538995817,5.115325181574247,6.887880869755563,1.2194709329044708,0.0,0.0,0.0,0.0,0.0,0.0,4.029400052030193,2.108707066392017,6.34867773920504
2021-08-31,55.7088865916684,19.405551785672913,5.130139329577112,6.859174747925762,1.2261758309213164,0.0,0.0,0.0,0.0,0.0,0.0,3.1806537862433313,2.1431347771872247,6.346283150803947
2021-09-30,56.33829542621096,19.13589925369807,5.0932460855452515,6.736690625687497,1.2107711843983384,0.0,0.0,0.0,0.0,0.0,0.0,3.0418466175814034,2.1016142676041114,6.341636539274365
2021-10-31,56.32737718970847,19.343041240452504,4.991148334713905,6.8654997294544,1.1888566040470336,0.0,0.0,0.0,0.0,0.0,0.0,3.3652328272220435,1.6732782520213363,6.245565822380325
2021-11-30,55.30276259803342,19.81356366798673,5.269078304644062,7.016122113918331,1.478348360074072,0.0,0.0,0.0,0.0,0.0,0.0,3.1755984061652143,1.6141803571083326,6.3303461920698565
2021-12-31,54.93136558712608,19.61776521239252,5.647637451989059,7.2651390749228755,1.4535157269270873,0.0,0.0,0.0,0.0,0.0,0.0,3.0939194100326253,1.6048096178560785,6.385847918753662
2022-01-31,55.000328133918664,19.398531752353048,5.590272726636492,7.122836287744441,1.4290414839000662,0.0,0.0,0.0,0.0,0.0,0.00011141517896031162,3.5939467824114417,1.5932764424211452,6.271543560256777
2022-02-28,55.84633972240043,18.966652494779918,5.446064401879704,6.953215222605334,1.3958245664781976,0.0,0.0,0.0,0.0,0.0,0.00011033963480094899,3.575003692342602,1.5848785498031874,6.23191101007583
2022-03-31,57.01330235323279,18.373765994089585,5.2679655351738,6.718650971144287,1.3516662988070405,0.0,0.0,0.0,0.0,0.0,0.00011147693116934999,3.685102734203586,1.6012734792719043,5.988161157145838
2022-04-30,56.248249292463335,18.868643521505387,5.382067281570791,6.816919171759038,1.3927568522609557,0.0,0.0,0.0,0.0,0.0,0.00010620658450350367,3.7007794682671658,1.5610975863570469,6.029486825816269
2022-05-31,55.48551555773164,18.478218397355207,5.248702073942253,7.078530453491936,1.339701478915997,0.0,0.0,0.0,0.0,0.0,0.0,4.926858665466085,1.5462015505519768,5.8962718225449215
2022-06-30,55.2896223262588,19.188593380104674,5.420733253307263,7.330339206140245,1.5523652026866648,0.0,0.0,0.0,0.0,0.0,0.0001024083269708804,3.646950985828605,1.526228833937261,6.04506440340952
2022-07-31,54.76109590482113,19.31491825233626,5.481239717757261,7.352503529666886,1.7236122098246078,0.0,0.0,0.0,0.0,0.0,9.905744613300219e-05,3.832860122992558,1.4777003358579643,6.055970869297194
2022-08-31,54.695725195303524,19.356041146398034,5.749831595620696,7.332023556007407,1.7235143181210177,0.0,0.0,0.0,0.0,0.0,9.576252454090302e-05,3.6824922953390895,1.4483628278138423,6.011913302871864
2022-09-30,54.322022681072724,19.514649321929348,5.765230225763105,7.36351963642135,1.7402598750312421,0.0,0.0,0.0,0.0,0.0,9.38786114573249e-05,3.765979072726411,1.4214313212214118,6.106813987222949
2022-10-31,53.104051366278014,20.05741930169218,5.8881215174768915,7.5539822462328585,1.7900636499202771,0.0,0.0,0.0,0.0,0.0,9.080773801900352e-05,3.932924383893619,1.3749081820659426,6.2984385447021936
2022-11-30,53.07502197314932,19.963844462443696,5.8206524187709645,7.74627849918945,1.7576850464058955,0.0,0.0,0.0,0.0,0.0,9.039648638422076e-05,3.9151128887761573,1.368771842072852,6.352542472705297
2022-12-31,51.63214379273357,19.9204535606067,5.696257157923883,8.17283247736082,1.7095666715420912,0.0,0.0,0.0,0.0,0.0,8.796318595868408e-05,5.154813425420783,1.3369876872594075,6.376857263966784
2023-01-31,52.872421521717094,19.337302972059753,5.534575573971955,7.9499906128960784,1.655858079919446,0.0,0.0,0.0,0.0,0.0,8.702484330179078e-05,5.062680468450282,1.34590066718204,6.241183078960056
2023-02-28,51.334132053642314,20.580636171997153,5.602051591367795,8.043481379832773,1.6786050275235782,0.0,0.0,0.0,0.0,0.0,8.540552864632807e-05,5.025768468549003,1.3204247704742977,6.414815131084431
2023-03-31,52.5001124693601,19.482718135380335,5.413391946108112,7.81621931968553,1.625049329782444,0.0,0.0,0.0,0.0,0.0,8.591248440308592e-05,5.596198601356069,1.3282626347129192,6.237961651130094
2023-04-30,52.479244184421745,19.38167134002016,5.36705395700737,7.7627861456029565,1.6159457030286644,0.0,0.0,0.0,0.0,0.0,8.466764116398286e-05,5.910748747211962,1.308673021122076,6.173792233943902
2023-05-31,54.214598547710224,18.60178608579596,5.152760359409971,7.417317221184567,1.5332659298678326,0.0,0.0,0.0,0.0,0.0,8.607965381154696e-05,5.953988339293411,1.3307589673036664,5.795438469780563
2023-06-30,55.506594306794064,17.991407724306804,4.98911314659078,7.187796134464411,1.4739105064301143,0.0,0.0,0.0,0.0,0.0,8.746095643955469e-05,5.891441305273381,1.3521443694592425,5.607505045724748
2023-07-31,57.073308916992396,17.160177041805312,4.778152595832885,6.867394056235397,1.4025900614031659,0.0,0.0,0.0,0.0,0.0,8.898752693480871e-05,5.962923255941643,1.3753787420006407,5.3799863422616205
2023-08-31,56.53928135898364,17.486873270454858,4.8412464619087565,6.95706467552043,1.4237674714803406,0.0,0.0,0.0,0.0,0.0,8.718422997339571e-05,5.959696781556743,1.3447356455536474,5.447247150311598
2023-09-30,57.051687983814666,17.399318531180757,4.802244629629941,7.243948166121347,1.4179145829972202,0.0,0.0,0.0,0.0,0.0,8.8273994681749e-05,5.367893533099798,1.3490843292677162,5.367819969893884
2023-10-31,56.809014827945745,16.85833682688682,4.7448115469219045,7.151404244728832,1.40373383212261,0.0,0.0,0.0,0.0,0.0,8.723900476659883e-05,6.385622882763798,1.3321536724596614,5.31483492716586
2023-11-30,56.501795771766396,17.495375926145993,4.8294199164663025,6.968379459914773,1.3444389168003947,0.0,0.0,0.0,0.0,0.0,8.627924078665112e-05,6.367956923311666,1.3191163691127523,5.173430437240954
2023-12-31,57.50846947520767,17.137212491060865,4.9667020074657104,6.840467970255318,1.4196108788724997,0.0,0.0,0.0,0.0,0.0,8.469636442430221e-05,5.738466183337509,1.3432682204139779,5.07886247368541
2024-01-31,57.4679865576327,17.331475832879708,5.004670514170796,6.9038002545450325,1.4292288295928488,0.0,0.0,0.0,0.0,0.0,8.377296889500092e-05,5.37955745853248,1.32262216158104,5.1606583910653585
2024-02-28,57.35882453734218,17.083591587369458,4.915654607297434,6.791350945247124,1.4024124649598095,0.0,0.0,0.0,0.0,0.0,8.450126978094243e-05,5.725247859020047,1.3234118897141534,5.078945112762738
2024-03-31,58.189220829324064,16.782844675882192,4.816197002280351,6.6633521277369105,1.3774163447709054,0.0,0.0,0.0,0.0,0.0,8.258504585773885e-05,5.937255074749007,1.3117003637063311,4.9219309965044
2024-04-30,57.88638036041799,17.079503961815483,4.733316004108214,6.529894027153357,1.3569055387810425,0.0,0.0,0.0,0.0,0.0,8.379032946259254e-05,6.306469251074182,1.2803021180808054,4.8271449482394635
2024-05-31,58.62502825931891,16.715629366010262,4.691391415120488,6.511673694500673,1.333973949327056,0.0,0.0,0.0,0.0,0.0,8.331238153261815e-05,6.2224399381697815,1.271414159331965,4.6283659058393285
2024-06-30,57.94367572419641,17.220748026376665,4.797836224112947,6.713836676369721,1.3696435508604035,0.0,0.0,0.0,0.0,0.0,8.02709310715199e-05,5.995279911401212,1.224999555911975,4.733900059839632
2024-07-31,58.05432238051868,16.996867871307547,4.728109194095228,6.958130603760666,1.3435811233472883,0.0,0.0,0.0,0.0,0.0,8.005087154590056e-05,5.999563179009517,1.2258747445596594,4.693470852529861
2024-08-31,58.24333144285803,17.07526696805206,4.723900160561697,6.9968306092578985,1.3424075628643024,0.0,0.0,0.0,0.0,0.0,7.577481340658988e-05,5.92017763764178,1.2096541085996102,4.4883557353512336
2024-09-30,58.61093122518057,16.92352639296189,4.666355556719055,6.943226569275088,1.3300735448396135,0.0,0.0,0.0,0.0,0.0,7.790097944039898e-05,5.861320616154359,1.197417273048722,4.467070920841277
2024-10-31,57.696301388876655,17.508262387141045,4.811834178514888,7.137024729981402,1.3783777358117886,0.0,0.0,0.0,0.0,0.0,7.617087422413491e-05,5.730137903356218,1.1708237964964623,4.567161708947342
2024-11-30,57.22892548683998,18.459403286179292,4.704974376126081,6.966533071725614,1.3356329325967506,0.0,0.0,0.0,0.0,0.0,7.458611871956782e-05,5.782071199224283,1.1446625210885029,4.3777225401007955
2024-12-31,56.96435460445806,18.24086119038443,4.648132113822984,6.872501574829225,1.465326039272092,0.0,0.0,0.0,0.0,0.0,7.117958091506199e-05,6.656406648545854,1.1345107371144354,4.017835911992001
2025-01-31,57.893797907809784,17.10483353672105,4.367481236898377,6.446536087927844,1.359870771286672,0.0,0.0,0.0,0.0,0.0,7.05233397113656e-05,4.4732174508443014,4.5888147562554975,3.7653777289167545
2025-02-28,58.95762923378852,16.840107877141794,4.251161643695266,6.331505755017471,1.326692401821915,0.0,0.0,0.0,0.0,0.0,6.861931469686683e-05,4.376497246143737,4.450380095495856,3.4659571275807535
2025-03-31,58.90727855972322,16.85149146350884,4.23057382037754,6.354300167470117,1.338074762563077,0.0,0.0,0.0,0.0,0.0,0.0,4.062570935153325,4.0625709351533255,3.516044200191675
2025-04-30,58.613469013314244,17.71803111783431,4.089255151252628,6.2034744218348665,1.2989044784950934,0.0,0.0,0.0,0.0,0.0,6.522649185517858e-05,4.26372996160735,4.333353377191444,3.479717251978206
2025-05-31,58.80348874325322,17.45564916109483,4.02503958803889,6.109887213723725,1.26567372426575,0.0,0.0,0.0,0.0,0.0,7.163147975639171e-05,4.543505548482299,4.660919245512888,3.1357651441486527
2025-06-30,59.29594891061697,17.118336957761738,3.937586231682834,6.029742688676197,1.234665018043559,0.0,0.0,0.0,0.0,0.0,7.223137019254195e-05,4.581555935468573,4.699952934172688,3.102139092207243
2025-07-31,58.734573424821534,17.09461912244433,3.9307573816052557,5.999130285891655,1.222187804595971,0.0,0.0,0.0,0.0,0.0,6.320227423758328e-05,5.528561290055771,4.425786765975791,3.064320722335469
2025-08-31,60.44853798302414,15.627478822618501,3.800653651908786,5.846771027545699,1.1927822979654812,0.0,0.0,0.0,0.0,0.0,6.415725460447982e-05,5.847283080391206,4.451985114445216,2.784443864846348
2025-09-30,60.0982544587091,16.415672188418824,3.3939841108888453,5.849341491136725,1.151727403061585,0.0,0.0,0.0,0.0,0.0,6.351084468938304e-05,5.830911082606423,4.497944198068672,2.7621015562651423
2025-10-31,58.80449299533819,15.375093426255553,3.5776866846238153,5.401343119651848,1.0810740766099625,0.0,0.0,0.0,0.0,0.0,6.007735288231832e-05,5.713783154648111,4.303783672773111,5.742742870099389
2025-11-30,60.143222108880146,14.564786727693019,3.4952108244270135,5.2746725338988725,1.0432294580958028,0.0,0.0,0.0,0.0,0.0,6.0303585581309905e-05,5.685189363055779,4.444853441906639,5.3487752384571525
2025-12-31,60.592163216579955,14.44158060455576,3.277021144062395,5.253458290575236,1.2273856938276162,4.1918061805982344e-05,0.0,0.0,0.0,0.0,0.0,5.614359876311528,4.103916504190123,5.4900727518355845
2026-01-31,60.299389360730004,15.289390119601325,3.222122548089791,5.125521062758393,1.1760799113093487,0.1548782193629317,0.0,0.0,0.0,0.0,0.0,5.234085469613719,4.2120042288332025,5.286529079701285
2026-02-28,60.64059678996906,15.258374596590645,3.202834395136963,5.0454960058994995,1.1751069392288258,0.16,0.0,0.0,0.0,0.0,5.728331798034553e-05,5.2353734468559985,4.015674904420983,5.26655004112661
2026-03-31,61.53516262658122,14.96718984944218,3.09374776651072,4.896779602245257,1.1342996336662385,0.14830469067441723,0.0,0.0,0.0,0.0,5.8271679143974685e-05,5.515210929786332,4.188788883053177,4.520457746361313
2026-04-30,63.44084915458596,13.282330062135939,3.181905503351749,5.0147140274006965,1.1754607335926452,0.1537316331474262,0.0,0.0,0.0,0.0,5.99495861072537e-05,5.583260307134288,4.381704207929701,3.7859844211354834
2026-05-31,65.27458599428239,12.470445763218118,3.254859945454781,5.1526616618214955,1.1925816046627127,0.15713976499651924,0.0,0.0,0.0,0.0,6.094838535788493e-05,5.638590711669457,4.452315578452522,2.4068189754420106
