año,actividad económica,producción (%),composición del trabajo (pp),horas trabajadas (pp),laboral total (pp)
2005,"Agricultura, ganadería, caza, silvicultura y pesca",2.503260688008169,0.6494649989302956,2.89463278748248,3.5440977864127756
2005,Minería y extracción,3.664598198313129,1.346939783990083,-2.25462550111157,-0.9076857171214869
2005,Industrias manufactureras,4.123621676996692,-0.05416621483132015,0.617826681811413,0.5636604669800929
2005,"Electricidad, gas y agua",2.459442228354014,1.117490069666812,0.9376238805765064,2.055113950243318
2005,Construcción,8.419444403530196,-0.5111334041030898,1.796948769206753,1.2858153651036632
2005,"Comercio, hoteles y restaurantes",5.250468211289938,0.1364948052037576,1.039008227682206,1.1755030328859635
2005,"Transporte, almacenamiento y comunicaciones",8.709013223948503,0.6350829302694819,2.920844518541726,3.5559274488112083
2005,"Intermediación financiera, actividades inmobiliarias, empresariales y de alquiler",4.925332801038085,-0.2505702116669086,2.356742243851615,2.1061720321847064
2005,"Actividades de servicios sociales, comunales y personales ",6.478775798151926,1.663841891647351,1.984843815536439,3.64868570718379
2005,Total de la economía,5.266710463048241,0.3946967631314486,1.432785998195235,1.8274827613266837
2006,"Agricultura, ganadería, caza, silvicultura y pesca",2.211937060917002,0.07001964274060055,-2.220997633769351,-2.1509779910287503
2006,Minería y extracción,1.941622547332322,-0.7022034249007744,2.04057548673839,1.3383720618376156
2006,Industrias manufactureras,6.485864690916454,-0.02714149633842393,-0.8148134147050147,-0.8419549110434386
2006,"Electricidad, gas y agua",3.820747142860714,-0.1798332177495445,-0.504449130186936,-0.6842823479364806
2006,Construcción,11.77404519622725,0.333128036555031,0.6047919420578196,0.9379199786128506
2006,"Comercio, hoteles y restaurantes",7.985004192117273,0.2311364863733018,-0.682048722673604,-0.45091223630030214
2006,"Transporte, almacenamiento y comunicaciones",10.76235930039617,0.2803002996984458,1.786508345728584,2.0668086454270296
2006,"Intermediación financiera, actividades inmobiliarias, empresariales y de alquiler",6.206342674998577,-0.7588697590319137,0.3755240871851465,-0.38334567184676716
2006,"Actividades de servicios sociales, comunales y personales ",4.64995293760504,1.448170073766326,-1.953115808002354,-0.5049457342360282
2006,Total de la economía,6.538878085128862,0.1525576153788296,-0.3976574497772312,-0.24509983439840163
2007,"Agricultura, ganadería, caza, silvicultura y pesca",3.64150359399309,-0.8162752098068345,-0.04152578460687882,-0.8578009944137134
2007,Minería y extracción,1.869625670648567,0.3446124163948778,0.7444733408264363,1.0890857572213142
2007,Industrias manufactureras,6.530753554376734,0.2662586286769774,1.304853133458309,1.5711117621352864
2007,"Electricidad, gas y agua",4.072864127149423,0.1142028439227491,-0.09952242194861292,0.014680421974136174
2007,Construcción,6.205408681632107,0.09164790137694084,1.358941189538742,1.4505890909156829
2007,"Comercio, hoteles y restaurantes",7.187040076915263,0.3746049539836688,3.526244967227977,3.9008499212116456
2007,"Transporte, almacenamiento y comunicaciones",9.858001624523549,-0.01356933712156686,5.11460389679193,5.101034559670364
2007,"Intermediación financiera, actividades inmobiliarias, empresariales y de alquiler",6.777810617738655,0.3189550235587106,6.545618912350595,6.864573935909306
2007,"Actividades de servicios sociales, comunales y personales ",4.468219676041052,1.602432734005871,2.929860553310562,4.532293287316433
2007,Total de la economía,6.108052561914324,0.3811801159106246,2.737873548082323,3.119053663992948
2008,"Agricultura, ganadería, caza, silvicultura y pesca",0.002142268019067473,0.8627225385358116,0.7131874123274282,1.57590995086324
2008,Minería y extracción,9.185078757807652,1.383808935866611,1.780522400694911,3.164331336561522
2008,Industrias manufactureras,0.6275762901807092,0.2861285484214647,-0.1712844692244447,0.11484407919701997
2008,"Electricidad, gas y agua",0.1424691928794353,-0.04989747796275285,0.0356860737660432,-0.014211404196709652
2008,Construcción,10.4388696135838,-0.2465360184593206,-0.01559538869526201,-0.2621314071545826
2008,"Comercio, hoteles y restaurantes",3.823033559313416,0.452585536666871,1.325685792882551,1.778271329549422
2008,"Transporte, almacenamiento y comunicaciones",3.357263059007209,-0.2193861710681089,1.390118615896276,1.170732444828167
2008,"Intermediación financiera, actividades inmobiliarias, empresariales y de alquiler",4.834300033692962,-0.2121608032730495,4.206840807001577,3.994680003728528
2008,"Actividades de servicios sociales, comunales y personales ",3.393334654929259,1.012983858967127,-1.424368339832299,-0.4113844808651721
2008,Total de la economía,3.536170098948586,0.342052614355673,0.7583250535301553,1.1003776678858284
2009,"Agricultura, ganadería, caza, silvicultura y pesca",-1.656022328489826,-0.6355591955731349,1.762816650342326,1.127257454769191
2009,Minería y extracción,10.43268725845561,-0.6333619190907482,-2.169824174470773,-2.8031860935615214
2009,Industrias manufactureras,-4.119428161108374,-0.3631356019682916,0.3725093841322218,0.0093737821639302
2009,"Electricidad, gas y agua",2.882954470155052,-0.0198280142094158,0.06586408968577319,0.046036075476357394
2009,Construcción,1.237189062747213,-0.5210050019142818,0.9440604927307383,0.42305549081645655
2009,"Comercio, hoteles y restaurantes",-0.1781273740695255,-0.5971767825289275,1.50575769536005,0.9085809128311225
2009,"Transporte, almacenamiento y comunicaciones",-4.191742053854242,0.0594741156700138,1.904926762456506,1.9644008781265199
2009,"Intermediación financiera, actividades inmobiliarias, empresariales y de alquiler",3.301836952261183,-2.094478263259047,0.872154703341478,-1.222323559917569
2009,"Actividades de servicios sociales, comunales y personales ",2.907167496110219,-0.2272413249999735,1.193414654067363,0.9661733290673894
2009,Total de la economía,0.2090175902593837,-0.6184157183487777,0.8135222220706679,0.1951065037218902
2010,"Agricultura, ganadería, caza, silvicultura y pesca",0.5682483541499472,-0.01569332767833942,0.7221168741570042,0.7064235464786648
2010,Minería y extracción,10.04443751780562,1.3664019058649,4.064248745437144,5.430650651302044
2010,Industrias manufactureras,2.402655258648156,0.2120926755062772,0.3440067421605215,0.5560994176667987
2010,"Electricidad, gas y agua",1.611580278822089,-0.007170185061300537,1.751394622455481,1.7442244373941804
2010,Construcción,-1.397167747813288,0.2942491815257104,1.710581468982176,2.0048306505078863
2010,"Comercio, hoteles y restaurantes",4.924821626701625,0.2414883974796689,3.067199700538586,3.308688098018255
2010,"Transporte, almacenamiento y comunicaciones",10.06583545938478,0.4705596317538481,2.735387617227155,3.205947248981003
2010,"Intermediación financiera, actividades inmobiliarias, empresariales y de alquiler",3.59889484425544,1.209650803645003,0.3957684238224584,1.6054192274674615
2010,"Actividades de servicios sociales, comunales y personales ",4.517792958313471,0.1895815386198612,2.198803045562329,2.38838458418219
2010,Total de la economía,3.896883927467329,0.4431577286582478,1.601753867223763,2.0449115958820108
2011,"Agricultura, ganadería, caza, silvicultura y pesca",2.219937027671826,-0.222358248282799,-0.5290844880065659,-0.751442736289365
2011,Minería y extracción,13.14055991658751,1.275931411994933,1.830258694459875,3.1061901064548083
2011,Industrias manufactureras,5.106219322171857,0.04519172876148528,0.8380830288287083,0.8832747575901936
2011,"Electricidad, gas y agua",2.477607801171988,0.3864884643374915,0.865910289033677,1.2523987533711685
2011,Construcción,8.091296078416477,0.01222800761278166,1.82254504279749,1.8347730504102717
2011,"Comercio, hoteles y restaurantes",6.519047678181522,-0.1460564393514067,2.063854952614744,1.9177985132633373
2011,"Transporte, almacenamiento y comunicaciones",9.020774040892743,0.1261258096531501,1.046549037310284,1.172674846963434
2011,"Intermediación financiera, actividades inmobiliarias, empresariales y de alquiler",6.568847805814571,-0.09689649305706283,2.457186370308516,2.360289877251453
2011,"Actividades de servicios sociales, comunales y personales ",4.67445367446464,0.7381619215690784,1.370941615542984,2.1091035371120626
2011,Total de la economía,6.400132043518472,0.2003856916311683,1.406823113915906,1.6072088055470743
2012,"Agricultura, ganadería, caza, silvicultura y pesca",2.427311729180914,-0.04835329935479528,-0.9687657944145254,-1.0171190937693206
2012,Minería y extracción,4.429416464187597,-0.8661719854968619,-0.6339789560495476,-1.5001509415464094
2012,Industrias manufactureras,0.3408411708107906,-0.03935893394228643,0.07186816620883296,0.032509232266546534
2012,"Electricidad, gas y agua",2.973530916989908,-0.06803536194112383,-0.1612472888275597,-0.22928265076868354
2012,Construcción,4.551496340281069,0.04290089750130658,1.280215553257234,1.3231164507585405
2012,"Comercio, hoteles y restaurantes",3.6496086612261,-0.1069205877634853,1.491170124059848,1.3842495362963627
2012,"Transporte, almacenamiento y comunicaciones",2.414708155861511,-0.0271075418456002,1.088504058747838,1.061396516902238
2012,"Intermediación financiera, actividades inmobiliarias, empresariales y de alquiler",5.100954841830241,-0.7822501298836088,2.586797950911495,1.8045478210278865
2012,"Actividades de servicios sociales, comunales y personales ",5.50934344110896,0.7185616143610916,0.6174453545739478,1.3360069689350393
2012,Total de la economía,3.294319422660301,-0.1069079459268348,0.7603231075720144,0.6534151616451795
2013,"Agricultura, ganadería, caza, silvicultura y pesca",5.931989292172268,0.09990292114106271,-0.5072298193824274,-0.4073268982413647
2013,Minería y extracción,3.92678458073723,1.311019917543759,-0.8658546021068676,0.4451653154368913
2013,Industrias manufactureras,1.540174155857699,0.4819934590328042,-0.7188196868176155,-0.23682622778481133
2013,"Electricidad, gas y agua",3.771982794594653,-0.07753575209534237,0.003528239608503423,-0.07400751248683896
2013,Construcción,9.6170571444965,0.01122803755741554,-0.4307920832509653,-0.41956404569354977
2013,"Comercio, hoteles y restaurantes",4.18645749807478,0.2830654850975311,0.9363396560986846,1.2194051411962157
2013,"Transporte, almacenamiento y comunicaciones",5.368728503847287,0.2742165068111925,-0.9450969890064006,-0.6708804821952081
2013,"Intermediación financiera, actividades inmobiliarias, empresariales y de alquiler",4.922508236129364,0.9041935519063542,2.368722889873924,3.272916441780278
2013,"Actividades de servicios sociales, comunales y personales ",6.873471363057071,1.50505589385022,1.881042553125713,3.386098446975933
2013,Total de la economía,4.763238623685755,0.6487729460018317,0.3632075280787222,1.0119804740805538
2014,"Agricultura, ganadería, caza, silvicultura y pesca",2.557183832071175,-0.2049222977659499,-0.3615948423179039,-0.5665171400838538
2014,Minería y extracción,-2.202977536476869,1.569329598875586,-0.1578976817863749,1.4114319170892111
2014,Industrias manufactureras,0.9203612284743201,0.07014571271773028,0.4991585461521289,0.5693042588698591
2014,"Electricidad, gas y agua",5.483972451620112,0.1424652530869032,0.6067308339590236,0.7491960870459268
2014,Construcción,8.799313094679917,0.1480914636148709,1.411440289452063,1.559531753066934
2014,"Comercio, hoteles y restaurantes",4.26102240886177,-0.04358627198251713,0.6706176228255323,0.6270313508430152
2014,"Transporte, almacenamiento y comunicaciones",4.291399971232046,0.5729145305916332,1.211749259713855,1.7846637903054883
2014,"Intermediación financiera, actividades inmobiliarias, empresariales y de alquiler",6.191105067172664,-0.05831375149186867,1.476812709072262,1.4184989575803935
2014,"Actividades de servicios sociales, comunales y personales ",4.401123694153952,1.16766354342157,3.576822708453979,4.744486251875549
2014,Total de la economía,3.738562582352405,0.3667809459120409,1.213451014169923,1.580231960081964
2015,"Agricultura, ganadería, caza, silvicultura y pesca",4.660559598596681,-0.1698427387052327,-0.5625665259289695,-0.7324092646342022
2015,Minería y extracción,-0.6781495444389662,-0.2210445530933419,-0.3970404076984484,-0.6180849607917903
2015,Industrias manufactureras,2.330465530253978,-0.04823463053174594,0.6761085375569432,0.6278739070251973
2015,"Electricidad, gas y agua",3.146202066399173,0.06563342603134775,-0.2366185828353298,-0.17098515680398205
2015,Construcción,5.756590922360694,-0.120353847519144,3.102475629986619,2.982121782467475
2015,"Comercio, hoteles y restaurantes",3.205947708883095,-0.3033147118650842,-1.585633902417081,-1.8889486142821652
2015,"Transporte, almacenamiento y comunicaciones",2.01583449046181,0.0221961407673981,1.847156003739584,1.869352144506982
2015,"Intermediación financiera, actividades inmobiliarias, empresariales y de alquiler",2.351043875712389,-1.041005031764876,-0.8345591700314371,-1.8755642017963132
2015,"Actividades de servicios sociales, comunales y personales ",5.206248105566491,-0.3432445781224214,1.792055752048862,1.4488111739264407
2015,Total de la economía,3.178792758244401,-0.2937558123624812,0.5434337357037062,0.24967792334122502
2016,"Agricultura, ganadería, caza, silvicultura y pesca",2.568006586502758,-0.3025582552048577,0.1237103137389103,-0.1788479414659474
2016,Minería y extracción,-4.069960810439799,-0.9882957468195341,-0.7481841604696151,-1.7364799072891492
2016,Industrias manufactureras,2.323537526663877,0.03631272583099025,0.01496260605445687,0.051275331885447126
2016,"Electricidad, gas y agua",0.02646283513829673,0.1644836395223663,-0.05635427064159511,0.1081293688807712
2016,Construcción,2.478166217861588,0.1040848997437476,0.2220763884680079,0.3261612882117555
2016,"Comercio, hoteles y restaurantes",2.163473823621942,-0.2100834189809235,2.116208354122159,1.9061249351412355
2016,"Transporte, almacenamiento y comunicaciones",-0.5154889256735018,0.1498223347295373,-0.4778369559347032,-0.3280146212051659
2016,"Intermediación financiera, actividades inmobiliarias, empresariales y de alquiler",0.7754604156270162,0.1614735194438329,2.218201404889014,2.3796749243328468
2016,"Actividades de servicios sociales, comunales y personales ",2.61905025543685,1.052140987145822,1.408804725261276,2.4609457124070984
2016,Total de la economía,1.467999858889725,0.1351155360240452,0.7774962565670027,0.912611792591048
2017,"Agricultura, ganadería, caza, silvicultura y pesca",4.916686302220352,-0.08627309834893854,1.477241599910589,1.3909685015616504
2017,Minería y extracción,-4.553722914319724,-0.400993445885046,-0.270630338631261,-0.671623784516307
2017,Industrias manufactureras,-1.290404816407964,0.008147517090581431,-0.2864553011855944,-0.278307784095013
2017,"Electricidad, gas y agua",0.9001127909175288,-0.04169653668326522,0.2027339049638718,0.16103736828060658
2017,Construcción,-4.427004388496503,-0.01180612836479816,-0.5346621347640473,-0.5464682631288454
2017,"Comercio, hoteles y restaurantes",2.035730591156604,-0.007674281039459547,-0.1609747260178455,-0.16864900705730504
2017,"Transporte, almacenamiento y comunicaciones",0.475685104032042,-0.000531084043490991,-0.3085352371028363,-0.3090663211463273
2017,"Intermediación financiera, actividades inmobiliarias, empresariales y de alquiler",2.276816666406045,0.3775265414292628,0.6440980046200676,1.0216245460493303
2017,"Actividades de servicios sociales, comunales y personales ",2.61432781914035,-0.6679601402526495,-0.6413873516077693,-1.3093474918604189
2017,Total de la economía,0.4200472577350662,-0.07939611657948178,-0.09422135205096219,-0.17361746863044397
2018,"Agricultura, ganadería, caza, silvicultura y pesca",1.921920462526394,0.0528363549642431,-0.3387385450239553,-0.2859021900597122
2018,Minería y extracción,-0.4607984560788481,1.209446157269503,1.532353281901528,2.741799439171031
2018,Industrias manufactureras,2.166871414412075,-0.02716069270358267,0.1397093081230022,0.11254861541941952
2018,"Electricidad, gas y agua",3.226174482023847,-0.05787254788227512,0.2484896378669017,0.1906170899846266
2018,Construcción,-2.2740901075883,-0.1638787005350278,-0.318604827975543,-0.4824835285105708
2018,"Comercio, hoteles y restaurantes",2.095451548741156,0.05656339242495645,-0.006905555782767726,0.04965783664218872
2018,"Transporte, almacenamiento y comunicaciones",2.910502507226109,-0.04443121980356463,-0.6115347341867293,-0.655965953990294
2018,"Intermediación financiera, actividades inmobiliarias, empresariales y de alquiler",3.431698688602935,0.4884220978658184,0.3835862548616065,0.8720083527274249
2018,"Actividades de servicios sociales, comunales y personales ",4.484158709186392,0.9339520095946499,1.105652526295508,2.0396045358901578
2018,Total de la economía,2.24346944203088,0.2829960655694896,0.2642398444751214,0.5472359100446109
2019,"Agricultura, ganadería, caza, silvicultura y pesca",3.377299599853512,-0.2062495799302093,-1.567971078933853,-1.7742206588640623
2019,Minería y extracción,1.781628376146926,0.8151604065161507,-0.0797230714679651,0.7354373350481856
2019,Industrias manufactureras,1.048017564674986,0.0005403418997694247,-0.1507199263464349,-0.1501795844466655
2019,"Electricidad, gas y agua",3.278873618006006,0.2662264371042375,0.2810034638034594,0.5472299009076969
2019,Construcción,-2.965465176324322,-0.178791501881407,0.4842679686462785,0.3054764667648715
2019,"Comercio, hoteles y restaurantes",2.919909100467954,0.09953805552115046,1.48949475012214,1.5890328056432905
2019,"Transporte, almacenamiento y comunicaciones",1.834649449113712,0.2367532467285033,0.2776108263692966,0.5143640730978
2019,"Intermediación financiera, actividades inmobiliarias, empresariales y de alquiler",3.423022509146811,0.3596195266896048,0.6444533248070589,1.0040728514966637
2019,"Actividades de servicios sociales, comunales y personales ",6.247624287490883,0.6589731476512748,1.633825528130127,2.292798675781402
2019,Total de la economía,2.49828693451361,0.2302582650524309,0.5289369954191494,0.7591952604715804
2020,"Agricultura, ganadería, caza, silvicultura y pesca",2.572923352608303,0.0826718147141844,-2.543261450352532,-2.4605896356383474
2020,Minería y extracción,-14.51975404382742,0.1341144972815989,-0.9129792370757288,-0.77886473979413
2020,Industrias manufactureras,-7.016095894799079,0.5900486513594665,-1.900630304457156,-1.3105816530976895
2020,"Electricidad, gas y agua",-1.700895896874943,-0.0840504602590694,0.03317111344227726,-0.05087934681679214
2020,Construcción,-31.16413547168166,0.4955665539184271,-3.370244296240652,-2.874677742322225
2020,"Comercio, hoteles y restaurantes",-11.51822752059282,1.068033621871074,-9.266819956372911,-8.198786334501838
2020,"Transporte, almacenamiento y comunicaciones",-17.14479078426239,0.3093404892033028,-7.867628773944374,-7.558288284741072
2020,"Intermediación financiera, actividades inmobiliarias, empresariales y de alquiler",-0.7989009277815207,0.604529079776608,-2.893448996424939,-2.288919916648331
2020,"Actividades de servicios sociales, comunales y personales ",-4.372590210361071,4.075884372619429,-7.306574923392755,-3.2306905507733257
2020,Total de la economía,-8.554652568163663,1.163024031096736,-4.531327459056143,-3.3683034279594075
2021,"Agricultura, ganadería, caza, silvicultura y pesca",3.596780554619627,-0.3318477244632747,1.439426029834574,1.1075783053712993
2021,Minería y extracción,0.01574823819838755,-2.302171790912451,3.605913236978761,1.3037414460663102
2021,Industrias manufactureras,12.66967005444508,-0.3393959781676923,-0.1964634619419242,-0.5358594401096165
2021,"Electricidad, gas y agua",5.357630574668537,0.1571870912065041,0.3049425389744503,0.4621296301809544
2021,Construcción,6.667275989432397,0.07209293258594823,3.658136434799348,3.730229367385296
2021,"Comercio, hoteles y restaurantes",17.95562087948381,0.201930408786527,3.204104440252551,3.4060348490390777
2021,"Transporte, almacenamiento y comunicaciones",16.46633731419769,0.1186895391102509,6.584715582802157,6.703405121912407
2021,"Intermediación financiera, actividades inmobiliarias, empresariales y de alquiler",5.112681527491425,0.4715643102400505,8.293994818676996,8.765559128917047
2021,"Actividades de servicios sociales, comunales y personales ",12.4950814029722,2.249829966104651,4.052860858149962,6.30269082425461
2021,Total de la economía,10.57476198098776,0.3145915619098808,3.487720306238178,3.8023118681480588
2022,"Agricultura, ganadería, caza, silvicultura y pesca",1.689640719001151,0.5023480996047922,-0.2512183760158637,0.251129723588928
2022,Minería y extracción,2.047737052456622,-0.6263225053633282,0.7376822654661029,0.1113597601027747
2022,Industrias manufactureras,7.576710835337686,0.3055986851824145,1.794973979523232,2.100572664705647
2022,"Electricidad, gas y agua",3.989417645527116,0.02403309954949311,0.02702091095133984,0.05105401050083295
2022,Construcción,7.408015614248242,0.4666771534764678,0.6989724742420669,1.165649627718535
2022,"Comercio, hoteles y restaurantes",13.55094582646528,0.3618766658370152,2.916989584105615,3.27886624994263
2022,"Transporte, almacenamiento y comunicaciones",18.48385113417832,0.2689025125589073,3.57094855645642,3.839851069015327
2022,"Intermediación financiera, actividades inmobiliarias, empresariales y de alquiler",5.652919726788319,0.2742317187259589,1.464758593807631,1.73899031253359
2022,"Actividades de servicios sociales, comunales y personales ",6.713881064685001,-0.6957275873659852,4.120768046360002,3.425040458994017
2022,Total de la economía,8.048415621681285,0.0992678370348871,2.099638049849056,2.198905886883943
2023,"Agricultura, ganadería, caza, silvicultura y pesca",1.423165648945179,-0.02103090161444906,0.5079499131105443,0.4869190114960952
2023,Minería y extracción,2.699971856519046,1.448569680635944,0.0127406767613318,1.461310357397276
2023,Industrias manufactureras,-1.164133231868725,0.1738274753372957,-0.03597077066837248,0.1378567046689232
2023,"Electricidad, gas y agua",3.10550195373116,0.04806493236090378,0.5142706566975969,0.5623355890585007
2023,Construcción,-2.900427473561251,0.1411321005626177,0.02021260109100534,0.1613447016536231
2023,"Comercio, hoteles y restaurantes",-4.812392767027163,-0.05631910643116242,0.855280285961946,0.7989611795307836
2023,"Transporte, almacenamiento y comunicaciones",1.03441380324707,0.7012841077408005,2.164129170612733,2.865413278353533
2023,"Intermediación financiera, actividades inmobiliarias, empresariales y de alquiler",3.492018459165624,0.2308995386617054,1.346655103945318,1.577554642607023
2023,"Actividades de servicios sociales, comunales y personales ",5.71208111081063,-0.5818786127356564,0.4451434305235745,-0.1367351822120819
2023,Total de la economía,0.6911439906250468,0.1178374324152691,0.613102411741655,0.7309398441569241
2024,"Agricultura, ganadería, caza, silvicultura y pesca",5.127293751259554,0.1190598305557091,-0.4362446317003547,-0.3171848011446456
2024,Minería y extracción,-2.65111255483319,-0.8459867685548982,0.5816113168820743,-0.2643754516728238
2024,Industrias manufactureras,-2.092910879496568,0.08186247896495631,0.09468310424059709,0.1765455832055534
2024,"Electricidad, gas y agua",2.245218958817041,-0.1299003515717326,-0.2947725801016929,-0.4246729316734255
2024,Construcción,-0.9773641581781511,0.01539527419192558,-0.502895258941376,-0.4874999847494504
2024,"Comercio, hoteles y restaurantes",0.6009751908511163,0.2684571204986083,0.3861499967825134,0.6546071172811216
2024,"Transporte, almacenamiento y comunicaciones",0.4665398270097931,-0.187967182088929,-0.8385721651930859,-1.026539347282015
2024,"Intermediación financiera, actividades inmobiliarias, empresariales y de alquiler",0.8949776529115105,0.2033497918223426,-0.8648786953916612,-0.6615289035693186
2024,"Actividades de servicios sociales, comunales y personales ",4.13876479256432,-0.2177649953067567,0.2651054459290929,0.04734045062233622
2024,Total de la economía,0.8444873596331464,-0.004640594902465066,-0.1096209111323213,-0.1142615060347864
