año,actividad económica,producción (%),capital tic (pp),capital no tic (pp),capital total (pp)
2005,"Agricultura, ganadería, caza, silvicultura y pesca",2.503260688008169,-0.0154096780074761,0.7366665990901702,0.7212569210826941
2005,Minería y extracción,3.664598198313129,-0.06905988629349157,2.325969800931248,2.2569099146377565
2005,Industrias manufactureras,4.123621676996692,-0.03684033599721381,0.1281546941860641,0.09131435818885028
2005,"Electricidad, gas y agua",2.459442228354014,-0.03332227184494787,0.7447317579285764,0.7114094860836285
2005,Construcción,8.419444403530196,-0.02081398271732212,0.07303111769694909,0.05221713497962697
2005,"Comercio, hoteles y restaurantes",5.250468211289938,-0.002826338181838275,0.037005002653869,0.034178664472030724
2005,"Transporte, almacenamiento y comunicaciones",8.709013223948503,-0.1943315709859601,1.308704949433122,1.1143733784471619
2005,"Intermediación financiera, actividades inmobiliarias, empresariales y de alquiler",4.925332801038085,-0.0710577447816395,3.016255682246714,2.9451979374650743
2005,"Actividades de servicios sociales, comunales y personales ",6.478775798151926,-0.03408785709227329,0.1742267814999005,0.1401389244076272
2005,Total de la economía,5.266710463048241,-0.04963244346088296,0.8013742292001956,0.7517417857393127
2006,"Agricultura, ganadería, caza, silvicultura y pesca",2.211937060917002,-0.01663144248665242,0.7903359995706054,0.773704557083953
2006,Minería y extracción,1.941622547332322,-0.1591680848415425,3.586313578533003,3.4271454936914605
2006,Industrias manufactureras,6.485864690916454,-0.01775203986214412,0.5902244211651487,0.5724723813030046
2006,"Electricidad, gas y agua",3.820747142860714,-0.03458669233386621,1.235178170715197,1.2005914783813307
2006,Construcción,11.77404519622725,-0.02571513119694185,0.6175022232702342,0.5917870920732924
2006,"Comercio, hoteles y restaurantes",7.985004192117273,0.01010200847517751,0.1709076225834295,0.181009631058607
2006,"Transporte, almacenamiento y comunicaciones",10.76235930039617,0.1552685864839704,2.463988837957017,2.6192574244409874
2006,"Intermediación financiera, actividades inmobiliarias, empresariales y de alquiler",6.206342674998577,-0.1552467011508415,3.132593202300189,2.9773465011493476
2006,"Actividades de servicios sociales, comunales y personales ",4.64995293760504,-0.03009218978675,0.2351930995510519,0.2051009097643019
2006,Total de la economía,6.538878085128862,-0.02814170347229213,1.194241972413515,1.1661002689412228
2007,"Agricultura, ganadería, caza, silvicultura y pesca",3.64150359399309,0.05999223878226221,0.9385859755463186,0.9985782143285808
2007,Minería y extracción,1.869625670648567,-0.1665714565812502,4.348463676420039,4.1818922198387884
2007,Industrias manufactureras,6.530753554376734,-0.03138246492770765,1.140556366946228,1.1091739020185203
2007,"Electricidad, gas y agua",4.072864127149423,-0.03725284780816875,1.616827479209489,1.5795746314013202
2007,Construcción,6.205408681632107,-0.03309818333786507,1.580560440317772,1.547462256979907
2007,"Comercio, hoteles y restaurantes",7.187040076915263,0.04568433853572047,0.248839589642143,0.2945239281778635
2007,"Transporte, almacenamiento y comunicaciones",9.858001624523549,0.2441433626567904,1.628254530239845,1.8723978928966354
2007,"Intermediación financiera, actividades inmobiliarias, empresariales y de alquiler",6.777810617738655,-0.1259498193598006,3.4087798434897,3.282830024129899
2007,"Actividades de servicios sociales, comunales y personales ",4.468219676041052,-0.02786105988956245,0.346975509183988,0.31911444929442556
2007,Total de la economía,6.108052561914324,-0.0105926793477193,1.466609353018039,1.4560166736703197
2008,"Agricultura, ganadería, caza, silvicultura y pesca",0.002142268019067473,-0.04171203018518505,0.8659077803262375,0.8241957501410524
2008,Minería y extracción,9.185078757807652,0.6608794022435199,5.445492970718957,6.106372372962477
2008,Industrias manufactureras,0.6275762901807092,0.008218755997202485,1.337731318717736,1.3459500747149384
2008,"Electricidad, gas y agua",0.1424691928794353,-0.02174756751440983,1.54291582267383,1.5211682551594201
2008,Construcción,10.4388696135838,-0.0184751741596693,0.5021565376129855,0.4836813634533162
2008,"Comercio, hoteles y restaurantes",3.823033559313416,0.04938302613898589,0.1374074676285912,0.18679049376757711
2008,"Transporte, almacenamiento y comunicaciones",3.357263059007209,0.1695089402312998,0.7609486213967136,0.9304575616280134
2008,"Intermediación financiera, actividades inmobiliarias, empresariales y de alquiler",4.834300033692962,0.1106345084073738,2.27384944086316,2.3844839492705336
2008,"Actividades de servicios sociales, comunales y personales ",3.393334654929259,-0.02685751546758862,0.2308863309395538,0.20402881547196516
2008,Total de la economía,3.536170098948586,0.06737002269368653,1.237462048081329,1.3048320707750154
2009,"Agricultura, ganadería, caza, silvicultura y pesca",-1.656022328489826,-0.02369117238446292,1.331757886893078,1.3080667145086151
2009,Minería y extracción,10.43268725845561,0.2402434463681774,3.004779138784361,3.2450225851525385
2009,Industrias manufactureras,-4.119428161108374,-0.009845814151814422,1.010465383073433,1.0006195689216184
2009,"Electricidad, gas y agua",2.882954470155052,-0.01817382447075628,1.492175641512695,1.4740018170419387
2009,Construcción,1.237189062747213,-0.01083927639184895,1.706237797184134,1.695398520792285
2009,"Comercio, hoteles y restaurantes",-0.1781273740695255,0.0,0.0,0.0
2009,"Transporte, almacenamiento y comunicaciones",-4.191742053854242,-0.2456274899330718,0.6749714335119285,0.42934394357885663
2009,"Intermediación financiera, actividades inmobiliarias, empresariales y de alquiler",3.301836952261183,-0.1374657908535355,2.069545102080167,1.9320793112266317
2009,"Actividades de servicios sociales, comunales y personales ",2.907167496110219,-0.003045194741076242,0.1093854801560985,0.10634028541502226
2009,Total de la economía,0.2090175902593837,-0.0329421287930072,1.093160646066296,1.0602185172732888
2010,"Agricultura, ganadería, caza, silvicultura y pesca",0.5682483541499472,-0.007875020040009874,0.9653464538757595,0.9574714338357496
2010,Minería y extracción,10.04443751780562,0.4609746331895173,3.066293903471695,3.5272685366612127
2010,Industrias manufactureras,2.402655258648156,0.003771004665336043,1.132550854779035,1.1363218594443711
2010,"Electricidad, gas y agua",1.611580278822089,-0.003110441601595809,1.805001577509271,1.801891135907675
2010,Construcción,-1.397167747813288,-0.005721481104593962,1.806469373102766,1.8007478919981719
2010,"Comercio, hoteles y restaurantes",4.924821626701625,0.0,0.0,0.0
2010,"Transporte, almacenamiento y comunicaciones",10.06583545938478,-0.014630538805216,0.4021984751298442,0.3875679363246282
2010,"Intermediación financiera, actividades inmobiliarias, empresariales y de alquiler",3.59889484425544,-0.005968033019168235,2.002105891527759,1.9961378585085907
2010,"Actividades de servicios sociales, comunales y personales ",4.517792958313471,0.0,0.0,0.0
2010,Total de la economía,3.896883927467329,0.02686330837104592,1.081596966717998,1.108460275089044
2011,"Agricultura, ganadería, caza, silvicultura y pesca",2.219937027671826,0.007934908013364323,0.9008057619690356,0.9087406699823999
2011,Minería y extracción,13.14055991658751,0.1547205951058349,6.089269613262388,6.243990208368223
2011,Industrias manufactureras,5.106219322171857,0.007601065419899416,1.183606502144564,1.1912075675644636
2011,"Electricidad, gas y agua",2.477607801171988,0.01285790866062335,2.007834263129661,2.0206921717902846
2011,Construcción,8.091296078416477,0.01020268180111086,2.166200215800195,2.1764028976013057
2011,"Comercio, hoteles y restaurantes",6.519047678181522,0.0,0.0,0.0
2011,"Transporte, almacenamiento y comunicaciones",9.020774040892743,0.0889227933270931,0.5304777109717633,0.6194005042988564
2011,"Intermediación financiera, actividades inmobiliarias, empresariales y de alquiler",6.568847805814571,0.08720443551330928,2.44851442905692,2.5357188645702293
2011,"Actividades de servicios sociales, comunales y personales ",4.67445367446464,0.0,0.0,0.0
2011,Total de la economía,6.400132043518472,0.03603420226575796,1.465451171989474,1.501485374255232
2012,"Agricultura, ganadería, caza, silvicultura y pesca",2.427311729180914,0.007515974457589445,0.6068116151912916,0.614327589648881
2012,Minería y extracción,4.429416464187597,0.3818840527716028,5.515362504011742,5.897246556783345
2012,Industrias manufactureras,0.3408411708107906,0.009938834290402805,1.146969325880151,1.1569081601705538
2012,"Electricidad, gas y agua",2.973530916989908,0.01166568221422304,2.005905186360032,2.0175708685742553
2012,Construcción,4.551496340281069,0.008838756477484009,2.381676249202712,2.390515005680196
2012,"Comercio, hoteles y restaurantes",3.6496086612261,0.0,0.0,0.0
2012,"Transporte, almacenamiento y comunicaciones",2.414708155861511,0.1313716814516693,0.272920292051101,0.40429197350277035
2012,"Intermediación financiera, actividades inmobiliarias, empresariales y de alquiler",5.100954841830241,0.137300352747464,2.262316790100725,2.399617142848189
2012,"Actividades de servicios sociales, comunales y personales ",5.50934344110896,6.604654257652819e-17,5.055741251944788e-16,5.716206677710069e-16
2012,Total de la economía,3.294319422660301,0.06814968809092432,1.410995319004508,1.4791450070954322
2013,"Agricultura, ganadería, caza, silvicultura y pesca",5.931989292172268,0.008221475845091067,0.6641451627698847,0.6723666386149757
2013,Minería y extracción,3.92678458073723,0.4727645587980974,4.990337658704894,5.463102217502992
2013,Industrias manufactureras,1.540174155857699,0.01762387653185212,1.121708690143649,1.1393325666755012
2013,"Electricidad, gas y agua",3.771982794594653,0.01742237607978224,1.998650091114915,2.016072467194697
2013,Construcción,9.6170571444965,0.006658704011810629,1.819616474127953,1.8262751781397637
2013,"Comercio, hoteles y restaurantes",4.18645749807478,0.0,0.0,0.0
2013,"Transporte, almacenamiento y comunicaciones",5.368728503847287,0.2286461222291608,0.3354932956005676,0.5641394178297284
2013,"Intermediación financiera, actividades inmobiliarias, empresariales y de alquiler",4.922508236129364,0.1964009530692399,2.194056330052272,2.390457283121512
2013,"Actividades de servicios sociales, comunales y personales ",6.873471363057071,5.56262713479751e-17,7.921944526938658e-16,8.478207240418409e-16
2013,Total de la economía,4.763238623685755,0.09492359207960112,1.30625955723782,1.4011831493174212
2014,"Agricultura, ganadería, caza, silvicultura y pesca",2.557183832071175,0.007089445511711884,0.5397985501738416,0.5468879956855535
2014,Minería y extracción,-2.202977536476869,0.4482564663515059,4.763350466597277,5.211606932948783
2014,Industrias manufactureras,0.9203612284743201,0.01618634026462084,1.154471343828185,1.1706576840928058
2014,"Electricidad, gas y agua",5.483972451620112,0.01721259678211071,2.032390487016812,2.0496030837989228
2014,Construcción,8.799313094679917,0.007064864535121224,1.82293603075335,1.8300008952884712
2014,"Comercio, hoteles y restaurantes",4.26102240886177,0.001979322839416227,0.004006387554485413,0.00598571039390164
2014,"Transporte, almacenamiento y comunicaciones",4.291399971232046,0.3079847477278422,0.538845985643737,0.8468307333715792
2014,"Intermediación financiera, actividades inmobiliarias, empresariales y de alquiler",6.191105067172664,0.1349553116931634,2.291032772351369,2.4259880840445325
2014,"Actividades de servicios sociales, comunales y personales ",4.401123694153952,0.0008303444947546496,0.004608548229687095,0.005438892724441745
2014,Total de la economía,3.738562582352405,0.08855480449834603,1.304231325638255,1.392786130136601
2015,"Agricultura, ganadería, caza, silvicultura y pesca",4.660559598596681,-0.005343459905956216,0.5751282529505268,0.5697847930445706
2015,Minería y extracción,-0.6781495444389662,0.04163289877172184,3.360192738936506,3.4018256377082277
2015,Industrias manufactureras,2.330465530253978,0.0146663938137152,0.9829037585360139,0.997570152349729
2015,"Electricidad, gas y agua",3.146202066399173,-0.0007379788053507666,1.336077357774829,1.3353393789694783
2015,Construcción,5.756590922360694,-0.006578855822139919,0.102013889765019,0.09543503394287908
2015,"Comercio, hoteles y restaurantes",3.205947708883095,0.02130361036746537,0.03768641654236882,0.05899002690983419
2015,"Transporte, almacenamiento y comunicaciones",2.01583449046181,0.1181867287813294,0.1587996285759773,0.2769863573573067
2015,"Intermediación financiera, actividades inmobiliarias, empresariales y de alquiler",2.351043875712389,0.0424801210838438,2.362449253553482,2.4049293746373257
2015,"Actividades de servicios sociales, comunales y personales ",5.206248105566491,-0.0002501245622037435,0.005753491506311856,0.005503366944108112
2015,Total de la economía,3.178792758244401,0.02465521943900051,0.9055240417579872,0.9301792611969877
2016,"Agricultura, ganadería, caza, silvicultura y pesca",2.568006586502758,0.00460409385008275,0.605663055077544,0.6102671489276268
2016,Minería y extracción,-4.069960810439799,0.1723908898571765,1.890764713177658,2.0631556030348346
2016,Industrias manufactureras,2.323537526663877,0.008069931548170123,0.4777425267241088,0.4858124582722789
2016,"Electricidad, gas y agua",0.02646283513829673,0.004473816268148298,1.539097366940023,1.5435711832081713
2016,Construcción,2.478166217861588,0.005956476093306213,1.056778215018936,1.0627346911122422
2016,"Comercio, hoteles y restaurantes",2.163473823621942,0.01874582087556698,0.02160765952432704,0.04035348039989402
2016,"Transporte, almacenamiento y comunicaciones",-0.5154889256735018,0.2708260720279873,0.2152480665039078,0.4860741385318951
2016,"Intermediación financiera, actividades inmobiliarias, empresariales y de alquiler",0.7754604156270162,0.02822449671964842,2.114745340082886,2.1429698368025343
2016,"Actividades de servicios sociales, comunales y personales ",2.61905025543685,0.0,0.0,0.0
2016,Total de la economía,1.467999858889725,0.04297100800637791,0.7503428224073474,0.7933138304137253
2017,"Agricultura, ganadería, caza, silvicultura y pesca",4.916686302220352,0.002915617837191898,0.6367442219957292,0.6396598398329211
2017,Minería y extracción,-4.553722914319724,0.199365630402157,1.201757780489365,1.401123410891522
2017,Industrias manufactureras,-1.290404816407964,0.003578287620086074,0.4687092126329984,0.47228750025308447
2017,"Electricidad, gas y agua",0.9001127909175288,0.001267599646327695,1.532365347864866,1.5336329475111936
2017,Construcción,-4.427004388496503,0.004539796351448765,1.059103807402289,1.0636436037537378
2017,"Comercio, hoteles y restaurantes",2.035730591156604,0.1002519893204623,0.04677544074324368,0.14702743006370597
2017,"Transporte, almacenamiento y comunicaciones",0.475685104032042,0.3859320173481771,0.08845185530309137,0.47438387265126847
2017,"Intermediación financiera, actividades inmobiliarias, empresariales y de alquiler",2.276816666406045,0.0208310350687162,2.004112233036453,2.024943268105169
2017,"Actividades de servicios sociales, comunales y personales ",2.61432781914035,0.0,0.0,0.0
2017,Total de la economía,0.4200472577350662,0.06196104024070472,0.6832390764480951,0.7452001166887998
2018,"Agricultura, ganadería, caza, silvicultura y pesca",1.921920462526394,0.009109069620554614,0.3075745814227113,0.31668365104326596
2018,Minería y extracción,-0.4607984560788481,-0.005323080605005201,1.062108295250039,1.0567852146450336
2018,Industrias manufactureras,2.166871414412075,0.007094395641702486,0.4401615037516677,0.4472558993933702
2018,"Electricidad, gas y agua",3.226174482023847,0.02185847067276908,1.151883994001252,1.173742464674021
2018,Construcción,-2.2740901075883,0.01665994406243319,-0.3210740522134609,-0.3044141081510277
2018,"Comercio, hoteles y restaurantes",2.095451548741156,0.05610299504403048,0.1700468274536337,0.2261498224976642
2018,"Transporte, almacenamiento y comunicaciones",2.910502507226109,0.5236844568369552,0.1989668133560453,0.7226512701930005
2018,"Intermediación financiera, actividades inmobiliarias, empresariales y de alquiler",3.431698688602935,0.119380184464463,1.88407329477716,2.0034534792416228
2018,"Actividades de servicios sociales, comunales y personales ",4.484158709186392,0.0,0.0,0.0
2018,Total de la economía,2.24346944203088,0.07576809127274027,0.5101040964060373,0.5858721876787776
2019,"Agricultura, ganadería, caza, silvicultura y pesca",3.377299599853512,0.01072041119170867,0.4939276074846805,0.5046480186763892
2019,Minería y extracción,1.781628376146926,0.2640365632207899,1.148965334836366,1.413001898057156
2019,Industrias manufactureras,1.048017564674986,0.01215207768249581,0.4845524738015937,0.49670455148408954
2019,"Electricidad, gas y agua",3.278873618006006,0.01429377923344543,0.7357553489480763,0.7500491281815217
2019,Construcción,-2.965465176324322,0.01879941249127028,0.2931885241209364,0.31198793661220664
2019,"Comercio, hoteles y restaurantes",2.919909100467954,0.1855535849522959,0.2669032264878783,0.4524568114401742
2019,"Transporte, almacenamiento y comunicaciones",1.834649449113712,0.3817843105276336,0.2896594504052167,0.6714437609328503
2019,"Intermediación financiera, actividades inmobiliarias, empresariales y de alquiler",3.423022509146811,0.1454937496167698,1.59680465256625,1.74229840218302
2019,"Actividades de servicios sociales, comunales y personales ",6.247624287490883,0.0,0.0,0.0
2019,Total de la economía,2.49828693451361,0.1006615339650932,0.558284917736616,0.6589464517017092
2020,"Agricultura, ganadería, caza, silvicultura y pesca",2.572923352608303,0.008160571124268944,0.2955978757911717,0.3037584469154406
2020,Minería y extracción,-14.51975404382742,0.1806413682994542,0.03996953896792903,0.22061090726738325
2020,Industrias manufactureras,-7.016095894799079,0.008355770161260524,0.1942481815914604,0.20260395175272092
2020,"Electricidad, gas y agua",-1.700895896874943,0.006362299906970988,0.06750100713902944,0.07386330704600043
2020,Construcción,-31.16413547168166,0.01138035218125807,-0.5172712618249287,-0.5058909096436706
2020,"Comercio, hoteles y restaurantes",-11.51822752059282,0.1247380287264361,-0.003102272493320607,0.1216357562331155
2020,"Transporte, almacenamiento y comunicaciones",-17.14479078426239,0.2503354064990749,-0.06849168554456057,0.1818437209545143
2020,"Intermediación financiera, actividades inmobiliarias, empresariales y de alquiler",-0.7989009277815207,0.1070208053042774,0.8802541294779025,0.9872749347821799
2020,"Actividades de servicios sociales, comunales y personales ",-4.372590210361071,0.0,0.0,0.0
2020,Total de la economía,-8.554652568163663,0.06696808195109517,0.1565391949850127,0.2235072769361079
2021,"Agricultura, ganadería, caza, silvicultura y pesca",3.596780554619627,0.01010108283337147,0.3749823748421476,0.38508345767551905
2021,Minería y extracción,0.01574823819838755,0.3130094821793894,0.575129309995141,0.8881387921745304
2021,Industrias manufactureras,12.66967005444508,0.0114942313821583,0.2974090990186732,0.3089033304008315
2021,"Electricidad, gas y agua",5.357630574668537,0.007456846655686277,0.4650817995216699,0.4725386461773562
2021,Construcción,6.667275989432397,0.009455356809696693,-0.1333592377288917,-0.12390388091919499
2021,"Comercio, hoteles y restaurantes",17.95562087948381,0.1355630248671731,0.1467042878740933,0.2822673127412664
2021,"Transporte, almacenamiento y comunicaciones",16.46633731419769,0.3846556649525248,0.2232293389760361,0.6078850039285609
2021,"Intermediación financiera, actividades inmobiliarias, empresariales y de alquiler",5.112681527491425,0.1292866518165314,1.413669048167764,1.5429556999842955
2021,"Actividades de servicios sociales, comunales y personales ",12.4950814029722,0.0368348222507229,0.0599293256229525,0.0967641478736754
2021,Total de la economía,10.57476198098776,0.0953282443030792,0.3971533851260498,0.492481629429129
2022,"Agricultura, ganadería, caza, silvicultura y pesca",1.689640719001151,0.01561063681956803,0.1550582956212697,0.1706689324408377
2022,Minería y extracción,2.047737052456622,0.4930424848718275,1.33598535010325,1.829027834975077
2022,Industrias manufactureras,7.576710835337686,0.01774290706326141,0.6110242747181867,0.6287671817814481
2022,"Electricidad, gas y agua",3.989417645527116,0.009920361850012653,0.3899401336285966,0.3998604954786092
2022,Construcción,7.408015614248242,0.01250687223036943,0.1448052598409838,0.1573121320713532
2022,"Comercio, hoteles y restaurantes",13.55094582646528,0.3032829241186138,0.5391485253394301,0.8424314494580439
2022,"Transporte, almacenamiento y comunicaciones",18.48385113417832,0.6550529025074621,0.4993630076088714,1.154415910116334
2022,"Intermediación financiera, actividades inmobiliarias, empresariales y de alquiler",5.652919726788319,0.1811737650408397,1.383241378736016,1.564415143776856
2022,"Actividades de servicios sociales, comunales y personales ",6.713881064685001,0.06680476797507824,0.1844429947301694,0.2512477627052476
2022,Total de la economía,8.048415621681285,0.1705287265377194,0.5998402734381371,0.7703689999758565
2023,"Agricultura, ganadería, caza, silvicultura y pesca",1.423165648945179,0.003714185497957261,0.1575606031258528,0.1612747886238101
2023,Minería y extracción,2.699971856519046,-0.01706142593907069,0.6314449481419342,0.6143835222028635
2023,Industrias manufactureras,-1.164133231868725,0.003376740481322873,0.3566714181970006,0.3600481586783235
2023,"Electricidad, gas y agua",3.10550195373116,0.004382934972073348,0.2662846853962109,0.2706676203682843
2023,Construcción,-2.900427473561251,0.001713916184830608,-0.05753853444716049,-0.05582461826232989
2023,"Comercio, hoteles y restaurantes",-4.812392767027163,-0.0008319240483887226,0.1383851125009143,0.1375531884525256
2023,"Transporte, almacenamiento y comunicaciones",1.03441380324707,0.0801245068523623,-0.01604245564159994,0.06408205121076237
2023,"Intermediación financiera, actividades inmobiliarias, empresariales y de alquiler",3.492018459165624,0.03267311578365056,1.051502722531241,1.084175838314892
2023,"Actividades de servicios sociales, comunales y personales ",5.71208111081063,0.003465375854026464,0.06820735746170878,0.07167273331573525
2023,Total de la economía,0.6911439906250468,0.01146502127152814,0.3087479347063807,0.3202129559779088
2024,"Agricultura, ganadería, caza, silvicultura y pesca",5.127293751259554,0.003039814272624191,0.5039626565443341,0.5070024708169584
2024,Minería y extracción,-2.65111255483319,0.05359964156151936,0.5248741562240646,0.578473797785584
2024,Industrias manufactureras,-2.092910879496568,0.003258864277226386,0.333037480016915,0.3362963442941414
2024,"Electricidad, gas y agua",2.245218958817041,0.002653071538535555,0.4261272379679657,0.4287803095065013
2024,Construcción,-0.9773641581781511,0.002844957914223884,-0.04208255541793308,-0.03923759750370919
2024,"Comercio, hoteles y restaurantes",0.6009751908511163,0.0395228960795561,0.1130193924988097,0.1525422885783658
2024,"Transporte, almacenamiento y comunicaciones",0.4665398270097931,0.09472684500353269,-0.01819224235147631,0.07653460265205639
2024,"Intermediación financiera, actividades inmobiliarias, empresariales y de alquiler",0.8949776529115105,0.03632046027984417,0.9279623011592096,0.9642827614390538
2024,"Actividades de servicios sociales, comunales y personales ",4.13876479256432,0.008258086338160409,0.05942241738454055,0.06768050372270096
2024,Total de la economía,0.8444873596331464,0.02404475493052589,0.3052980628651486,0.3293428177956745
