Fecha,Duración - Deuda interna,Duración - Deuda externa,Duración - Deuda total,Vida media - Deuda interna,Vida media - Deuda externa,Vida media - Deuda total,Cupón promedio (%) - Deuda interna (COP),Cupón promedio (%) - Deuda externa (USD),Cupón promedio (%) - Deuda Total
2001-06-30,,3.6,,5.04,5.7,5.378767340291953,14.860000000000001,9.42,12.067735861836026
2001-07-31,,3.71,,5.06,5.63,5.357428804676884,14.56,8.690000000000001,11.49700511674859
2001-08-31,,3.71,,5.06,6.03,5.574791361422235,14.93037805529922,8.650385758460216,11.597506112813761
2001-09-30,,3.716378656279911,,4.903275153999561,5.995895916692787,5.56278996045403,14.622267850414458,8.729148027333006,11.48167974323044
2001-10-31,,3.101265215944742,,4.873699155405153,5.913371876966496,5.396952828638094,15.706815434887556,8.106900340920815,11.881877637919565
2001-11-30,,3.7888928268773006,,4.870663655634798,6.104509985750989,5.486415002708403,15.179298254518855,8.404045416017745,11.798106480273791
2001-12-31,,3.787212087002569,,4.410641599016643,6.313612327643255,5.334531856564886,13.131749433731876,10.071754654341177,11.646125234526306
2002-01-31,,3.760038521434012,,4.3588932448250235,6.23,5.25257225084205,12.100726928999563,10.913947688730167,11.533896795511849
2002-02-28,,3.7904425730810867,,4.50025603457851,6.177486463672088,5.287277436020476,12.723146691436812,10.167401571803863,11.523892211616158
2002-03-31,,3.8141187033790187,,4.549943350407354,6.150733921232841,5.288989053859614,10.017681428919435,12.418265359657527,11.125972089873068
2002-04-30,,3.8161431849814664,,4.5515760951876,6.075895881879061,5.255747820006285,9.485457594262718,12.920125651079688,11.07212999126546
2002-05-31,,3.827836719077489,,4.622672584003076,6.109904462588215,5.288721265554999,10.901997636016484,11.084512254125364,10.983735811822006
2002-06-30,,3.843356197632428,,4.7,6.12845324751578,5.343774529228481,12.988896019327054,8.278769544156253,10.866138792632317
2002-07-31,,3.713210678786507,,4.641624907661223,6.13755579513352,5.355834506875112,13.258304595872,8.911105330575223,11.182799991366652
2002-08-31,2.668,3.7,3.168440254186052,4.4,6.2,5.272860908464044,12.6,8.799999999999999,10.757293637687019
2002-09-30,2.5,3.6,3.046592679534669,4.4,6.1,5.244734141099034,12.6,8.9,10.761460987019747
2002-10-31,2.4559869386957,3.687167604221504,3.057906828847096,4.455738297792824,6.143025657103326,5.280647143755147,13.182573919787199,8.674885913320145,10.978781133185361
2002-11-30,2.420570634901692,3.7164235265891103,3.051764127696985,4.365981063727466,6.054628195444977,5.188499644350916,13.612568222366999,8.659298017684215,11.199893187022985
2002-12-31,2.2711277865428054,3.926077492794476,3.0842252595970634,3.971287613043079,6.321544037891783,5.125997966388047,14.0277455869863,8.74934551565043,11.434401666285945
2003-01-31,2.2992898352536177,4.184737696384624,3.252613066768988,4.122501798188701,7.044863156867946,5.600110928382607,14.3703236997013,8.785941960459036,11.546739470500517
2003-02-28,2.384189323434281,4.099279685852152,3.2603862953328897,4.186866422937967,7.086503517524736,5.66821883302328,14.056651263206298,8.747635023848964,11.344407025458045
2003-03-31,2.53645576867271,4.124774415974846,3.330678574358889,4.3264358858722325,7.000585160130583,5.6636174035939195,14.6529626598872,8.703018446183366,11.677752745232594
2003-04-30,2.4745731051683135,4.124774415974846,3.3054453592392754,4.225342991440942,7.000585160130583,5.622670518204908,14.513981597281699,8.703018446183366,11.588176109152121
2003-05-31,2.4745731051683135,4.1129205016195565,3.289223670170781,4.1588029288305775,6.849413655406766,5.496680080742799,14.2403034293397,8.592035397014325,11.43176309547274
2003-06-30,2.6076986324505675,4.030273029528308,3.295067979993129,4.1910170797113295,7.075723934877399,5.584869712628283,13.745943150172902,8.615807058046624,11.267128470467485
2003-07-31,2.552882854068959,4.0183317990862495,3.2643657533603316,4.099405811727346,7.2963865198623274,5.651556168746863,13.3144313910269,8.613017066744314,11.031870879052807
2003-08-31,2.432924889754469,3.9574892482726067,3.1718253586338996,4.068060519810269,7.227133103743606,5.599147220381805,13.273108858058,8.854590206641836,11.131614807615083
2003-09-30,2.392431286934047,3.840289266268214,3.1061314735956644,4.004216638328711,7.180300863885726,5.569820404020904,12.9955935647661,8.570790128295492,10.81445212435886
2003-10-31,2.4045995903607857,3.849230262424617,3.1172523046872316,4.024184716311258,7.1473890512964395,5.564896878779429,12.8429338094833,8.585968810600688,10.74292463764957
2003-11-30,2.394562973138739,4.108323978277696,3.2321713024856087,3.984621354044637,7.1648645334413645,5.538979382044744,12.652602815456401,8.986154871359444,10.860610041736294
2003-12-31,2.3322475692128,4.240993924565673,3.2530776504501793,3.9155259295475378,7.234847274268634,5.516854956288457,12.359831300735399,9.104882426819856,10.789557268470356
2004-01-31,2.396496650688312,4.293374596145472,3.309023363279657,3.918565720026945,7.620567738238138,5.699479320596338,12.2009943857583,8.943929633314768,10.63412573278963
2004-02-29,2.4193303494122067,4.3989813300062215,3.348514749796184,3.8681925889077133,7.578594589792831,5.609735766049699,12.2052801422087,8.915874167812088,10.661338938480927
2004-03-31,2.412517229041507,4.170935076875721,3.2177971421205074,3.8294223426591074,7.545096220063791,5.531041523055677,12.1540690806377,8.958828732755968,10.69078612273445
2004-04-30,2.4330944163831183,4.366156228457629,3.3106785581934703,3.834859507419177,7.464941615017497,5.482868107660973,11.8324924226749,8.61112402940861,10.370034368203427
2004-05-31,2.481957175093097,4.354397870425897,3.3511075581587297,3.834859507419177,7.376622717327543,5.478876782995691,11.7786732447844,8.595448860080896,10.301082685977853
2004-06-30,2.594761238746347,4.291158963072706,3.3873606527862314,3.9029828562597126,7.289992211123409,5.485478276712253,12.127637837367,8.595117962060113,10.477156265090478
2004-07-31,2.5458557343674943,4.2113411678344255,3.298295508722936,3.8287396667144504,7.248587238737612,5.373772294268924,12.0242558276946,8.58551934154603,10.470689489789532
2004-08-31,2.5125051400647203,4.278334670847313,3.292897764257427,3.7356040619755078,7.151013261894809,5.2450137200163285,11.8480824173318,8.51031002561215,10.372983654781564
2004-09-30,2.5302588782653768,4.215572770202784,3.2874467943596217,3.7796489964764106,7.158877545250577,5.2978890318154885,12.0240352497941,8.528741338030256,10.453648673236017
2004-10-31,2.4996341442264565,3.9388858753893445,3.142574522044182,3.7442312377069205,7.11975125851321,5.252138485978884,11.9907657066626,8.280345619615288,10.333252402369977
2004-11-30,2.464489581066295,3.6119755416813732,2.976398758616726,3.708108310153177,7.042380192713652,5.1955725892073215,12.1193239210153,8.616539657385722,10.55668396455774
2004-12-31,2.4341177816628843,3.803095939403307,3.0328846395440494,3.6687237460753623,6.9533414391977315,5.1053574895223335,11.9934480336401,8.666074694330137,10.53811372599517
2005-01-31,2.4802521166734293,3.942514542785165,3.099587724980224,3.909921178189058,7.049707628335815,5.239765613996562,12.098721865329901,8.419523042385814,10.540411400395886
2005-02-28,2.533402787837733,3.8460627889426307,3.080273656205759,3.9071624573896027,6.919146357978457,5.161993296936082,11.9026740989812,8.012552778668985,10.282000030520644
2005-03-31,2.5465509811186275,4.076735257770011,3.180904445724271,3.92668579642927,6.8845239462814085,5.1528877034358755,11.77911113629,7.916988691701134,10.178028971978673
2005-04-30,2.5380685600786763,4.3032893237274275,3.2190570427063294,3.852904204835693,7.298485610061004,5.182143754490874,11.7239095528116,8.051733620479443,10.307254158994658
2005-05-31,2.561149420235747,4.103637728500991,3.1548807393397778,3.8658550514157755,7.294900826627945,5.1857560584286135,11.6490078883806,8.19461654625797,10.319350919656706
2005-06-30,2.6533243326458313,4.408992682839791,3.307450849722546,3.9205166722949727,7.336493553792976,5.1932405666808386,11.6019573699853,8.38330084482559,10.40275104936309
2005-07-31,2.6222280346067124,4.482288000864276,3.3140131926301994,3.8572123662253586,7.473389635653251,5.202124793325956,11.5738160910176,8.29752427417261,10.355312336642767
2005-08-31,2.5925544324642305,4.496417660490099,3.302264771057611,3.8297599008025314,7.361782209467127,5.146405294075322,11.584035482697699,8.114659581597955,10.290743029105672
2005-09-30,2.6844294267884683,4.636915565519332,3.3935978911421696,3.868190737670495,7.603702889820233,5.224977535776302,11.664404552288001,7.723914754210803,10.233167196247015
2005-10-31,2.6273930677020543,4.588349970636077,3.317969998489427,3.837210771294652,7.80232800922465,5.233579293358968,11.6812693811933,7.495970922203865,10.207361127567962
2005-11-30,2.667659227695067,4.724731050294119,3.38067112649612,3.8812297471744834,7.785422106183396,5.234481284918234,11.5867222513464,7.509021888079932,10.1733302410077
2005-12-31,2.60397994863585,4.696543070766179,3.3363341079749214,3.817709369332667,7.840321077836984,5.225540934829263,11.4178174630527,7.394980855614897,10.009907187543666
2006-01-31,2.6055098356267035,4.757359302098046,3.346266794126586,3.797876950947711,7.911393420651393,5.213922076926533,11.3414763608545,7.29665308255512,9.949078316294315
2006-02-28,2.6431636519133574,4.751561748675711,3.3518715478884236,3.7792967777073723,7.845363107469551,5.146046879543389,11.223803145229299,7.266762973933911,9.893700628824087
2006-03-31,2.608548409732618,4.86210337907383,3.3449090873988885,3.7633980198522434,7.981267712744825,5.141608637130576,11.0952273772643,7.993839589605624,10.081832965281595
2006-04-30,2.6946197208099245,4.86210337907383,3.4332119382267985,3.874946186633582,7.965186813696236,5.268737499888761,11.3695472423979,7.993839589605624,10.21924034567878
2006-05-31,2.651624090922855,5.001830085677393,3.472627350624994,3.8797475328627438,7.904867275305973,5.285852545194853,11.4116342612062,7.993839589605624,10.217687614555022
2006-06-30,2.6395938008938553,5.001830085677393,3.4680891775585585,3.8778879147142615,7.990927309665063,5.32043375346332,11.3789808881191,7.993839589605624,10.191727126401458
2006-07-31,2.7998867563436063,5.112862362511033,3.6096285281207816,3.9987047163125364,7.990927309665063,5.39632836069962,11.3293195613495,7.948385340198771,10.145699786373582
2006-08-31,2.7241058917514773,5.03488068081266,3.5273701462413793,3.8928405246072604,8.055672072494724,5.339910916629066,11.7403944784647,7.821944298677256,10.378275167953456
2006-09-30,2.8422138396673087,5.301572879904414,3.731754955834274,3.9885610272122056,8.870798220392553,5.754448256835586,11.765353629094498,7.53448229413576,10.235063033828192
2006-10-31,2.7890971195061383,5.24124187512484,3.659638445065986,3.914656549530373,8.809674067883162,5.652447529977748,11.625846265664,7.497090115869341,10.160087426052286
2006-11-30,2.8117568094638585,5.349968553562872,3.7227653865990056,3.966478262905439,9.182986543730967,5.838774298717649,11.6504280696152,7.463436938963689,10.147643740734749
2006-12-31,2.736173293873181,5.349968553562872,3.6716070644419707,3.873940611517488,9.182986543730967,5.773959687641662,11.6467144507102,7.442606354506258,10.142134214851284
2007-01-31,2.754697931484536,5.306991612158938,3.661048865073317,3.918710799886111,9.226550738363178,5.8035901615383105,11.710932460310012,7.468491957556432,10.204389565391452
2007-02-28,2.783157287357445,5.439115791474805,3.6958179767954316,3.932507199525901,9.299057097926282,5.776601948214424,11.7703647108246,7.402437088070052,10.269424154178678
2007-03-31,2.9230475124634365,5.406194677688288,3.7777523251707263,4.131926739050198,9.229288298056575,5.886449997923329,11.573845490415156,7.40750781548358,10.139782736504529
2007-04-30,2.9004666951994906,5.3730479595093,3.729438256111451,4.0848705478082605,9.141966182071126,5.780340994878136,11.655763569719996,7.3943235216919865,10.227049108708092
2007-05-01,2.944891629616001,5.343804429077972,3.6929019644014573,4.1658569479090914,9.054134921491732,5.69008177357345,11.4758043732168,7.4407134302376425,10.21761369291173
2007-06-01,2.915869644599495,5.626593657713143,3.7665071702396977,4.094333869896299,9.777076000897019,5.877604199808385,11.350393623237888,7.275828500440679,10.071776553647343
2007-07-01,2.939658361200804,5.540115707314391,3.7506259052916446,4.084028055284629,9.741640597823585,5.848386988492044,11.246007232845477,7.248887894254969,9.999482632740323
2007-08-31,2.852746920868631,5.046789338250261,3.570449523751633,4.0281323460975,9.648047303255927,5.866486773878897,11.084055574704465,7.149717194922822,9.797077313289828
2007-09-30,2.8948269738872803,5.412522329567932,3.691528309322587,4.019891805338007,9.645197781673282,5.79996768841359,10.998514046858984,7.147400450143531,9.77986488086932
2007-10-31,2.83967737053068,5.430734359907296,3.650101589377217,3.9579526489486487,9.583586569196552,5.717524126544893,10.531285917220115,7.11684436673382,9.46332556833726
2007-11-30,2.928324123482255,5.412168324815415,3.7417717689301178,4.071936988731515,9.492891375553276,5.847274821786266,10.541392830228059,6.95749013312509,9.367681045524371
2007-12-31,2.8754609358539236,5.292706570594343,3.6605801392823283,4.004811249943044,9.46807314120552,5.779273788024893,10.59566240364065,6.917280406911691,9.400927246538027
2008-01-31,2.7995191400845565,5.66902710421475,3.70518030403045,3.9845513928102294,10.066646101913802,5.904154698440223,10.609174384151034,6.74847329072368,9.390677314399753
2008-02-29,2.8000555558296876,5.62881876042831,3.6519934873155346,3.950973355684463,10.068803054098447,5.793478649155655,10.678425697116795,6.729091517859024,9.489005675690636
2008-03-31,2.6487876901423535,6.147400511482014,3.6812548452534557,3.9417147621698154,10.112289903091888,5.762698245191409,10.573489799929158,6.6848912592308185,9.42593490382989
2008-04-30,2.9378759584845087,6.112504355566685,3.8700471336617737,4.200110701653536,10.049437651447864,5.917657858289986,10.547451220264435,6.7733601218336155,9.43925886059052
2008-05-31,2.9723798730125663,6.139775942665998,3.8798764034103934,4.21240965121312,9.966655418721542,5.861069292835282,10.731696609043484,6.797691852153141,9.60455759992134
2008-06-30,3.0414882247862574,6.172978110957834,3.897652897829894,4.2858035352685775,9.89588281125707,5.893364059743212,11.027405424271137,6.823456508645803,9.79933023449426
2008-07-31,3.059043049993736,6.187743291842768,3.9562909856654462,4.236830606928919,9.830492423423735,5.840979655969653,11.093291683237233,6.697792112345511,9.832751327380802
2008-08-31,3.2316914952097258,6.152945342554419,4.122204920387444,4.44599221071896,9.759215229839334,6.065672210042102,10.983823839374113,6.703890313563365,9.679131244080818
2008-09-30,3.2316914952097258,6.093728274442862,4.159975954947785,4.445992210718961,9.695181068312298,6.148535126341342,10.983823839374113,6.698921760330613,9.594041555534574
2008-10-31,3.2316914952097258,5.827818769866073,4.124915275310424,4.445992210718961,9.824827118073674,6.296634625436839,10.983823839374113,6.619264517451722,9.482153172431444
2008-11-30,3.186348534961553,5.827818769866073,4.079986700304071,4.357378154597547,9.824827118073674,6.20707571933322,11.00112233240103,6.619264517451722,9.518692083216482
2008-12-31,3.159346361509814,5.626666697171345,3.9841655971659247,4.288721044512059,10.135655937079267,6.243337273022693,10.365000596203705,5.905253307954394,8.874117837144798
2009-01-31,3.1580382,5.156547303438369,3.8617751311087165,4.250267125606606,10.159615424352701,6.331131620773184,10.924419903860295,6.20046276431697,9.26096833671368
2009-02-28,3.2707145458146374,5.0462378476171095,3.907194635928622,4.356688214307049,10.11190408714601,6.419787196816204,10.728852397645172,6.186503799226007,9.100535584052263
2009-03-31,3.3601022486244068,5.375773576970525,4.083174640334479,4.522016580167767,10.195831373591497,6.557357746709586,10.666896651933168,6.038606442427439,9.006611651966661
2009-04-30,3.315732423198414,5.760281821806361,4.135579831949609,4.493304565602031,10.34999011375236,6.457506423521487,10.394498760175074,6.166148394656271,8.976404246545354
2009-05-31,3.510488186597752,5.523870515619519,4.16416767367941,4.749898474133265,10.254725119749345,6.537135903562826,10.407061462038614,6.143327605381317,9.022766328274027
2009-06-30,3.463910310482955,5.508512230874476,4.125113651375058,4.707675621006171,10.183421203960707,6.4784757152521,9.843704598210918,6.149730384339795,8.649111133819982
2009-07-31,3.710125537310088,5.471009941015122,4.273763583328744,4.940696734359668,10.142868943092031,6.6058498657140134,9.520775650145271,6.089176745755458,8.422361866071556
2009-08-31,3.665740309001117,5.365849388379775,4.201960103497744,4.840013211949892,10.09428618946408,6.497227569784824,9.2752296053915,6.0124290385098655,8.246131960612042
2009-09-30,3.6712062304977726,5.437987199184086,4.209944887961759,4.91274756316728,10.002191772131098,6.464654895751778,9.443484607150834,5.923901200674189,8.3702697192592
2009-10-31,3.676421056888647,5.582416034833583,4.282023743236065,4.792742322514231,10.796022119088045,6.700198750138313,9.171818928304386,5.997685228592983,8.163283272327105
2009-11-30,3.7158699680357694,5.631201644077404,4.3204277330716945,4.706164434479875,10.734515314649084,6.6089608955604,8.721682424728838,5.898933139589673,7.830706193078296
2009-12-31,3.6564624140409183,5.456623853854786,4.236277767257061,4.695580782438579,10.635895520639057,6.608901228020891,8.622394079650286,6.001192335505726,7.7781292367764765
2010-01-31,3.592106102793559,5.4646300732788715,4.1770466254061995,4.6851699600811525,10.65417215981635,6.54977160001861,8.6563535772949,5.926531051546946,7.803609452242699
2010-02-28,3.6768198815285107,5.449595116930476,4.211648746719627,4.742846853221943,10.844019993449727,6.583510825596681,8.42734795871536,5.943395505536754,7.677963916569162
2010-03-31,3.628332040045068,6.267143568706877,4.4216845627595065,4.773913238122282,10.788153985631585,6.582080671613885,8.469148268060426,6.013614897882457,7.730897895617914
2010-04-30,3.6716878317359423,6.165767538679785,4.484992891055015,4.901135689948438,10.87348344038404,6.7726145875662365,8.536009973999564,5.88817329103138,7.706290961714682
2010-05-31,3.69552160594732,6.1219783099517215,4.452657199840806,4.97788978982466,10.794252600242887,6.79278939363725,8.702711629785888,5.819842422592099,7.803160079698987
2010-06-30,3.7079849811549916,6.1137288067143984,4.439245262460593,4.94360649632854,10.724693065079073,6.700850532706161,8.724810242677238,5.721492719384861,7.811908879863953
2010-07-31,3.7879728993214243,6.09445504467713,4.4613304815859545,4.941744388162353,10.727181248258995,6.631344891630735,8.722140289535158,5.682961586827968,7.834878262623104
2010-08-31,3.7891427416916,6.093419829819921,4.45652578626609,4.948018147900681,10.655118926943889,6.600954035357279,8.728882828126219,5.483574406716736,7.788950809523917
2010-09-30,3.861896731607618,6.075656320119174,4.507149984923602,5.074744157485785,10.595282286678469,6.683837216371895,8.683484328104823,5.4945434794206545,7.753991140170538
2010-10-31,3.826347483105388,6.02584530895719,4.472944622089086,5.005977745337817,10.54673429227671,6.63482106081981,8.672879849320223,5.474358025239627,7.7325947369098476
2010-11-30,3.8679971171816,5.8638203261613,4.46413302394905,4.99243867926288,10.543538988459604,6.650506488821917,8.567958795178129,5.483514845409625,7.646660865283515
2010-12-31,3.773671987913735,5.785464889598929,4.361876149108354,4.725026610330066,10.559996405736866,6.43104392017753,8.378155046033697,5.415625184650972,7.511976230774453
2011-01-31,3.705592367062227,5.837730489476552,4.334686299575281,4.928659327557426,10.56811571347269,6.592598336834172,8.871284594474803,5.392892880886015,7.844974385526178
2011-02-28,3.6734711718510584,5.773933781510364,4.293931462095349,4.877984833651194,10.49993139695936,6.53866404801429,8.825726014581244,5.403732006378584,7.81489564522369
2011-03-31,3.643132394490296,5.596437996133335,4.212398476259766,4.869401313906761,10.447771803490674,6.495146465404159,8.91778257628416,5.682183743582972,7.974808436384937
2011-04-30,3.6069178747027073,5.738307455079788,4.1961845984611506,4.831194783295068,10.350024970158852,6.3569895104219,8.852358223506203,5.590598082037976,7.950577183594759
2011-05-31,3.827295050284495,6.236699049715606,4.513301425359544,4.831194783295068,10.350024970158852,6.402518103103239,8.794519510919988,5.508649369428907,7.8589653799963815
2011-06-30,3.9140118556100205,6.205904793573835,4.556114302416886,5.170768894646404,10.338664112155401,6.618619319523632,8.608509587900388,5.5752059293162555,7.758691662803294
2011-07-31,3.95400842734432,6.302946928179978,4.639464515080201,5.112885144498177,9.961068670045618,6.527659056571669,8.800140108541953,5.414697316863157,7.820787773035147
2011-08-31,3.917755545474806,5.911421397917837,4.488905897464905,5.064138127220813,9.881063821131804,6.444102980516625,8.816316605009536,5.2149565177001405,7.7845900100090155
2011-09-30,4.0489655130530595,5.843867186122163,4.586837494700223,5.300656445993114,9.817167934538972,6.654103835856241,8.906584577832087,5.187869500846857,7.79221008164083
2011-10-31,4.049603773220767,5.714562207113012,4.535897355571711,5.263711111896373,9.712285309597393,6.563030685837167,8.988907842486444,5.185317369325318,7.877972218306679
2011-11-30,3.9815205988025593,5.191324279474544,4.346264737585694,5.713360153671678,9.692836615572526,6.913133917045876,8.976802810215805,5.202045885236798,7.838750012300369
2011-12-01,3.899977344353342,5.492281784401989,4.3744959526475435,5.030502868153181,9.717491761708501,6.427260542704601,8.773367861269875,5.097771140267084,7.678012603296916
2012-01-01,3.9,6.406418687252911,4.629621966887907,5.0,10.984640715689409,6.742137238405512,8.799999999999999,5.134234507337323,7.744687538007558
2012-02-01,3.92486388459774,6.387270346097329,4.612167427524106,5.088775414449499,10.90863300348768,6.713206150322755,8.871621928587032,5.143950590851957,7.831159374029685
2012-03-01,3.92,6.31966004676382,4.592083816433037,5.1380278287448835,10.83543840096083,6.733727788964164,8.992478919060098,5.227677088614275,7.938053570047675
2012-04-01,3.9587431381197664,5.96621111897673,4.518182734499361,5.187035038051865,10.742721372331307,6.735289331569475,8.912709728125597,5.226638380406716,7.885478267071886
2012-05-01,3.9821881869142257,5.859693458372395,4.515159055836054,5.222918358886068,10.700118068018632,6.777741097661961,8.911384959959138,5.239473471925299,7.869032703413136
2012-06-01,4.034591934597687,6.057584657751525,4.603556259030411,5.280948423404605,10.624212697143934,6.783735216939908,8.853775795408367,5.093154388206185,7.796105446965241
2012-07-01,4.13275818827301,5.983514673808803,4.644950749632398,5.312563730412043,10.548203014598252,6.761514749240878,8.847950664686488,5.063591308759512,7.800637997263656
2012-08-01,4.265027514407107,5.908139011347706,4.730487685106392,5.462545539246058,10.479486355914345,6.883743147115422,8.829257380212084,5.082799479813096,7.767961821703532
2012-09-30,4.234941096586933,5.9251343317131635,4.712711625983413,5.4399244926187915,10.389700527895874,6.839088249531901,8.808614582474918,5.029971910155489,7.740497592988
2012-10-31,4.234941096586933,5.889337681588301,4.708432845161433,5.4399244926187915,10.313249575457498,6.834680281989188,8.808614582474918,5.053283311052569,7.733830950604209
2012-11-30,4.119957300993269,5.846252750263722,4.603393211614434,5.268955122091174,10.260598600804606,6.66682691260527,8.703389558664416,5.036309515246967,7.676451683772019
2012-12-31,4.085907677395587,5.863663906357671,4.575116014843829,5.138963818187315,10.36515957114575,6.577124176639017,8.447174607743337,4.986547856343995,7.494868868632304
2013-01-31,4.17540528582575,6.05296554517994,4.7,5.29993661072259,10.5742928781721,6.76,8.46660089506567,5.0280869153916194,7.511833229665872
2013-02-28,4.18303721104684,5.908582919069455,4.660635791609574,5.289853434404609,10.523221080742552,6.73835111709896,8.312686357340263,5.103462203468552,7.4244335029124375
2013-03-01,4.24,5.9421259037175815,4.707887098553692,5.250588308626425,10.454914501529641,6.681174070235568,8.11245025977534,5.057672010595385,7.272740736166042
2013-04-30,4.294555908555882,5.8736269630948925,4.7311978408751845,5.422519931250185,10.373253365594223,6.79148797544047,8.085662405837708,5.023305003330643,7.2388647586771295
2013-05-31,4.267779993533916,5.746770533847151,4.683972102906714,5.482796347467321,10.335201405818804,6.84827681655729,8.15691307654094,5.382996490142245,7.376325125604513
2013-06-30,4.269089956180017,5.642638005841892,4.6579315063965945,5.5532617542802,10.275309442969084,6.890039411180074,8.2534254401691,5.408048109412149,7.44791963167918
2013-07-31,4.319876024819131,5.6132570269838755,4.675986695592204,5.56458932432367,10.231601080447373,6.849572391337466,8.20668848856362,5.26,7.395367452870824
2013-08-31,4.297116453280194,5.479725229083316,4.624422621194527,5.5371423710668495,10.18717544644449,6.824114476903931,8.119369712531274,5.29,7.336295734754823
2013-09-30,4.274829526650397,5.541736918209294,4.631636285957009,5.510453599318594,10.606690097145075,6.945737378989409,8.046894641748818,5.204360795170782,7.2463347138689445
2013-10-31,4.303750263421364,5.512427390095093,4.636318169317379,5.506914107079043,10.464844999522665,6.871090410319558,7.915185957754653,5.213183088585146,7.171728986414701
2013-11-30,4.336237593420899,5.439852584203394,4.645410866409744,5.542166057776283,10.455522073482072,6.9186228596706805,7.787916288634894,5.267083223882895,7.081715108153215
2013-12-31,4.24498281574773,5.418817034985557,4.568471347796764,5.294234471072828,10.495637801210387,6.727651814242176,7.577842850281004,5.138334519226466,6.905556290559973
2014-01-31,4.219961900695475,5.880229433472967,4.699794183134776,5.485213646904607,11.201601753033506,7.185587100117302,7.8808992069852755,5.981661991683106,7.315959863767667
2014-02-28,4.221459896653582,5.5306668283953595,4.611296059459976,5.450219585302906,11.139734277413435,7.14435862629634,7.867814314655078,5.788308141019853,7.248609903490186
2014-03-31,4.314465606098062,5.8798340578907125,4.757256773359141,5.610865682624113,11.039864068409019,7.146550479099513,7.940411178999791,6.013806569522378,7.395438202890473
2014-04-30,4.346175450033628,5.886133657753692,4.770727563803839,5.6522065718154275,10.949240518197081,7.112549422273937,7.965878199245839,6.018534642400295,7.429013744645091
2014-05-31,4.594371788318117,5.9614562827387205,4.9741896972545065,5.957600834745761,10.947902098704585,7.344059242236343,7.943556299807616,6.020966466469792,7.409402007793488
2014-06-30,4.606958710727857,5.824504224366177,4.934870755310972,5.880306746215637,10.878406255081993,7.226405935628844,7.877116057203866,6.030427547679416,7.379761832591127
2014-07-31,4.675204574685944,5.750747624744121,4.962271419734134,5.903106706432969,10.799318300026949,7.209925633658032,8.019032349599478,6.025308477535553,7.486899282662087
2014-08-31,4.640584328101632,5.855844409782397,4.967476539524964,5.863998448707269,10.733756627608802,7.173912305168616,8.01161923936711,6.036036999358423,7.480208344678689
2014-09-30,4.6693372899125025,5.861459604875734,4.99678175245242,5.787100148859307,10.707476613799336,7.138597396107828,7.76663928130704,6.011400174239384,7.284521533129045
2014-10-31,4.679140785162719,5.906094037394079,5.019517158550862,5.729144540462986,10.888207147565753,7.160350674107017,7.785096122695151,5.954710943951387,7.277318122261009
2014-11-30,4.633033814762896,5.890542954461111,4.996416323347019,5.788213271450256,10.8969894689085,7.264496704962914,7.895122619984746,5.936146070787364,7.329037022487101
2014-12-31,4.5280867970029,5.72081302322323,4.897456636460773,5.681577419274098,11.468151073784005,7.473594509860522,7.897990310851852,5.780656807117697,7.242283142551028
2015-01-31,4.52808179300728,6.136295784790456,5.043429646930277,5.866156109013406,12.136345613207103,7.87542149358692,7.9380149629221854,5.748163182672776,7.236282841993627
2015-02-28,4.656505980182938,6.091007304993679,5.124026160386299,5.891663679511468,12.181578863896023,7.941618064081517,7.9671183260118985,5.612906007074002,7.199853947408394
2015-03-31,4.6131847783030775,6.2965293683382235,5.179291622932406,5.941055637713465,12.596705786817793,8.179343108484678,8.022025034840546,5.572564591969713,7.1982743122811135
2015-04-30,4.6427029791570416,6.228274534351311,5.149852997829414,6.044126982952734,12.464507816729814,8.097705863746192,8.059976855490747,5.620805360101625,7.27980022746077
2015-05-31,4.61284956601683,6.153602898785622,5.110011248826041,5.858104935732083,12.475013605311034,7.993212080527979,8.011178634725175,5.620121305292672,7.239645605841343
2015-06-30,4.548612257260424,6.041831797291825,5.038980924603337,6.000852736158828,12.432955715585969,8.113135412400622,8.024299488404182,5.6771171609321405,7.253492089306593
2015-07-31,4.712489594546887,6.065157692795149,5.187675317875594,6.130218387278798,12.415066135440984,8.338054830741013,8.129374373069654,5.595255463181473,7.2391507263705055
2015-08-31,4.577902332636615,5.968963752988345,5.083170553502789,6.08563737137057,12.387939324987158,8.374790710595594,8.212925936343739,5.581429298806256,7.25710069037603
2015-09-30,4.634135639334917,6.322430445804215,5.249642547805639,5.85147970942185,12.250676356240469,8.184454809319586,8.394730474363804,5.458246509631432,7.324167347603905
2015-10-31,4.847943752387966,6.275610472263791,5.363810505948952,6.091160993475576,12.389745917595713,8.367063703539896,8.593037021147746,5.35115918815809,7.42163127927323
2015-11-30,4.829958190257211,6.191593719913733,5.338072767109771,6.102378639603471,12.425337484957161,8.461884901145776,8.81628344368759,5.336172008920828,7.51762803218968
2015-12-31,4.742876954896497,5.894777209958599,5.180378141110568,5.911603415869763,12.50041087063215,8.41408665131209,8.956167045694544,5.3933982457061225,7.602998167268192
2016-01-31,4.6477796209310345,5.862307419159921,5.122270070989833,5.932234086000058,12.437169949602747,8.473575626329941,9.185490914444856,5.268380169231674,7.655158185019681
2016-02-29,4.637595335518748,5.8304251975128265,5.095158646991617,6.106172735042614,12.389953187719598,8.516598131074192,9.2545810037882,5.193422742518605,7.696741883852466
2016-03-31,4.7017883874679836,6.097570026469383,5.214824565499255,5.993728450630047,12.22459482503986,8.283957653557378,9.38863859739235,5.177010448920534,7.8406044721356425
2016-04-30,4.729540576522463,6.069169996667433,5.202039999306845,6.025259787168791,12.13508379824495,8.180250021882536,9.37733223254355,5.210238965825767,7.907560716925621
2016-05-31,4.751835535872034,5.932984301935683,5.179940343207218,6.021961985479518,12.231257414131324,8.272507640307708,9.425581546582384,5.191633163429624,7.890996142173595
2016-06-30,4.987785539984187,6.033737221197133,5.36,6.206739218901271,12.156595631739187,8.3,9.646547426284986,5.075247092398306,8.040722896347091
2016-07-31,5.126309617665224,5.992901343709568,5.441563687211378,6.324180157844073,12.088592666576421,8.421193604090202,9.848593707849892,5.078969793550287,8.11347057662504
2016-08-31,5.106905983318004,5.7820709566695845,5.342332496773893,6.315262795536788,12.008003132708476,8.300291732889756,9.554334091465387,5.117563897113875,8.007255408345873
2016-09-30,5.156797710500839,5.760853901679002,5.363206090452971,6.30952105823114,11.941444024158647,8.233971320292007,9.273734234115764,5.133490341322805,7.858996587190381
2016-10-31,5.075918373182748,5.64212756727147,5.271216015369531,6.203751987243157,11.873115439846014,8.1592365087816,9.007349978342315,5.278559096079891,7.721210376378676
2016-11-30,5.000572995101012,5.395645489361843,5.142228346874387,6.1531743946659825,11.799874009270198,8.177828684410718,8.821177907219818,5.316944671099948,7.564716374287104
2016-12-31,4.98468826882172,5.28214568857767,5.090446946082575,6.157849906210138,11.908332181677759,8.202389254276866,8.745165778822425,5.339710732625701,7.534382664208718
2017-01-31,4.96005583601697,5.856121790226055,5.279302894615591,6.251681455935499,12.7584028136684,8.569872036460955,8.640071748491259,5.186695783442788,7.409715753044467
2017-02-28,4.940219351415641,5.865008589584341,5.262156633400114,6.266406195623662,12.690930495426867,8.502909180041549,8.528585267107882,5.242923923700387,7.384782075244721
2017-03-31,4.982202221234395,5.868118906574138,5.285202257147645,6.26055469801943,12.628244350097688,8.438423368056082,8.347597951403381,5.22225904190186,7.278673731450485
2017-04-30,4.998625908161586,5.836421352010839,5.287670685407633,6.309949670183326,12.558924612124668,8.465885923322661,8.318749370813789,5.1966483185832075,7.241604573946151
2017-05-31,5.182282073076145,5.786686588124426,5.391692981521816,6.517034757208701,12.486539281161425,8.585317396082809,8.183003436402398,5.152622557760059,7.13305295302093
2017-06-30,5.2351848686668845,5.7893716195088905,5.432972960039243,6.616288708200574,12.446602803864488,8.697115605145784,8.017542840257859,5.190809854479911,7.008687754446363
2017-07-31,5.2061036092907695,5.770521566361265,5.46637611679902,6.513077026626297,12.36691743491603,8.69852235800033,7.824359741414271,5.15258440249793,6.889701579082949
2017-08-31,5.103614238631257,5.785236342405714,5.342562964489174,6.449517190866966,12.217948395597023,8.471692350587698,7.96358688920512,5.038274067991551,6.938956500093947
2017-09-30,5.223535215762197,5.769297244631528,5.413981179476453,6.4524238711560535,12.160927592186429,8.444430341027816,7.9882715106398,5.133615638360427,6.9921272940934145
2017-10-31,5.15503027563004,5.721647510714065,5.354691244649197,6.39695911234616,12.085734003679471,8.401533341661663,7.988575847738624,5.1478043495779735,6.98756289761077
2017-11-30,5.084832772522218,5.594089290412374,5.263285858755995,6.320032496696308,12.01968202286915,8.317297161290771,8.009085011912395,5.166398388050421,7.012954018193699
2017-12-31,5.04525219699746,5.662512076723893,5.258883458879874,6.174088907669906,11.943734485336728,8.17094097250445,7.9981721045731,5.110043789371626,6.998602042238465
2018-01-31,5.01415005253625,5.4014807489305285,5.143947413687178,6.211994236536758,11.88001895291557,8.111390948372147,7.854943070079175,5.402534943992579,7.033123095069745
2018-02-28,4.968124755646992,5.308438609807933,5.080864104731288,6.180534275818486,11.806973331445366,8.04446390735754,7.741530707877331,5.5113939034438,7.002729837367173
2018-03-31,5.002507407663947,5.215787558387766,5.072332009889311,6.21193120202495,11.844901084208313,8.05607787969788,7.658346799147264,5.817988814345367,7.055842235056503
2018-04-30,5.032294003665712,5.215936391440608,5.0918232575376425,6.216248149561001,11.773930126079692,8.017818393382786,7.6438412174065915,5.539686252096145,6.961761352112158
2018-05-31,5.023807841476542,5.141068211475918,5.061768199725106,6.241008392770542,11.700473480986776,8.00838513390924,7.637129087971198,5.521344123396432,6.952192180193998
2018-06-30,5.064432709126385,5.1510191438563755,5.092678995501017,6.288492726220535,11.639956208444891,8.034250829249823,7.6365784894011535,5.532705623848768,6.950251634143441
2018-07-31,5.02,5.139515036327646,5.057904322098224,6.21517557943619,11.556062042732577,7.9090434559420775,7.5989512749296635,5.521995931840821,6.940242657779226
2018-08-31,5.449673817906334,5.13354454857174,5.347594511319535,6.191551165992592,11.481044386739159,7.899548028497267,7.6262471084213965,5.498264587790849,6.939113706974524
2018-09-30,5.006743939913443,5.097518456520024,5.035700038993126,6.154154312651828,11.37746098520782,7.820333227044808,7.611077619124204,5.573369819378756,6.961070644142481
2018-10-31,5.2634513867938875,5.272694377172184,5.2665820530281895,6.5482110194066125,11.666555053068178,8.281830355346973,7.633906344229624,5.486949522848436,6.906716879336848
2018-11-30,5.270661836915282,5.423471062502542,5.323127514740962,6.544227915638886,11.60569796520954,8.2820382862141,7.6959152831066415,5.4693278312460025,6.931436440608249
2018-12-31,5.144985783472691,5.565964854697591,5.2869012389251315,6.43999042182896,11.623224858255325,8.23423561099958,7.614741316885971,5.303473283878579,6.7666411763188785
2019-01-31,5.104461277899641,5.7772676132758765,5.2869012389251315,6.40369921759951,12.0581759270784,8.359682531765722,7.598640767371719,5.296078066626135,6.802143681278864
2019-02-28,5.074845373099728,5.984871207575739,5.379364059093733,6.368740785711718,11.98529932446166,8.24818965543897,7.536892852338325,5.32160976382674,6.795600605831152
2019-03-31,5.287983653896504,6.51516710651641,5.699366236780166,6.506409146822467,12.154469535762834,8.399780236633633,7.534931100140178,5.374899237401106,6.810834401388628
2019-04-30,5.401995054372079,6.434886140978723,5.751850575598876,6.683170070566595,12.086235932108025,8.513268565677507,7.550352322873385,5.174993745596289,6.745783163617677
2019-05-31,5.364857534806856,6.497425415005405,5.755716238224843,6.65048479294248,12.023863851251765,8.50488311062737,7.5608320687547055,5.018761928976476,6.683542277826576
2019-06-30,5.416098252173539,6.548423693809572,5.788857304236279,6.61848288112574,11.941524725530689,8.370816582242451,7.593973860850532,4.96078779156962,6.727134781732261
2019-07-31,5.319255282417096,5.975758983906666,5.5358583669729,6.828032219014215,11.869448686709926,8.491368396640723,7.715102539024321,4.903994631953042,6.787621639359474
2019-08-31,5.580469028218882,6.064082010132124,5.743913735673918,6.368740785711718,11.81932403675191,8.210852181070004,7.69895069132721,4.753929974091478,6.703634048516396
2019-09-30,5.4653525217317105,6.862153500767978,5.946788031542529,6.924608203299872,11.745732045233805,8.586305359543271,7.687349834258092,4.650898556222735,6.64077591929328
2019-10-31,5.486945740268896,7.0099195104772045,6.002894086303101,6.558223437885559,11.663929116559078,8.287918624880632,7.700556686495112,4.691806847604608,6.681261716763685
2019-11-30,5.398780769983512,6.5217823429892485,5.785420319797306,6.642021526464773,11.805262026021804,8.419679750919352,7.688112333355039,4.651469697529639,6.642623021600613
2019-12-31,5.454797518196088,6.43663430709102,5.787119060110119,6.595439374317347,11.721187252837174,8.330347311887579,7.61874696679386,4.661001561163703,6.61764115684102
2020-01-31,5.396023332326029,6.520841034516162,5.782788198478721,6.324682677049472,11.8918567623699,8.238937169813243,7.535119377787123,4.604039729890259,6.527277284357763
2020-02-29,5.3511121743548555,7.415367479072713,6.059717656270622,6.301288690519455,12.011569183869593,8.261480364299667,7.521337959642642,4.349379442732194,6.432486600823263
2020-03-31,5.3122485985031,7.43523595873386,6.117912636329872,6.302487108110102,11.883495605536243,8.420454424078073,7.603931656210032,4.120444184865792,6.281964020200596
2020-04-30,5.326221230216603,7.133173220355134,6.018130752339779,6.4176091818640675,11.819173327243314,8.485950613702835,7.448657995950605,3.9994928844394755,6.1279199812971905
2020-05-31,5.401104231497136,6.851248110622984,5.926057381164158,6.4342674569666976,11.768959951062444,8.365430059238081,7.187815285937971,3.9240928661601013,6.0063453721153115
2020-06-30,5.423849143788137,7.008607479297125,6.018987460907276,6.480569513364391,12.1780113407244,8.620180244567893,6.942646182800032,3.9124753760203053,5.804699333666577
2020-07-31,5.56842358099581,7.002327491923392,6.110334129635425,6.645947548546291,12.204162281285418,8.746545205279773,6.822192068278277,3.8784605035320023,5.709677362695627
2020-08-31,5.5442244098117905,7.013031347364357,6.0992555034713245,6.608898408798164,12.128802157347527,8.694753354144286,6.782505104470812,3.8572869543909913,5.677126999614596
2020-09-30,5.757943386638885,7.257906300818921,6.329909536232571,7.113504995745898,12.059398644388995,8.999474121896384,6.812078861982163,3.824676437856083,5.672921989728221
2020-10-31,5.786219983272028,7.2318757652239976,6.330488645022545,7.1857249080777805,11.981515956218123,8.991271434708125,6.736297104475581,3.83488676128505,5.6439577354556585
2020-11-30,5.796131365318866,6.6696946935427714,6.109187196036129,7.53786038075278,11.897901072192328,9.100352894483652,6.642263665940705,3.821247074353673,5.631305829212351
2020-12-31,5.800550393801738,6.117790861529095,5.918183797347121,7.553941381388489,11.212482119004237,8.91053564585364,6.68807092607562,3.69496351107061,5.578220676117743
2021-01-31,5.75248497274763,6.935600172348056,6.208359783377182,7.561163756338632,11.826407499177623,9.204636162248303,6.5448646031523925,3.691881691714708,5.44556079493468
2021-02-28,5.708739059294598,6.340388556536978,5.950663909353585,7.610498823090921,11.756423043673397,9.198408098407667,6.525906722119984,3.688578052657067,5.439195949888528
2021-03-31,5.849292981456003,6.846177789970277,6.235603003230916,7.947674087043642,11.881564609197016,9.4721243748739,6.525082637519571,3.5276139961170525,5.363511946262268
2021-04-30,5.85141662573259,7.164556899201169,6.364528096631734,7.983634666346939,12.654261474444272,9.808688881760993,6.657920734558677,3.694153990296542,5.499824570518743
2021-05-31,5.783819133259582,6.901648382419376,6.215863880361759,8.043057570964242,11.968703402885188,9.560332827395246,7.065347385640408,3.6031076180536865,5.7271801244791485
2021-06-30,5.86541047073688,6.731269747671932,6.201867210728326,8.114773147853985,11.914265090869396,9.591184739002903,7.167210229963901,3.611011175456306,5.7853377103604195
2021-07-31,5.84240535731286,6.562774953302842,6.122555250937701,8.081032772033446,11.834383789059535,9.5407013838264,7.2757741728643355,3.620398158917097,5.854207789209859
2021-08-31,5.92661556355865,6.617873492316636,6.195980286173908,8.253537300379614,11.75811051879214,9.619175730825827,7.422535074868396,3.6218875247432543,5.941524397801358
2021-09-30,5.828052354379176,6.41763843021353,6.055150555823127,8.319130323401632,11.669762458754857,9.609734974405647,7.449229599651172,3.6462706406176064,5.984396600433043
2021-10-31,6.016062574331727,6.808389850122062,6.322171179336134,8.39868550079483,11.826623677161518,9.72303896592359,7.505606560416825,3.721789521933442,6.043762458070717
2021-11-30,5.968116242147117,6.226730912184999,6.071322784626076,8.446912358810351,11.756761892061922,9.767789192295695,7.750241638008119,3.6971483975306767,6.132755129476919
2021-12-31,5.975175319113573,6.2296216524381665,6.077895063132274,8.453248779500548,11.70294384139654,9.765147601288495,7.874056453000683,3.69652270623206,6.187590032004361
2022-01-31,5.871425952275954,6.099136042226962,5.962082661185036,8.429327110341413,11.686748854047735,9.726182839821098,8.337381328380221,3.7313927441308294,6.503629620624575
2022-02-28,5.8237021772593955,6.3735580498650375,6.038111149029185,8.448978837650266,11.605772357922007,9.679928412788174,8.728673404290836,3.7983016999428374,6.806140645728691
2022-03-31,5.8775466173072415,6.4005708044061675,6.074727833966085,8.602757510262471,11.52642943091669,9.704987962784271,8.939485647455216,3.976560825630407,7.06845256965093
2022-04-30,5.842449536651478,6.199591626317023,5.9799130757251175,8.645195705278708,11.482853390690032,9.737406563095686,9.189368982812923,4.07754195874037,7.221833219891963
2022-05-31,5.947474224789104,6.223796646801076,6.052591209578928,8.886491410921089,11.418152895455515,9.849571496225416,9.308573942115132,4.124129649590169,7.336337495022089
2022-06-30,6.013527680014072,6.0428241166271786,6.025110640119969,9.02108351913134,11.355975765187875,9.944232095007754,9.509426723012748,4.172548730006963,7.399380177100248
2022-07-31,5.912785012367128,6.1475868483056315,6.006537263696359,9.036083429730228,11.288944388860623,9.935611263513962,9.738078325654175,4.212891096566574,7.531968055382913
2022-08-31,5.905558447226432,6.012828760144129,5.948652497503804,8.998952663506255,11.236959174206802,9.898034268378723,9.966740882305968,4.344856540704967,7.70824307540199
2022-09-30,5.894026971190334,5.902559570474284,5.897481861003556,9.102090643575277,11.169713801970772,9.939281041225868,10.184754555778014,4.457107158283226,7.865603030104388
2022-10-31,5.83217562616753,5.904030149643995,5.862058503541392,9.046673220880736,11.095519550987797,9.898747950184744,10.4806030912918,4.610940669874634,8.039526400794669
2022-11-30,5.851367314853835,6.063639734264457,5.939759679175484,8.991510700794468,11.006650000483424,9.83063491500722,10.60757370551581,4.617764323286804,8.11335700698639
2022-12-31,5.860621703949205,6.224277233033796,6.012905973780187,9.038545876497462,11.033327871811368,9.873880129198202,10.811983113888289,4.65219959438252,8.232514191894643
2023-01-31,5.8112201010291615,6.22967313902198,5.981609618291598,8.964246133160493,10.986023933307676,9.787492022427761,10.914194065543265,4.7781645975679865,8.415669729404183
2023-02-28,5.8576789714067115,6.16977297432968,5.989755871679277,9.216545614402117,10.997363531865593,9.97018044328563,10.74347089811673,4.937442601134697,8.286383568087308
2023-03-31,6.041395004961126,6.28962122641407,6.14211363923325,9.325702926419552,11.03345890418214,10.018630727292152,10.842365643807403,4.868485746680355,8.418443541531063
2023-04-30,6.082941732134356,6.246992698338526,6.149056321133947,9.354381475107864,10.957988803627254,10.000655263644052,10.706118895214885,4.902643201491516,8.367245683202782
2023-05-31,6.143614541283034,6.234979594291079,6.178790605704969,9.361901386714884,10.898440605208528,9.953477714392411,10.607187418006351,4.95780187108796,8.432141890202075
2023-06-30,6.298530713350623,6.2940503804782635,6.2968618013379825,9.430311769179495,10.814677353419166,9.945984246927079,10.553728185106,5.040397641653625,8.500027302658099
2023-07-31,6.2479801241299135,6.321336469703279,6.274086400533149,9.411209103794947,10.717187916162203,9.875984762750473,10.440848128740035,5.0535451244387755,8.523598568405601
2023-08-31,6.172899986954292,6.264252292351557,6.2059295083119235,9.422139413880384,10.655992210729838,9.868253686842495,10.347121235849349,5.029788437354708,8.424575806155385
2023-09-30,6.026857778245411,6.1190409019769145,6.060256872464274,9.453183859521841,10.73128676338488,9.916256465217618,10.213285993956786,5.115313767203002,8.366227141596527
2023-10-31,6.060254126964476,6.13149755095515,6.085526393230406,9.415877328234828,10.760237643777293,9.892763894722531,10.048910288180341,5.166413680438355,8.316936340247787
2023-11-30,6.108568338442575,6.337242570497177,6.190458969801714,9.376326374378474,11.009681100510072,9.961247764753631,9.948505301696285,5.183262872649056,8.242022207436436
2023-12-31,6.16102632109544,6.400918410393968,6.246050928432317,9.5493,10.915286678356559,9.921320074583514,9.610000000000001,5.097404782258934,8.00048051753445
2024-01-31,6.089310979050275,6.279891989593866,6.1575958384248155,9.26037768688613,10.901045527655583,9.848226247808983,9.315777911947764,5.1617287782073635,7.827389010433808
2024-02-28,6.048235710684178,6.237996984822249,6.115168221369769,9.26037768688613,10.827412496228463,9.813101495246961,9.315777911947764,5.185646414738033,7.8589998004731045
2024-03-31,6.062988611153186,6.227689450182902,6.119912088805862,9.415885461777702,10.797957543581816,9.89355363715821,9.035352310948436,5.0788426541272775,7.667913684894937
2024-04-30,6.006839770145742,6.147061505464862,6.0552537984492805,9.405137626812852,10.88416598795704,9.915798265658953,8.963655127521285,5.2354922007520655,7.6764410943613655
2024-05-31,6.0162633052582954,6.23172489348312,6.08926391993443,9.488782906770966,10.971599692753697,9.991176571092607,8.967642151443531,5.140524853392219,7.670975225810865
2024-06-30,6.080417438433637,6.201994559595788,6.122770001247469,9.665079459189888,10.910215656026732,10.098834663164286,8.964512827483087,5.116955254228572,7.624179035701964
2024-07-31,6.098777226809132,6.160814886625538,6.1203168013374345,9.777200290018898,10.889928673064892,10.163541361028146,8.853783248911142,5.14208295334906,7.565074980746543
2024-08-31,6.197307101300408,6.157430546883577,6.183499142093067,9.928535501903244,10.878411359954379,10.257446745410093,8.616521953722707,5.043356311651799,7.379250425419244
2024-09-30,6.219056647283076,6.073632075200651,6.1691320237853535,10.158715859484305,10.795002993990456,10.377154842468965,8.543061906869607,5.015988930830035,7.332208831242459
2024-10-31,6.224194238084169,5.912187835416484,6.113735669859413,10.123538004966797,10.737208533222606,10.340793700149,8.412510515506018,5.005898183971756,7.206479109032434
2024-11-30,6.133181384245946,6.083158126323122,6.11525091451081,10.178434917267117,11.17006354924365,10.533876923894926,8.349714319023374,5.298730269345868,7.256111474332141
2024-12-31,5.95964294078404,6.007950556995285,5.976668794340592,10.45121418343872,11.159950015875284,10.701005695414361,8.342841270986028,5.006927318653352,7.167109846332255
2025-01-31,5.929174155732955,5.979924166752908,5.945944039800488,10.521846653731123,11.135835620217415,10.724733777887039,8.365398444507255,5.021455895527584,7.260422746022553
2025-02-28,5.952446238354269,6.0184925764363335,5.9737233467357225,10.691758689127054,11.149742385475902,10.839300082444655,8.424662800288523,4.899724885190154,7.289089076818006
2025-03-31,5.835650528972857,5.530451384396314,5.737100246761368,10.470958002384652,11.047936130083919,10.657267034782215,8.38169733247268,4.930009226325814,7.267130522533595
2025-04-30,5.785424283689378,5.414887772668716,5.663927650079918,10.583326945905966,10.87591400414343,10.679264435346958,8.426904930619642,4.802275437537425,7.238411304774239
2025-05-31,5.129572405703656,5.855077157018388,5.361675993345847,10.314617623253572,10.841827497139992,10.483282684299246,8.432659089942439,4.973825235834969,7.326108450347327
2025-06-30,5.2034983056129285,5.842859043999641,5.404401241749923,10.392897484216943,10.746825048084428,10.504110266753777,8.401254959632245,4.942862296411851,7.314542562951772
2025-07-31,5.129572405703656,5.840037165248249,5.352026135385646,10.038975825473527,10.681134229235875,10.240042141634142,8.633788718973522,4.952801930720849,7.481234381891667
2025-08-31,5.1615342446268375,5.580312915233387,5.284035924361547,9.957680949062755,10.279245816604469,10.051745521072773,8.866203645697102,5.164100391615425,7.783259601485209
2025-09-30,5.21608878485182,5.530246246897313,4.515390551639282,9.967095483318527,10.208910444673403,10.03860700289503,8.865653669232518,5.140334862982421,7.763971592783536
2025-10-31,5.1954035208897045,5.467785938093425,5.28033528694535,10.229384174282698,10.092740292289713,10.186777142824852,9.385459803320002,4.856539095089707,7.9732936362641755
2025-11-30,5.102068589504454,5.6621259930667485,5.268555032457133,10.126656345201557,9.968004013880613,10.079494282634812,9.361501437543836,4.580832189014976,7.940367437603239
2025-12-31,5.028691177786776,5.660953682080263,5.216406949558621,10.02195973659022,9.89368888160592,9.983876721425311,9.39135764548482,4.541411771253045,7.951431465060092
2026-01-31,4.915812417382511,5.578355022567034,5.116261508609936,10.061303842230096,9.690034355985237,9.948978037767258,9.473195007193384,4.544440774351422,7.982024025696507
2026-02-28,4.870922635546494,5.524488322171066,5.067700137326362,9.96063684067943,9.5881388617194,9.84848404071166,9.610000000000001,4.379698564068608,8.035245279577477
2026-03-31,4.918078501019334,5.442528939199484,5.068914534023996,10.037735318167789,9.59132857978085,9.909345261409543,9.70627607612142,4.418654153332613,8.185514805276634
2026-04-30,4.911160479937059,5.120065294551547,4.966716890351136,9.98530511235703,8.843218774804559,9.681577228370886,9.783688253513901,4.196982745623523,8.297952730224434
2026-05-31,4.7444564751799625,5.012968891317152,4.810603187050611,10.007140583846395,8.665147234698026,9.676547128707659,9.931051446215802,4.200655825861138,8.519396694985378
