Fecha,COP fija,UVR fija,COP IPC,USD fija,DTF ,Otros,%tasa fija,% tasa variable
2001-06-30,37.89624887435043,25.95871198660263,25.000411389312877,5.369536417849437,3.473940187583395,2.3011511443012393,69.2244972788025,30.775502721197512
2001-07-31,36.91158778391279,25.775351740251523,24.719032962652125,6.883934556224966,3.434841158008481,2.275251798950112,69.57087408038927,30.429125919610716
2001-08-31,37.77990815245211,25.333590287251777,23.861377555011234,7.513149320593131,3.3156653756061334,2.196309309085619,70.62664776029702,29.37335223970299
2001-09-30,38.02343560166204,25.399219725198165,23.29152870483568,7.867225571750964,3.259491124358812,2.15909927219435,71.28988089861117,28.71011910138884
2001-10-31,38.03919396968305,25.86922838584258,22.49936141731936,8.351091879426956,3.152738450935042,2.088385896793028,72.25951423495258,27.740485765047428
2001-11-30,38.876757420117855,25.724589753817824,21.757518656255957,8.564438504000272,3.0538282565699055,2.022867409238202,73.16578567793594,26.834214322064064
2001-12-31,43.90871080151224,23.626549531092326,19.979558758679246,7.814736089172358,2.7936499905317813,1.876794829012048,75.34999642177692,24.650003578223078
2002-01-31,45.518114156314596,23.921847526760672,19.69343449257873,6.321552178590281,2.7634652844451995,1.7815863613105078,75.76151386166555,24.23848613833444
2002-02-28,45.697305800067475,25.517212107904697,18.67239816336009,5.7992689488104965,2.6228696326228524,1.6909453472343925,77.01378685678267,22.986213143217334
2002-03-31,46.341141453906616,25.9134558755467,18.683148376578764,4.791054409716835,2.624827222623561,1.6463726616275431,77.04565173917015,22.954348260829867
2002-04-30,46.79809947386989,25.92501914046828,18.512253521272456,4.776874165281042,2.6008179143756727,1.3869357847326564,77.49999277961922,22.500007220380784
2002-05-31,47.72526247221761,26.430008023082618,17.4653256744785,4.616860384421776,2.4640869060181148,1.2984565397813985,78.77213087972198,21.22786912027801
2002-06-30,48.81214462990957,27.019563619072628,17.166110031448394,3.5161972148314353,2.426426601970844,1.0595579027671234,79.34790546381365,20.65209453618636
2002-07-31,48.470568805284806,27.185627194958673,17.04717500775493,3.8374951564666673,2.421705156239907,1.0374286792950134,79.49369115671013,20.50630884328985
2002-08-31,48.017388715541124,27.23532126135122,16.991728074616347,3.9531973513223657,2.414383504856084,1.3879810923128517,79.20590732821472,20.794092671785283
2002-09-30,47.7240127110368,27.402361410610215,16.954900929662063,4.127440031771675,2.4177432730883193,1.3735416438309391,79.2538141534187,20.74618584658132
2002-10-31,47.92252018163555,27.47825210398191,16.878399200734258,4.038530854333698,2.4120167730986894,1.2702808862158945,79.43930313995115,20.56069686004884
2002-11-30,37.9707200736406,27.527666058469478,19.350106578648933,3.990819259509838,9.939425186838271,1.2212628428928813,69.48920539161992,30.51079460838009
2002-12-31,38.51081827587506,26.71337612711056,18.71705608229942,5.34145152080666,9.596470088224041,1.1208279056842603,70.56564592379227,29.434354076207725
2003-01-31,38.909555325352315,26.76874514166714,18.36152196518174,5.385148815008281,9.471093668485064,1.103935084305453,71.06344928202773,28.936550717972253
2003-02-28,38.76203083407713,28.114400408133587,18.01684294716571,4.626371916705202,9.359191879885305,1.1211620140330751,71.50280315891592,28.497196841084094
2003-03-31,39.062327243662644,28.563325432639108,17.76067181048306,4.6169135687294975,8.964525188341574,1.0322367561441141,72.24256624503124,27.757433754968748
2003-04-30,39.76327725940694,28.484848081355974,17.46837946838222,4.441925230904905,8.83510153266443,1.0064684272855342,72.69005057166783,27.30994942833218
2003-05-31,40.34160744619651,28.417743470788214,17.20034745536342,4.327246738102654,8.754093157032264,0.9589617325169388,73.08659765508739,26.913402344912623
2003-06-30,40.17811118193445,29.026703626044775,16.941113788541944,4.246461211497351,8.687675859816038,0.9199343321654464,73.45127601947658,26.54872398052343
2003-07-31,40.98037103790944,28.838877582686585,16.754941100475822,3.958424416471378,8.593409965937687,0.8739758965190991,73.7776730370674,26.222326962932605
2003-08-31,42.56404017039437,28.796473544738333,16.673018117404506,3.373730624838826,7.701566961924425,0.8911705806995466,74.73424433997153,25.26575566002848
2003-09-30,42.92057790268623,28.741134836516906,16.46685408129195,3.388624637625305,7.6200980673306775,0.862710474548933,75.05033737682845,24.94966262317156
2003-10-31,42.23939821259061,28.736212065655387,16.40568416634302,3.368480347554588,8.405339411531052,0.8448857963253505,74.34409062580059,25.65590937419942
2003-11-30,43.7480050384365,28.41816082154482,15.505435259209346,3.296665546820417,8.251804759082015,0.7799285749068985,75.46283140680174,24.53716859319826
2003-12-31,44.62148707115342,28.2729935444402,15.029629996615283,3.1860146879362503,8.140833461946617,0.7490412379082222,76.08049530352987,23.91950469647012
2004-01-31,44.31144264753315,29.036209522463114,14.789172330243993,3.105231747906773,8.045361864638236,0.7125818872147381,76.45288391790304,23.54711608209697
2004-02-29,45.75998691711165,28.58190029232388,14.452617371268897,2.840381434778396,7.650432388053006,0.7146815964641754,77.18226864421392,22.817731355786076
2004-03-31,47.19045521799376,28.078936471996013,13.96674094628472,2.6850730965502745,7.403044789688307,0.6757494774869294,77.95446478654004,22.045535213459956
2004-04-30,46.96676652999221,28.344170413516874,13.907269594660018,2.6448342682871164,7.37797105143317,0.7589881421106071,77.9557712117962,22.044228788203796
2004-05-31,46.78354933203846,27.447055452714963,13.992316121129289,2.748673130037668,7.3303552003032335,1.6980507637763793,76.9792779147911,23.020722085208902
2004-06-30,46.48229758377141,27.825487090792063,14.071691345992654,2.5114267847697556,7.414501634984114,1.6945955596900024,76.81921145933323,23.180788540666768
2004-07-31,48.01138849843013,27.214238026820993,13.576771123919972,2.3683424784066003,7.2252990123920755,1.6039608600302144,77.59396900365772,22.406030996342263
2004-08-31,48.67720761445304,27.078486115305843,13.303235096369606,2.269769700475605,7.0901558547561265,1.581145618639776,78.02546343023448,21.974536569765508
2004-09-30,50.48349788481633,26.796045220197502,13.121269278850448,2.287345116685852,6.583248402219044,0.7285940972308318,79.5668882216997,20.433111778300322
2004-10-31,50.646349776597475,27.01162431796148,12.874056885250102,2.2441611884539148,6.5090728054776825,0.7147350262593652,79.90213528301288,20.09786471698715
2004-11-30,51.00259609424281,27.277551155826192,13.217201652432362,1.2313580148635819,6.554813876959383,0.7164792056756675,79.51150526493258,20.488494735067412
2004-12-31,52.07885076542681,26.866643084576157,12.718330789965476,1.1654400218045007,6.435873821772818,0.734861516454254,80.11093387180746,19.88906612819255
2005-01-31,53.7203152351885,26.817286433119293,12.13853009660769,1.1140347110248376,6.209135116900471,0.0006984071592077386,81.65163637933263,18.34836362066737
2005-02-28,54.70132611614839,26.72734938913408,11.828563865455589,1.0653388135025499,5.676740217044094,0.0006815987153004901,82.49401431878502,17.505985681214984
2005-03-31,55.19848123031997,26.47383927205162,11.527711175312874,1.0654380050299033,5.733918549771331,0.0006117675142768217,82.7377585074015,17.26224149259848
2005-04-30,56.77251150980855,25.72593178407493,11.016462143737883,1.0058727883749792,5.4785013711044,0.0007204028992486026,83.50431608225847,16.495683917741534
2005-05-31,56.46164772486614,26.039480408403374,11.019086476291443,0.9994646599120386,5.479605511782705,0.0007152187442918067,83.50059279318155,16.49940720681844
2005-06-30,58.51189339583098,24.766411027789808,10.407638917933118,0.9802211490198861,5.333134013903962,0.0007014955222416538,84.25852557264068,15.741474427359323
2005-07-31,58.997936738269985,24.621712764454102,10.223800676717289,0.9531663637627222,5.2027051865146285,0.0006782702812984066,84.57281586648682,15.427184133513217
2005-08-31,60.584979280896626,24.638219014231524,9.3786339237712,0.9433625240589877,4.454134280196661,0.0006709768450157466,86.16656081918713,13.833439180812878
2005-09-30,60.36327297802152,24.8479799071557,9.390273360164212,0.9384488124376202,4.459362499687965,0.0006624425329736508,86.14970169761484,13.85029830238515
2005-10-31,61.5809136967147,24.123692033996953,9.077078308889423,0.9071463736308518,4.310693512857845,0.000476073910223732,86.61175210434251,13.38824789565749
2005-11-30,61.70881598499982,24.21969817486388,8.938839162262516,0.8872494391081107,4.244937851820401,0.00045938694526092937,86.81576359897181,13.18423640102818
2005-12-31,61.938979368680315,23.861531785325692,8.733924101390112,0.8707170137373769,4.147274722338001,0.4475730085285061,86.67122816774338,13.328771832256619
2006-01-31,62.30102298886967,23.79935653475245,8.553832504052473,0.8458330583699859,4.061771971930615,0.43818294202479685,86.94621258199211,13.053787418007886
2006-02-28,63.10767338400917,23.478792979077276,8.35103492618363,0.8189533987903995,3.8163705623197,0.42717474961982527,87.40541976187684,12.594580238123154
2006-03-31,64.03990657487522,23.339430482255278,8.151430810532094,0.3494190655149926,3.725195158799692,0.3946179080227422,87.72875612264548,12.271243877354527
2006-04-30,62.60784750306031,24.415009432586526,8.368447606574628,0.37203116816011156,3.8242330236795965,0.4124312659388143,87.39488810380695,12.605111896193039
2006-05-31,62.239194317330934,24.701495552906483,8.66215093853597,0.388696012337015,3.596293239236327,0.4121699396532679,87.32938588257444,12.670614117425567
2006-06-30,63.523512412335926,23.97385492601879,8.219465856814116,0.399429694339251,3.484080811056938,0.39965629943497216,87.89679703269397,12.103202967306025
2006-07-31,62.26870808332274,24.93496076282143,8.432845461762394,0.3776822269601972,3.5756440187466945,0.41015944638654445,87.58135107310436,12.418648926895633
2006-08-31,62.87589957140295,24.613664511121737,8.255184757868268,0.3653039897252524,3.5008374612048567,0.38910970867693345,87.85486807224994,12.14513192775006
2006-09-30,63.902186546245524,23.920743791077623,8.130376495426296,0.37397444646770805,3.2652325450142134,0.40748617576862767,88.19690478379086,11.803095216209138
2006-10-31,64.07049072859795,23.877594190034454,8.080057915197779,0.3587444708792606,3.2390339981617657,0.37407869712881153,88.30682938951166,11.693170610488355
2006-11-30,64.79907936443192,23.218183400756708,8.031288462461648,0.35453888135629624,3.221879571836727,0.3750303191567067,88.37180164654492,11.628198353455081
2006-12-31,65.02764280065321,23.059882685474957,7.985386472402348,0.3430320794341044,3.2031254308585577,0.38093053117682674,88.43055756556227,11.569442434437732
2007-01-31,66.04501939289615,22.229406920613872,7.861841335744087,0.3408569274063147,3.1533346517909058,0.36954077154866194,88.61528324091634,11.384716759083654
2007-02-28,66.38526484870435,22.240933999640077,7.732187098702872,0.32930543472756235,2.9546741938237244,0.3576344244014243,88.955504283072,11.044495716928022
2007-03-31,64.78185549451347,23.45076517076888,8.00687451171609,0.3304254041710846,3.059729122407342,0.3703502964231421,88.56304606945343,11.436953930546572
2007-04-30,65.03248177520643,23.465720271971506,7.82486922938878,0.31627669734857866,2.9903069765247894,0.37034504955992165,88.81447874452651,11.18552125547349
2007-05-01,65.54305863153135,23.32133420175995,7.624846177496999,0.2819086031292346,2.9139087396477734,0.31494364643468786,89.14630143642053,10.853698563579462
2007-06-30,66.02137148009245,22.93610475241076,7.491552990655916,0.2812902238992424,2.8286800156365848,0.4410005373050246,89.23876645640246,10.761233543597527
2007-07-31,67.31424983939245,21.832911701595783,7.360000689865864,0.2815217452563159,2.775107354800425,0.436208669089157,89.42868328624455,10.571316713755445
2007-08-31,68.10703532958257,21.640354834063608,7.266222531350285,0.30633756587010996,2.2371262378494663,0.4429235012839591,90.05372772951628,9.94627227048371
2007-09-30,67.94251020137656,21.762651191883368,7.317890570334199,0.28722754110802673,2.253063053432913,0.4366574418649135,89.99238893436795,10.007611065632025
2007-10-31,68.42328607794103,21.654925346188968,6.957560664434147,0.2829643297096331,2.2459870675457414,0.43527651418049124,90.36117575383963,9.638824246160379
2007-11-30,67.40531224218202,22.49660128531313,7.098892687971841,0.3032976994120762,2.3361315494315575,0.35976453568937816,90.20521122690722,9.794788773092774
2007-12-31,67.65709850189904,22.349498253904372,7.031038669879989,0.2941735277196153,2.3172036498311104,0.3509873967658731,90.30077028352302,9.699229716476973
2008-01-31,68.51971185484253,21.930808431909593,6.798556143814231,0.2773278223824578,2.269160428690727,0.20443531836047002,90.72784810913457,9.272151890865429
2008-02-29,68.82787695043916,21.92129699386652,6.687093213596754,0.2593280143579096,2.098848033320573,0.205556794419111,91.00850195866359,8.991498041336438
2008-03-31,69.113896685407,21.867537102888218,6.522128445828554,0.250340152502922,2.0505643307080805,0.19553328266522746,91.23177394079815,8.768226059201863
2008-04-30,68.22014530661802,23.106865145755044,6.437393201241445,0.2479285257695043,1.789515821469247,0.19815199914674145,91.57493897814255,8.425061021857433
2008-05-31,68.82948805564004,23.034859102240432,6.016931896106653,0.23854888728553095,1.683942137141338,0.19622992158601607,92.102896045166,7.897103954834008
2008-06-30,68.35317270727404,23.632064456337737,5.8899860832839686,0.2496599749246551,1.6769890114716666,0.19812776670794008,92.23489713853643,7.765102861463574
2008-07-31,68.63594419228868,23.558235149691843,5.75782965532006,0.23885636156439788,1.640738567148441,0.16839607398660067,92.43303570354492,7.5669642964551
2008-08-31,67.2396821533325,24.7131190664848,5.921279320435951,0.26489508285161667,1.6877983540570156,0.17322602283812483,92.21769630266891,7.782303697331091
2008-09-30,67.202065527889,24.875950805258952,5.859576910753216,0.2950833662076119,1.595867398184826,0.17145599170637837,92.37309969935556,7.6269003006444205
2008-10-31,67.8716952520704,24.87757421429187,5.171571002657172,0.31903328004441567,1.590185457893742,0.16994079304240742,93.06830274640667,6.93169725359332
2008-11-30,68.11640560272807,24.82748117558015,5.002418833169911,0.31041878210597823,1.5749617488796812,0.1683138575362036,93.2543055604142,6.7456944395857965
2008-12-31,68.16072124939072,24.84707748935156,4.961755084384338,0.2985012062886333,1.5647250898231182,0.1672198807616447,93.30629994503091,6.693700054969101
2009-01-01,68.56506342654853,24.583518628617938,4.844133781834767,0.3145075466588386,1.5282855228748284,0.1644910934651036,93.46308960182532,6.536910398174698
2009-02-02,68.84876596441981,24.524228745578178,4.736839459459597,0.3260781977326066,1.3793134933219668,0.18477413948785956,93.6990729077306,6.300927092269423
2009-03-03,69.72377884865094,23.80146412433594,4.626338186958547,0.3194253298550384,1.3483652294029502,0.18062828079658624,93.84466830284191,6.155331697158083
2009-04-06,69.94342069633078,23.749137184333986,4.529595740218884,0.27978932977485277,1.3210834601452792,0.17697358919623676,93.9723472104396,6.027652789560401
2009-05-06,69.00602668070333,24.62809774810563,4.584469061253092,0.2648109790277644,1.3374318905253817,0.1791636403848069,93.89893540783673,6.101064592163281
2009-06-06,69.18795571298814,24.576239773612144,4.526704339395769,0.2637432544824775,1.2916376442507622,0.15371927527071472,94.02793874108275,5.972061258917245
2009-07-31,67.93852779333366,25.693513654569877,4.657643581643401,0.2569731474078547,1.2951172420761052,0.15822458096909878,93.88901459531141,6.110985404688606
2009-08-31,67.22523778259432,25.222824141538453,4.532536630404247,0.0,0.8397896740531353,2.179611771409804,92.44806192413277,7.551938075867187
2009-09-30,68.5285979009474,25.492818113304022,4.526110746330098,0.0,0.838974215541337,0.613499023877119,94.02141601425143,5.978583985748554
2009-10-31,67.9116408761908,24.92126165298495,4.43415905041178,0.0,0.8216955892493528,1.9112428311631167,92.83290252917575,7.167097470824249
2009-11-30,67.00666089014072,23.060750621688847,4.276847983289184,0.0,0.793194369174514,4.862546135706733,90.06741151182958,9.932588488170431
2009-12-31,67.36918790747647,22.560829656859223,4.272970906688594,0.0,0.7897291500951759,5.007282378880539,89.9300175643357,10.06998243566431
2010-01-31,68.72534410462828,22.330277857115068,4.184646209305918,0.0,0.6693104655617301,4.090421363388993,91.05562196174336,8.944378038256641
2010-02-28,67.8087315047319,22.568019605852967,4.150719015882109,0.0,0.6647657685315161,4.80776410500151,90.37675111058479,9.623248889415134
2010-03-31,69.20702958553943,22.768241392390117,4.129279704433114,0.0,0.6616907486838447,3.233758568953466,91.97527097792955,8.024729022070426
2010-04-30,68.76695042557479,24.67426233422611,4.117731561049911,0.0,0.4288024488908731,2.012253230258309,93.4412127598009,6.558787240199093
2010-05-31,70.21824560670936,25.08856194545158,4.11969960905587,0.0,0.3082335696406322,0.26525926914255576,95.30680755216095,4.693192447839058
2010-06-30,70.06224488671879,25.11501644925514,4.058403727831716,0.0,0.3037054801808994,0.46062945601346267,95.17726133597392,4.822738664026077
2010-07-31,70.5671004199666,24.889587346009716,3.9904232910604023,0.0,0.2986707689910161,0.2542181739722767,95.45668776597631,4.543312234023695
2010-08-31,70.76699797438829,24.757103142600144,3.9067344201924086,0.0,0.292510080427731,0.27665438239140416,95.52410111698843,4.475898883011544
2010-09-30,73.10349577799616,22.54107142385718,3.9662440104237007,0.0,0.10225614611023971,0.28693264161271825,95.93149984346606,4.068500156533938
2010-10-31,73.4217931024056,22.341051084547573,3.901093024076195,0.0,0.10063721869180255,0.23542557027881944,95.99826975723201,4.001730242767998
2010-11-30,71.39961869687677,22.330232681045672,3.8722002720914945,0.0,0.0999283653956562,2.298019984590412,96.02787136251287,3.9721286374871503
2010-12-31,69.06501942964191,21.42024659799704,3.705672769196511,0.0,0.09566359115170306,5.71339761201287,96.1986636396518,3.801336360348214
2011-01-31,72.68000254676392,22.987537265948184,3.859036466189304,0.0,0.09931563795052231,0.37410808314807326,96.04164789586017,3.958352104139826
2011-02-28,72.74655743499923,23.118774352834013,3.8024953163670396,0.0,0.0,0.3321728957997091,96.19750468363296,3.8024953163670396
2011-03-31,72.94046877751846,22.971309003857183,3.745325211812821,0.0,0.0,0.342897006811524,96.25467478818717,3.745325211812821
2011-04-30,72.97247008946948,23.028037649708843,3.6581073080512074,0.0,0.0,0.34138495277045844,96.3418926919488,3.6581073080512074
2011-05-31,71.4195020778604,24.49674620136617,3.7872411681739258,0.0,0.0,0.29651055259949294,96.21275883182606,3.7872411681739258
2011-06-30,73.34555773559008,25.00202647123636,1.3407371856629788,0.0,0.0,0.3116786075105636,98.65926281433705,1.3407371856629409
2011-07-31,73.42846069934322,24.93069141503546,1.3223503415796756,0.0,0.0,0.31849754404163527,98.35915211437867,1.640847885621311
2011-08-31,73.27855738011473,25.093406591192135,1.2958859726460585,0.0,0.0,0.3321500560470651,98.37196397130687,1.6280360286931237
2011-09-30,73.70662575635461,24.648404930810518,1.291557930494916,0.0,0.0,0.3534113823399437,98.35503068716514,1.6449693128348597
2011-10-31,73.78333935388923,24.615875336567363,1.2790623534135488,0.0,0.0,0.32172295612985263,98.39921469045659,1.6007853095434015
2011-11-30,73.79739250119282,24.559078106442463,1.2721411367017958,0.0,0.0,0.3713882556629261,98.35647060763529,1.6435293923647218
2011-12-01,72.96952510735699,24.196966884003416,1.2584145623612855,0.0,0.0,1.575093446278325,98.74158543763872,1.258414562361276
2012-01-01,74.122738924522,24.235001363695442,1.2600073743341604,0.0,0.0,0.3822523374483836,98.73999262566583,1.2600073743341604
2012-02-01,74.17920316685719,24.195995984564934,1.2363765879566873,0.0,0.0,0.3884242606211874,98.76362341204332,1.2363765879566873
2012-03-01,73.85413106707756,24.522827400737608,1.233906660759077,0.0,0.0,0.3891348714257508,98.76609333924094,1.2339066607590654
2012-04-01,73.2471491294542,25.125996796400035,1.2365389470608468,0.0,0.0,0.3903151270849231,98.76346105293918,1.236538947060828
2012-05-01,74.23675884819083,24.134176389793303,1.2367721004704224,0.0,0.0,0.39229266154544556,98.76322789952958,1.236772100470418
2012-06-01,74.02144419081574,24.355172392197712,1.2332005890482545,0.0,0.0,0.3901828279382864,98.76679941095175,1.2332005890482545
2012-07-01,73.71458917066283,24.682118641615432,1.2176999756387021,0.0,0.0,0.38559221208301836,98.78230002436132,1.2176999756386826
2012-08-01,72.90558771093946,25.466267857312836,1.2345663073765687,0.0,0.0,0.39357812437114115,98.76543369262343,1.234566307376575
2012-09-30,72.99403705771257,25.679083377793212,0.9368744726340321,0.0,0.0006599310639974254,0.38934516079618203,99.06246559630198,0.9375344036980284
2012-10-31,73.60451470576173,25.065409052509004,0.939178328034417,0.00044127785175689327,0.0,0.3904566358430925,99.06082167196557,0.939178328034417
2012-11-30,73.3098292387169,25.384837009555255,0.9215961993278822,0.0,0.00038215687341342837,0.3833553955265303,99.0784038006721,0.9215961993278822
2012-12-31,71.49062746885956,25.052879761577795,0.9107150362845123,0.00017682319393644446,0.00038215687341342837,2.5456009100841674,99.08966712058887,0.9108115484983541
2013-01-31,73.7428699991914,25.0012439691116,0.908293868182092,0.0,0.000176464574896402,0.347415698940005,99.0917061318179,0.908293868182092
2013-02-28,74.50760917983573,24.47344991701436,0.6814881186754298,0.0,0.00017258822323011811,0.33728019625123934,99.31833929310135,0.6816607068986529
2013-03-01,75.76027790068645,20.977226247586135,0.2648891824088656,0.0,0.0001702789490648933,2.997436390369455,99.7351108175911,0.2648891824088656
2013-04-30,77.0811460224774,21.527767775231794,0.266954807847763,0.0,0.0001717233208839797,1.123959671122168,99.73287346883133,0.26712653116866936
2013-05-31,77.68450155330822,21.93043287620155,0.031030612238389186,0.0,0.00016739707888405238,0.3538675611729556,99.96896938776162,0.031030612238389186
2013-06-30,77.38653624066362,22.24567795952873,0.030341514029052677,0.0,0.00016691212798612687,0.3372773736506218,99.96965848597095,0.030341514029052677
2013-07-31,77.48437750270142,22.151187730122714,0.029341065884423277,0.0,0.00016301612250121876,0.3349306851689566,99.97049591799309,0.029504082006917266
2013-08-31,77.66322965854289,21.976606436510192,0.027125848242189374,0.0,0.00015945902875834554,0.3328785976759724,99.97271469272904,0.02728530727094772
2013-09-30,77.62153297899948,22.03114303725641,0.026053408156967793,0.0,0.00015553207157804612,0.3211150435155722,99.97379105977147,0.02620894022854584
2013-10-31,77.46529858718765,22.204968755395,0.02517619095366967,0.0,0.00015266539308419097,0.3044038010705888,99.97467114365323,0.02532885634675386
2013-11-30,76.70481014050372,22.44132365211962,0.023422803964511407,0.0,0.00015445037465323193,0.8302889530375033,99.97642274566084,0.02357725433916464
2013-12-31,74.668759112764,21.616836600490576,0.020985749410167016,0.0,0.00014923245565163975,3.6932693048796086,99.97886501813417,0.021134981865818657
2014-01-31,77.03379793926722,22.592328214769893,0.012992677604458061,0.0,0.0001518171084475082,0.3607293512499621,99.98685550528708,0.01314449471290557
2014-02-28,76.30372500568295,22.786917750077652,0.01249515822297204,0.0,0.00013718497211284751,0.8967249010443172,99.98736765680492,0.012632343195084888
2014-03-31,75.42542358934071,23.505273041024857,0.01177604465423244,0.0,0.00013290927212529946,1.057394415708072,99.98809104607363,0.01190895392636504
2014-04-30,75.6040788268088,24.07040288471504,0.011211352190188652,0.0,0.00013002501806791606,0.3141769112678865,99.98865862279173,0.011211352190188652
2014-05-31,74.28042813442983,25.375387926409037,0.01145967851670474,0.0,0.00013461215833911134,0.33258964848607403,99.98854032148327,0.01145967851670474
2014-06-30,73.4073815568328,24.716403474449823,0.010997555428957187,0.0,0.00013050864888919484,1.8650869046395357,99.98887193592215,0.01112806407784638
2014-07-31,73.16167126322006,25.270746021349826,0.010645912811969685,0.0,0.0,1.5569368026181483,99.98935408718803,0.010645912811969685
2014-08-31,73.32196125016172,25.553136650556464,0.007562420534735596,0.0,0.0,1.1173396787470877,99.99243757946526,0.007562420534735596
2014-09-30,71.21290026524359,25.70709420843761,0.0073796828889840915,0.0,0.0,3.0726258434298432,99.99262031711103,0.0073796828889638455
2014-10-31,71.11189943600205,24.526065788921354,0.006991239125907096,0.0,0.0,4.3550435359506885,99.99300876087409,0.006991239125907096
2014-11-30,72.5073956265041,24.98897664132062,0.006922593184502142,0.0,0.0,2.4967051389907766,99.9930774068155,0.006922593184502142
2014-12-31,72.08673738251687,24.832693019479045,0.006764923592898149,0.0,0.0,3.0738046744111895,99.9932350764071,0.006764923592898149
2015-01-31,74.11908906363851,25.673675647272265,0.006707994782977595,0.0,0.0,0.20052729430623167,99.993292005217,0.006707994782977595
2015-02-28,74.2949630238067,22.86360599723574,0.0064710234055487936,0.0,0.0,2.8349599555520086,99.99352897659446,0.0064710234055487936
2015-03-31,74.84100475176308,23.281995606168653,0.005822295901623454,0.0,0.0,1.8711773461666314,99.99417770409836,0.005822295901623454
2015-04-30,76.00899936998664,23.66163492116462,0.005625755257194605,0.0,0.0,0.32373995359154617,99.9947595196502,0.00524048034985347
2015-05-31,73.85028160665662,23.15730594704743,0.0052068960761754435,0.0,0.0,2.9872055502197696,99.99479310392381,0.0052068960761754435
2015-06-30,75.76078224953487,24.034119810476064,0.004169404646454474,0.0,0.0,0.20092853534259886,99.99583059535354,0.004169404646454474
2015-07-31,74.97805689366473,24.809003534532785,0.004129611920404723,0.0,0.0,0.20880995988207907,99.9958703880796,0.004129611920404723
2015-08-31,74.57376333566305,25.079122361951754,0.004031361170598332,0.0,0.0,0.343082941214595,99.9959686388294,0.004031361170598332
2015-09-30,71.5802621568174,24.908829551377128,0.0038006885862669126,0.0,0.0,3.507107603219209,99.99619931141373,0.0038006885862669126
2015-10-31,69.85518342049679,26.45654625273978,0.003926149981048449,0.0,0.0,3.6843441767823863,99.99607385001894,0.003926149981048449
2015-11-30,68.74189360343608,27.445883884276046,0.0038774885705965957,0.0,0.0,3.8083450237172842,99.9961225114294,0.0038774885705965957
2015-12-31,67.08122425739765,27.214465410576206,0.0036676668317254814,0.0,0.0,5.700642665194418,99.99633233316828,0.0036676668317254814
2016-01-31,67.74014412001317,27.877073940553394,0.003602161387477456,0.0,0.0,4.379179778045941,99.9963978386125,0.003602161387477456
2016-02-29,66.84283930119497,28.480918697068923,0.003462766870860791,0.0,0.0,4.672779234865238,99.99641788722298,0.0035821127770160888
2016-03-31,67.07849302855622,28.92949079616858,0.0033312655135502326,0.0,0.0,3.988684909761628,99.99666873448643,0.0033312655135502326
2016-04-30,67.18924002173638,29.137208222504402,0.0032177585958715876,0.0,0.0,3.6703339971633415,99.9965943549451,0.0034056450547333803
2016-05-31,68.1615026102709,27.633871465358308,0.003087387328585942,0.0,0.0,4.2015385370422,99.99691261267141,0.003087387328585942
2016-06-30,65.81106917120665,28.36445026324974,0.0030391917595554334,0.0,0.0,5.821441373784053,99.99696080824046,0.0030391917595554334
2016-07-31,65.42276237896938,28.883928462453163,0.002965573244830915,0.0,0.0,5.690343585332624,99.99703442675516,0.002965573244830915
2016-08-31,65.92804573534283,28.973108255886665,0.0028899597318247225,0.0,0.0,5.09595604903868,99.99711004026818,0.0028899597318247225
2016-09-30,65.77123854252463,29.18466446897905,0.0027661844862154395,0.0,0.0,5.041330804010111,99.99710539494761,0.00289460505246391
2016-10-31,65.77123854252463,29.18466446897905,0.0027661844862154395,0.0,0.0,5.041330804010111,99.99723381551378,0.0027661844862154395
2016-11-30,65.91507604996434,28.7505911418201,0.001313067426849268,0.0,0.0,5.333019740788725,99.99868693257316,0.001313067426849268
2016-12-31,65.75814008240197,29.015959200692336,0.0012805370722999137,0.0,0.0,5.224620179833402,99.99871946292771,0.0012805370722999137
2017-01-31,66.7572257420015,29.56894432336056,0.0013178072089229669,0.0,0.0,3.6725121274290173,99.99868219279108,0.0013178072089229669
2017-02-28,66.84925815130947,29.679836900736824,0.00123883963008667,0.0,0.0,3.46966610832361,99.99876116036991,0.00123883963008667
2017-03-31,65.96707828427262,29.785849232825072,0.0011711663857772237,0.0,0.0,4.245901316516532,99.99882883361423,0.0011711663857772237
2017-04-30,66.90562729465461,30.064077832477405,0.0010952085843679213,0.0,0.0,3.029199664283619,99.99890479141563,0.0010952085843679213
2017-05-31,69.37983168198768,27.557634452948676,0.0010665853542791222,0.0,0.0,3.0614672797093663,99.99893341464572,0.0010665853542791222
2017-06-30,68.61532561863982,28.292556431545375,0.0010335298204403908,0.0,0.0,3.0910844199943615,99.99896647017957,0.0010335298204403908
2017-07-31,68.2033522513649,28.25721121868619,0.000978411533184157,0.0,0.0,3.5384581184157153,99.99902158846682,0.000978411533184157
2017-08-31,68.35228336971522,28.17204258808656,0.0009220638083884596,0.0,0.0,3.4747519783898424,99.99907793619163,0.0009220638083884596
2017-09-30,68.16302581716234,28.384270356562286,0.0008888118701870069,0.0,0.0,3.4518150144051822,99.9991111881298,0.0008888118701870069
2017-10-31,68.14015888768353,28.42460638200663,0.0008436805928181596,0.0,0.0,3.434391049717022,99.9991563194072,0.000843680592798495
2017-11-30,68.15830147922675,28.44739715411726,0.0008122816608293157,0.0,0.0,3.393489084995169,99.99918771833916,0.0008122816608420049
2017-12-31,66.48941098211787,28.198491922351888,0.0007802020745251655,0.0,0.0,5.311316893455719,99.99918771833917,0.0008122816608224781
2018-01-31,66.630897464658,28.562508388966414,0.0007419174702140485,0.0,0.0,4.805852228905384,99.99925808252979,0.0007419174702140485
2018-02-28,66.61301499615789,28.539907085421035,0.0007023978665564559,0.0,0.0,4.846375520554505,99.99929760213342,0.0007023978665564559
2018-03-31,66.38032656331198,28.93677625024752,0.0006695834620953852,0.0,0.0,4.682227602978417,99.99933041653792,0.0006695834620953852
2018-04-30,65.7007426371714,29.311171210515564,0.0006443543591154708,0.0,0.0,4.9874417979538945,99.99935564564086,0.0006443543591139189
2018-05-31,65.76501626919561,29.504565117536803,0.000606204414752797,0.0,0.0,4.729812408852838,99.99939120492253,0.0006087950774724473
2018-06-30,65.50139826876399,29.81507145556308,0.0004904837040828414,0.0,0.0,4.683039791968854,99.99950951629593,0.0004904837040828414
2018-07-31,65.49438722952151,29.739177610856938,0.00046042940800424583,0.0,0.0,4.765974730213548,99.999539570592,0.00046042940800424583
2018-08-31,65.58513407407315,29.869969866131385,0.00044158260787244383,0.0,0.0,4.544454477187581,99.99955841739212,0.00044158260787244383
2018-09-30,65.63733075005015,29.866303728112637,0.00044158260787244383,0.0,0.0,4.495981422170208,99.99999615900333,0.0003840996669954217
2018-10-31,63.75128170547797,32.02312256891057,0.0003820754363579285,0.0,0.0,4.225213650175117,100.0,0.0
2018-11-30,63.36085851300951,32.38092359464334,0.0,0.0,0.0,4.257835337599793,99.99961744525265,0.00038255474735052344
2018-12-31,62.363059347903935,32.30456032459836,0.00036547562341564575,0.0,0.0,5.331999837138242,99.99963452437659,0.00036547562341564575
2019-01-31,62.669411993125536,32.3396259950106,0.00036547562341564575,0.0,0.0,4.990586895886628,99.99999035964619,9.640353815232316e-06
2019-02-28,62.885379218120086,32.21785238361376,0.0003680364744728432,0.0,0.0,4.896400361791696,99.99963196352553,0.0003680364744728432
2019-03-31,62.67128425992252,32.48322967097999,0.0003410409695576171,0.0,0.0,4.8451450281279484,99.99965895903046,0.0003410409695576171
2019-04-30,64.34019998782615,30.82054636432317,0.00033406827951325176,0.0,0.0,4.838919579571155,99.99966593172049,0.00033406827951325176
2019-05-31,64.24310831451959,30.919624432104335,0.0003295175939468729,0.0,0.0,4.83693773578212,99.99967048240606,0.0003295175939468729
2019-06-30,64.02881752340228,31.00079338077996,0.00031641483296366104,0.0,0.0,4.970072680984782,99.99968358516703,0.00031641483296389843
2019-07-31,63.58953782978332,30.564262727579887,0.0003046910727952827,0.0,0.0,5.845894751563996,100.0,0.0003046910727952827
2019-08-31,63.67305697518913,30.52470244836712,0.0002946195230482922,0.0,0.0,5.801945956920714,99.99970538047695,0.0002946195230482922
2019-09-30,62.332204391089974,31.480341543421826,0.00029849358099272517,0.0,0.0,6.187155571907205,99.999701506419,0.00029849358099272517
2019-10-31,62.53639725346931,31.28920262607356,0.0002933103947727421,0.0,0.0,6.174106810062359,99.99970668960523,0.0002933103947727421
2019-11-30,62.806990914942496,31.07448174313083,0.00028624824880235796,0.0,0.0,6.118241093677888,99.9997137517512,0.00028624824880235796
2019-12-31,62.33526858530474,31.95635584889595,0.00029203148249453835,0.0,0.0,5.708083534316814,99.99970796851751,0.00029203148248642874
2020-01-31,60.66040644448504,30.772792104416624,0.00027247725034592913,0.0,0.0,8.566528973847985,99.99972752274965,0.00027247725034592913
2020-02-29,61.190613403174595,30.657359096515908,0.0002624148032773019,0.0,0.0,8.15176508550622,99.99973758519673,0.0002624148032773019
2020-03-31,60.50170210742646,31.049587410284985,0.0005221956022972555,0.0,0.0,8.448188286686257,99.99947780439771,0.0005221956022972555
2020-04-30,61.369311748241095,31.66791773929153,0.00025182891591275217,0.0,0.0,6.962518683551466,99.9997481710841,0.00025182891591275217
2020-05-31,61.481461040718386,30.739249555880537,0.00023789918674084227,0.0,0.0,7.779051504214331,99.99976210081326,0.00023789918674084227
2020-06-30,62.27316041395422,30.31369010443379,0.0002278649098134202,0.0,0.0,7.412921616702178,99.9997721350902,0.0002278649098134202
2020-07-31,63.29779048353085,29.047911171606387,0.00021043020046021782,0.0,0.0,7.654087914662321,99.99978956979956,0.00021043020046021782
2020-08-31,63.344418911439725,28.91844675914616,0.0002812220743880832,0.0,0.0,7.736853107339724,99.99971877792561,0.0002812220743880832
2020-09-30,63.56563306678784,28.694802631121043,0.00023410271978622317,0.0,0.0,7.739330199371339,99.99976589728023,0.00023410271978622317
2020-10-31,63.683887639603064,28.586431074695085,0.00023997045774938825,0.0,0.0,7.7294413152441175,99.99976002954227,0.00023997045774938825
2020-11-30,63.91051298545296,28.50174366953415,0.0004714574696713169,0.0,0.0,7.587271887543221,99.99952854253034,0.0004714574696713169
2020-12-31,63.94462700799157,28.520859158005717,0.00023573362013377025,0.0,0.0,7.534278100382555,99.99976426637984,0.00023573362013377025
2021-01-31,65.14134239905755,29.00265415528119,0.00023353862042460848,0.0,0.0,5.8557699070408376,99.99976646137958,0.00023353862042460848
2021-02-28,64.84040521994021,28.89224932104968,0.00022023876141545923,0.0,0.0,6.267125220248692,99.99977976123859,0.00022023876141545923
2021-03-31,65.00101611653257,27.87273642542587,0.00021972552900293425,0.0,0.0,7.126027732512571,99.99978027447101,0.00021972552900293425
2021-04-30,64.96534013156393,27.847365610493924,0.00020981946382343875,0.0,0.0,7.187084438478314,99.99979018053618,0.00020981946382343875
2021-05-31,64.93363220949229,27.987607821520026,0.00020618614125312762,0.0,0.0,7.078553782846429,99.99979381385874,0.00020618614125312762
2021-06-30,64.7747913967332,28.373419471132845,0.00020451497220626782,0.0,0.0,6.851584617161739,99.9997954850278,0.00020451497220626782
2021-07-31,64.65607339443036,28.313645536104787,0.000200375328695717,0.0,0.0,7.030080694136158,99.9997996246713,0.000200375328695717
2021-08-31,65.60854598703492,28.727039914644415,0.00020332713196487804,0.0,0.0,5.664210771188696,99.9997996246713,0.000200375328695717
2021-09-30,65.50717317946021,29.101965954840058,0.00019540466022258872,0.0,0.0,5.3906654610395055,99.99980459533977,0.00019540466022258872
2021-10-31,64.9187950346873,29.152872088182647,0.00019532909552506765,0.0,0.0,5.928137548034531,99.99980467090448,0.00019532909552033573
2021-11-30,64.40131469835949,29.87495601546901,0.00019057723205280169,0.0,0.0,5.7235387089394525,99.99980942276795,0.00019057723205280169
2021-12-31,64.05359811064665,30.322090707344568,0.00019051312904827693,0.0,0.0,5.624120668879752,99.99980948687096,0.00019051312904827693
2022-01-31,63.62594759025101,29.968591151565384,0.0001853099515516781,0.0,0.0,6.4052759482320605,99.99981469004845,0.0001853099515527241
2022-02-28,63.539652277878076,30.174153875276343,0.00018105917130115982,0.0,0.0,6.286012787674279,99.9998189408287,0.00018105917129474452
2022-03-31,63.03086335752496,30.63241439296186,0.00017912753138823385,0.0,0.0,6.3365431219817925,99.99982087246862,0.0001791275313881977
2022-04-30,63.01178343194553,30.552989328433,0.00017306091844833803,0.0,0.0,6.435054714817033,99.99982693908154,0.00017306091844833803
2022-05-31,61.373335591974644,30.26618286744305,0.00016809074102065632,0.0,0.0,8.360313449841287,99.99983190925897,0.00016809074102065632
2022-06-30,62.57404781016398,30.979075105630667,0.00016956153375793717,0.0,0.0,6.4467075226715975,99.99983043846626,0.0001695615337399373
2022-07-31,62.38335337232844,30.831079442713705,0.00016508142642866617,0.0,0.0,6.785402103531407,99.99983491857357,0.0001650814264310456
2022-08-31,62.58956506188177,30.85690598818888,0.00016024662658647567,0.0,0.0,6.553368703302772,99.99983975337342,0.00016024662658218404
2022-09-30,62.25642489736328,31.02008064537687,0.0001579313482703067,0.0,0.0,6.723336525911596,99.99984206865172,0.00015793134827827494
2022-10-31,61.866786215679134,31.01079270747404,0.00015563567465735794,0.0,0.0,7.122265441172164,99.99984436432536,0.0001556356746531898
2022-11-30,61.72621464951305,31.17702919620716,0.00015507147361562844,0.0,0.0,7.096601082806191,99.99984492852637,0.00015507147362345237
2022-12-31,60.115562447449534,30.635811431943296,0.00015133703154690135,0.0,0.0,9.248474783575627,99.99984866296846,0.00015133703153511906
2023-01-31,60.22536749095714,30.85945834693779,0.00014680034353000757,0.0,0.0,8.91502736176154,99.99985319965647,0.00014680034352190384
2023-02-28,61.74074679881557,29.1685909915918,0.00014806678318086557,0.0,0.0,9.090514142809452,99.9998519332168,0.00014806678318438939
2023-03-31,60.82325492049374,29.390817690427994,0.00014457379302714206,0.0,0.0,9.78578281528523,99.99985542620698,0.00014457379303058277
2023-04-30,60.40800652934334,29.329992084963685,0.0001418248125532043,0.0,0.0,10.261859560880415,99.99985817518744,0.0001418248125565796
2023-05-31,60.48123878105922,29.481003889228784,0.00013996820963156279,0.0,0.0,10.037617361502354,99.99986003179035,0.0001399682096456005
2023-06-30,60.45369717339103,29.80265550932647,0.00013937941622276174,0.0,0.0,9.743507937866278,99.99986062058376,0.00013937941623674038
2023-07-31,60.53024425801246,29.860992393330633,0.0001381542903999773,0.0,0.0,9.608625194366503,99.99986184570957,0.0001381542904138331
2023-08-31,60.36653946137761,29.955802102681723,0.00013655864570770286,0.0,0.0,9.677521877294971,99.9998634413543,0.00013655864569981773
2023-09-30,60.818992756575426,30.419619957022686,0.00013842828811645003,0.0,0.0,8.761248858113767,99.9998615717119,0.0001384282881033224
2023-10-31,59.75263885403591,30.01740003893541,0.00013519793089235234,0.0,0.0,10.229825909097794,99.9998648020691,0.00013519793090071007
2023-11-30,59.72072686520175,30.02414943415158,0.0001344144648016616,0.0,0.0,10.254989286181871,99.99986558553519,0.0001344144648099709
2023-12-31,60.218666843512295,30.55527864019795,0.00013119595902493338,0.0,0.0,9.225923320330745,99.99986880404099,0.00013119595902140444
2024-01-31,60.37810980557236,30.861070098560283,0.00013077074586063494,0.0,0.0,8.760689325121511,99.99986990900452,0.00013009099549216724
2024-02-28,55.13631152115971,27.976463944307568,0.00012012323829608918,0.0,0.0,16.88710441129443,99.99987311071649,0.00012688928350034615
2024-03-31,59.731709387727406,30.868042287460558,0.00012620300005762345,0.0,0.0,9.400122121811986,99.99987379699995,0.0001262030000542288
2024-04-30,59.33778559021056,30.712665512304614,0.00012797646060598626,0.0,0.0,9.949420921024219,99.99987202353938,0.00012797646061389758
2024-05-31,59.519532067485116,30.759482227813244,0.00012600375805852109,0.0,0.0,9.720859700943581,99.99987399624194,0.0001260037580663105
2024-06-30,59.979573775706484,30.517067186956243,0.0001231828730401244,0.0,0.0,9.503235854464227,99.99987681712697,0.0001231828730284426
2024-07-31,59.63260654293142,30.874116043797788,0.00012262724772398894,0.0,0.0,9.493154786023053,99.99987737275228,0.0001226272477282032
2024-08-31,59.63260654293142,30.874116043797788,0.00012262724772398894,0.0,0.0,9.493154786023053,99.9998791682272,0.00012083177281089822
2024-09-30,60.85343796528666,29.927148374827645,0.00011862536857675798,0.0,0.0,9.219295034517124,99.99988137463141,0.00011862536858878601
2024-10-31,61.00733172659778,29.829913832907906,0.00011791642674014741,0.0,0.0,9.16263652406759,99.99988208357324,0.00011791642675210356
2024-11-30,61.675408211265434,29.026748261912118,0.00011625791540301932,0.0,0.0,9.297727268907048,99.99988374208458,0.00011625791541480729
2024-12-31,60.84834633484949,28.592201938920702,0.0001099207840324886,0.0,0.0,10.55934180544577,99.99989007921597,0.00010992078403397687
2025-01-31,63.18855191048439,29.48309649632503,0.00011107605802753104,0.0,0.0,7.328240517132555,99.99989467195715,0.00010532804284620913
2025-02-28,65.25489239981415,28.023819528634853,0.00010123145936922355,0.0,0.0,6.721186840091622,99.99989876854065,0.00010123145936233789
2025-03-31,65.0,28.000000000000004,0.0,0.0,0.0,7.000000000000001,99.99990044919164,9.955080836166838e-05
2025-04-30,65.50914750105127,27.892991890641365,9.704789839030144e-05,0.0,0.0,6.5977635604089535,99.9999029521016,9.704789839073571e-05
2025-05-31,66.04606293968362,26.903695991157768,9.562371142107234e-05,0.0,0.0,7.050145445447171,99.99990437628857,9.562371142150024e-05
2025-06-30,65.30908254955952,27.11922421367529,9.467736171720053e-05,0.0,0.0,7.571598559403471,99.99990532263828,9.467736171762418e-05
2025-07-31,65.05587814752248,26.654731550745215,9.201224116085707e-05,0.0,0.0,8.289298289491166,99.99990798775885,9.201224116126877e-05
2025-08-31,64.89650387392162,26.597598633488285,9.068436166429147e-05,0.0,0.0,8.505806808228419,99.99990931563832,9.068436167993761e-05
2025-09-30,65.8963071487556,25.81368692241818,8.776690535139756e-05,0.0,0.0,8.28991816192086,99.99990982053976,9.017946024141245e-05
2025-10-31,65.45176300771259,26.015336242406526,8.72976479614236e-05,0.0,0.0,8.533058020959137,99.999912702352,8.72976479911566e-05
2025-11-30,65.8906559254747,25.79251198418709,8.58129103678081e-05,0.0,0.0,8.316746277427836,99.99991418738328,8.581261672878029e-05
2025-12-31,71.9183345996128,27.83877881883165,0.0,0.0,0.0,9.193108770129963e-05,99.99991540970285,8.459029715715031e-05
2026-01-31,66.70411253855738,25.567691117219148,8.434605526318506e-05,0.0,0.0,7.728111998168206,99.99991565394474,8.434605526318506e-05
2026-02-28,67.14471930768734,25.14983122489251,8.196011256439625e-05,0.0,0.0,7.705367507307595,99.99991803988743,8.196011256439625e-05
2026-03-31,66.32066048054523,25.72287379503613,8.179718778829272e-05,0.0,0.0,7.956383927230862,99.99991820281221,8.179718778829272e-05
2026-04-30,66.01202180662315,26.167817955796384,8.166865013856857e-05,0.0,0.0,7.820078568930315,99.99991833134986,8.166865013856857e-05
2026-05-31,66.15518066589301,26.148331740351715,8.037134372383137e-05,0.0,0.0,7.696407222411549,99.99991962865627,8.037134372383137e-05
