Fecha,Concepto,Rama,Enero,Febrero,Marzo,Abril,Mayo,Junio,Julio,Agosto,Septiembre,Octubre,Noviembre,Diciembre
2006,Actividades primarias,"Agricultura, ganadería, caza, silvicultura y pesca; Explotación de minas y canteras",1.8533902602994203,1.8728651986933897,2.7549852978186777,1.2149142257520396,1.7938617460656872,1.0373179878827585,1.7008027871729752,1.7909103549668401,1.9476709640555043,2.2547213311481187,2.5038600807176152,2.206607302148697
2007,Actividades primarias,"Agricultura, ganadería, caza, silvicultura y pesca; Explotación de minas y canteras",-1.525655646527042,0.8213642107925807,1.0673194706145637,1.739410234511567,1.3897745016997476,1.7774243182904854,1.5692101085660113,1.682559810304312,2.1058486591931853,2.030093031518092,2.3628485886490154,2.6642576061491923
2008,Actividades primarias,"Agricultura, ganadería, caza, silvicultura y pesca; Explotación de minas y canteras",12.472351189187506,8.536050383415471,6.451223700768935,6.624927578458056,6.279918952119104,5.724238466752922,5.687411406301138,5.820853388838003,5.281001594661831,5.279138556069782,4.296656567184115,3.9911109785382166
2009,Actividades primarias,"Agricultura, ganadería, caza, silvicultura y pesca; Explotación de minas y canteras",-3.4569539722682947,-0.0553545950572385,3.026027599851915,3.4218732492953734,3.938454533170116,3.945698944252271,4.69231873885127,4.320674801329943,4.579552606041062,4.591110393786948,5.406026843243112,6.167084976694156
2010,Actividades primarias,"Agricultura, ganadería, caza, silvicultura y pesca; Explotación de minas y canteras",8.586903626900266,6.632136762010916,7.575426288729176,7.353648952851216,8.081683130318467,8.409731097220032,7.346901094809127,7.186424560570373,6.756810587274771,6.7151077200658875,6.23350202156972,5.862884160756536
2011,Actividades primarias,"Agricultura, ganadería, caza, silvicultura y pesca; Explotación de minas y canteras",10.245274204561355,9.511371689307197,8.896549267871109,8.473976781123142,8.189286411502522,8.578478726843713,8.723199190700456,9.311603152609166,9.086442470992822,9.136915294136543,9.481765549601832,9.148216678364122
2012,Actividades primarias,"Agricultura, ganadería, caza, silvicultura y pesca; Explotación de minas y canteras",9.763699384785099,8.69640805695417,8.364287381788841,8.008447558727966,7.476453154623883,6.89989504953077,6.410003977013616,5.026997509291675,5.0961918324262285,4.762198333611849,4.591844205497338,4.3701919704444805
2013,Actividades primarias,"Agricultura, ganadería, caza, silvicultura y pesca; Explotación de minas y canteras",7.1141907712284365,4.11365766942555,2.4615116941319855,3.71765901013066,4.490134098413478,4.817198670854879,5.414510248220921,5.762530752154049,5.563674945167648,5.631734496470273,5.629552923269159,6.022044986109904
2014,Actividades primarias,"Agricultura, ganadería, caza, silvicultura y pesca; Explotación de minas y canteras",1.4890111263184025,4.94795501620689,5.367919599016673,2.8433531237444214,1.5762144001450338,1.2255157549666365,0.5537920356915293,0.455913828602732,0.5246653435535507,0.6077665010164992,0.23265366118332054,0.1183331924604829
2015,Actividades primarias,"Agricultura, ganadería, caza, silvicultura y pesca; Explotación de minas y canteras",0.015316831013919341,-1.3323815445778848,-0.6568693168922124,0.6974408049121905,1.1596950910998487,1.0775871670131352,1.1456256989950333,1.206623740616223,1.2479859301817129,1.119742703238174,1.1083531194526728,1.0457999155762536
2016,Actividades primarias,"Agricultura, ganadería, caza, silvicultura y pesca; Explotación de minas y canteras",-4.236456880363519,-0.037810516544610095,-1.2927818711308134,-1.544418869903268,-2.0366556636612074,-1.8971252444762285,-2.5875575040657566,-1.3506507647492327,-0.8016152436694881,-0.6827040433925049,-0.23871321276760682,-0.05952940439262022
2017,Actividades primarias,"Agricultura, ganadería, caza, silvicultura y pesca; Explotación de minas y canteras",2.153590113367315,0.7561813882993107,2.010069624395385,0.47800082433681723,1.0121500141403033,1.6809880954022844,2.3042875300426147,1.9477073294295906,1.609897966426587,1.571958102387768,1.152741469085612,0.8391330699939488
2018,Actividades primarias,"Agricultura, ganadería, caza, silvicultura y pesca; Explotación de minas y canteras",-1.1592284621108178,-1.5725572532050904,-1.5178694307214613,0.06357763138838379,0.21017970945929676,-0.30845902583656937,-0.04290017859958084,-0.14952823040310648,-0.16912008706144377,-0.3012538081968046,-0.06485059369613566,0.138864420655608
2019,Actividades primarias,"Agricultura, ganadería, caza, silvicultura y pesca; Explotación de minas y canteras",3.516984802892864,3.05603857125152,3.0140335931635036,2.2348295111832357,2.453734042668529,1.9397573903051182,1.8798537216442242,1.9269768108723326,1.8694332173727872,2.2535669704062684,2.3211488629276715,2.332584781281355
2020,Actividades primarias,"Agricultura, ganadería, caza, silvicultura y pesca; Explotación de minas y canteras",1.4260682713578774,3.696168186499449,1.360398413825692,-1.7419945948186353,-3.7852904263033906,-4.46940800060537,-4.91234525299933,-5.445972824868392,-5.515421485935761,-5.889115184343396,-6.217006401540942,-5.960459119178779
2021,Actividades primarias,"Agricultura, ganadería, caza, silvicultura y pesca; Explotación de minas y canteras",-9.074633761736479,-9.019498474466587,-3.6573381683083994,0.06864678405591462,-0.09158969550952634,1.0064986385444996,1.3644459646695424,1.4000540843986329,1.920775891050269,2.155647236839499,2.779186196676278,2.7626329429730987
2022,Actividades primarias,"Agricultura, ganadería, caza, silvicultura y pesca; Explotación de minas y canteras",1.9639579567229788,1.9743752451510659,-0.13175997203858003,-0.4701417832861665,1.5004815169875627,1.1912542472811936,1.276849974018262,1.8520059003485017,1.361593313662567,1.0015289023292127,0.486824684852067,0.05964838844698761
2023,Actividades primarias,"Agricultura, ganadería, caza, silvicultura y pesca; Explotación de minas y canteras",2.9245823099444124,1.532611438329809,1.924808327606769,0.7627912728820831,1.095928718739998,1.3284371133458421,1.3835735320832043,1.2728168946169376,1.464408071346341,1.6804163239097818,2.1124481209810853,2.064486440695589
2024,Actividades primarias,"Agricultura, ganadería, caza, silvicultura y pesca; Explotación de minas y canteras",6.079509606153863,6.150137155470631,1.1132321461708017,3.0574676027618466,2.8995509500372236,2.194199168578564,2.9240425180579592,2.8901885684969812,2.612889811326454,2.82850524956622,2.3585562609793556,2.3895646114909965
2025,Actividades primarias,"Agricultura, ganadería, caza, silvicultura y pesca; Explotación de minas y canteras",-1.2835748038814216,-1.5558380345813276,2.028055012644913,0.6924015636967624,0.03001288289767956,0.43626316289487477,0.3218769774148882,0.14930277132438619,0.5782513621829537,0.5996435571554457,0.3287773580325819,-0.006652315197086978
2026,Actividades primarias,"Agricultura, ganadería, caza, silvicultura y pesca; Explotación de minas y canteras",-3.401881126868531,-3.109716515562326,-1.3638534205982893,-1.5154881024489129,-1.0697767665248819,-0.8684745237028011,-1.3082709651748985,,,,,
2006,Actividades secundarias,Industrias manufactureras; Construcción,2.8921328302986353,3.8955502757135605,6.202223847085236,4.220546393308339,5.382120304822706,5.527153581324498,5.99820201609576,6.628626256006086,7.465595195520166,8.010180234840021,8.57991890240595,8.313547969883132
2007,Actividades secundarias,Industrias manufactureras; Construcción,10.44610302083926,9.668145494470124,9.277437436689894,9.448414890383901,9.752145066985292,9.93772603164878,9.725448816412012,9.088509533432969,8.277464049875903,8.206649711377409,7.814191359823752,7.57991880181504
2008,Actividades secundarias,Industrias manufactureras; Construcción,6.124711185523452,7.393850393338084,3.6065792999587813,5.990302235601234,5.302885045006505,5.007337964662881,5.472721655653203,5.064498001112014,4.950177001586724,4.203946250243206,3.142331937745851,2.5481443895631912
2009,Actividades secundarias,Industrias manufactureras; Construcción,-7.486757777961486,-7.46056391966664,-4.126242318684888,-4.868177280080943,-3.7331278590462063,-3.3711196674142627,-3.229513818583655,-3.3893488579738573,-3.384585195788489,-2.9666693675454354,-2.4318130796756208,-2.0534230159650377
2010,Actividades secundarias,Industrias manufactureras; Construcción,1.5631470255041506,1.5054788470417009,1.408936522223911,1.2234464841808972,0.6704108468922954,0.6110282991750751,-0.08792222246466963,0.028800072152066036,0.25171903084233804,0.33453298635124895,0.7820332091184099,1.1658470743316087
2011,Actividades secundarias,Industrias manufactureras; Construcción,5.863598368154243,4.123881965874006,5.0558935284125965,4.634479346332725,5.270124336833206,5.4974728007347835,5.760871531355377,6.551809299443363,6.62838758634858,6.2390130161706026,6.062943827265755,5.763619056536044
2012,Actividades secundarias,Industrias manufactureras; Construcción,4.828249506572789,7.258395600577998,7.019178925217375,6.507146577911044,6.388480832318621,6.131735161672822,5.30635100175374,4.052014465316006,3.1430478109337088,2.8711966371053137,2.6585332757375113,2.336355521456568
2013,Actividades secundarias,Industrias manufactureras; Construcción,1.1084101471510337,-0.023263980427174147,-2.419724740403751,0.10360867692915576,0.8311374520476988,1.1018663308291394,2.294802426539661,3.1613179106706895,3.8811044287021303,4.1237809136075185,4.325429556312102,4.599913494809684
2014,Actividades secundarias,Industrias manufactureras; Construcción,5.779056124140553,7.147636970098731,9.379963693966161,7.142421154383527,6.566334592989051,5.931923461234035,5.686339092978642,5.637487012804556,5.650963515526925,5.530729639951602,5.186609614835902,4.989627914349242
2015,Actividades secundarias,Industrias manufactureras; Construcción,1.6387568525187959,2.299655612493794,2.5314231694017195,2.87183353991027,2.9282228372790655,3.4430816782113283,3.257540917244441,3.1260921492377065,2.9739328884463845,3.0389989542455567,3.3891044272416053,3.603757360132846
2016,Actividades secundarias,Industrias manufactureras; Construcción,6.934155686132243,7.97134763252383,5.939203578202651,5.904224426374199,5.546109218946242,5.254152415199002,3.923565292865135,4.424930014675638,4.320208941355602,3.8432423257410306,3.61629617386194,3.358022188290093
2017,Actividades secundarias,Industrias manufactureras; Construcción,-0.8583179358871433,-2.6477363175116153,-1.2459668510967958,-2.2685226870885487,-2.345240938166583,-2.2605758117118455,-1.562791002026941,-1.8889756836836966,-1.9908769313989865,-1.8766920874142272,-1.9003611125461077,-1.89540921100226
2018,Actividades secundarias,Industrias manufactureras; Construcción,-1.594057044003165,-1.376266131852546,-1.8347602431050092,-0.5306199125255091,-0.7228808643638729,-1.037126840876283,-0.49391193867226946,-0.1046620954512747,0.02191530155965893,0.4630909715602485,0.6050731770650799,0.4286455176550703
2019,Actividades secundarias,Industrias manufactureras; Construcción,1.7532104097546721,1.201788138953603,1.5060587356205701,0.5456223903973552,0.8798125412726279,0.3682857846892347,0.4999987703349973,-0.04279011524536713,-0.599041700955496,-0.6750393127039018,-0.9607726396958327,-0.6906206252916149
2020,Actividades secundarias,Industrias manufactureras; Construcción,1.9028131744125005,0.2401976731221822,-7.574620607554564,-17.242797277343584,-20.773706265293555,-20.624697893839397,-20.000180062059187,-19.54369702735677,-18.888795546831602,-17.799041173638102,-17.196691202636117,-16.577389343106844
2021,Actividades secundarias,Industrias manufactureras; Construcción,-8.437617451195734,-7.644547701264258,1.0373559435266912,12.955788483357196,12.773464676492182,12.862730382461592,12.679577613631722,12.30581442309473,11.997828499361134,11.215006807876676,10.892039964577776,10.733355863467352
2022,Actividades secundarias,Industrias manufactureras; Construcción,9.525544835971672,8.198376376684507,7.101271588061266,7.584910988053622,11.654933019125437,11.147455379598782,10.439610247238448,10.60291084932021,10.004170752449483,9.24489581829981,8.53518623350638,7.745155886521957
2023,Actividades secundarias,Industrias manufactureras; Construcción,2.098445597978511,2.2396718432160725,1.6351640169822446,0.1415665491985294,0.4588424756970113,0.0995523949131325,-0.627747146244289,-1.3949124680771092,-1.644371260689823,-1.9836520293165165,-1.966888429856823,-2.004192185916594
2024,Actividades secundarias,Industrias manufactureras; Construcción,-3.6038872596840292,-1.8997095719239354,-4.231640778792894,-2.4952506134296897,-2.437720386897297,-2.8496851249622495,-2.2838601504291915,-2.095788264383316,-2.2917912053542295,-1.8732196172604176,-1.9263733747802547,-1.8467013097126852
2025,Actividades secundarias,Industrias manufactureras; Construcción,-0.16202126917073656,-2.2144724817846395,-0.5408515947066945,-1.376911836854788,-1.185929556668512,-0.5964729515527551,0.18870013054805668,0.1214811852987765,0.5211475534937335,0.6206469938205856,0.586036187061211,0.522596366355117
2026,Actividades secundarias,Industrias manufactureras; Construcción,-1.5584773928084275,-1.082549432243269,0.23335452334045215,0.6626082861985054,0.7581988498115209,1.167685532963361,0.6423487485957935,,,,,
2006,Actividades terciarias,Actividades terciarias,5.261383957285588,5.537161753872667,6.028340223714636,5.758067718381014,5.806642709533179,5.918460168565005,6.080028146800316,6.15881958398667,6.295276038201763,6.336635435359469,6.431064364252961,6.4309933483957025
2007,Actividades terciarias,Actividades terciarias,6.661153758651906,6.523687986051783,6.612192039793769,6.293702706269272,6.327098223354483,6.4721499317758315,6.5559635278081885,6.6512800965884225,6.702233191245583,6.738299691996147,6.746097707450289,6.753664148867003
2008,Actividades terciarias,Actividades terciarias,4.986427244685117,5.489317731649692,4.789879095152756,4.8276908936133935,4.548433134047798,4.279105704623504,4.091862085142182,3.833283628623292,3.6543089733202123,3.5093635034544803,3.287493502134552,3.0873489565334182
2009,Actividades terciarias,Actividades terciarias,1.0955850260079245,0.6293114172563747,0.9781314331938944,0.899809023233729,1.068191102691742,1.1488516973038259,1.2512739080453343,1.2708404447941035,1.207640904360673,1.1954005102506216,1.2855935327286119,1.4417613636363598
2010,Actividades terciarias,Actividades terciarias,3.4980426366985,3.619240777036552,3.9936284622382914,4.240345921306314,4.352464714237996,4.499632011481339,4.529988144289845,4.686202231725062,4.7781352873931695,4.856492145228742,4.971429561250758,5.1014492753623415
2011,Actividades terciarias,Actividades terciarias,6.564139542342119,6.468405099953344,6.39166821484514,6.401825751553176,6.326280601488236,6.248302812221709,6.225090703781561,6.285072867184354,6.317794565040884,6.300525185599227,6.282799664936476,6.2402242526466125
2012,Actividades terciarias,Actividades terciarias,4.388719194730612,5.166040470582317,5.086629463811576,4.722652328060747,4.6733643905690485,4.733325833531282,4.696129871163919,4.491279634404606,4.398679198881467,4.262900378632068,4.225333908446615,4.212083970805878
2013,Actividades terciarias,Actividades terciarias,4.421123436313707,3.9357570545497396,3.8991527373867427,4.491853084088632,4.6448334959298165,4.706488888386673,4.841676142133778,4.939123007819774,4.9879393172114845,5.1270056790842204,5.2521535731063835,5.346037583272363
2014,Actividades terciarias,Actividades terciarias,5.727946008385004,5.995928745242082,6.185437660171658,5.91892363898485,5.703159005783661,5.629624254056736,5.547911112456006,5.578286152531575,5.54185258658255,5.521414153383077,5.44320506448706,5.394809888580966
2015,Actividades terciarias,Actividades terciarias,4.643539179634516,4.025651072002162,3.910643096415825,3.673958482111601,3.705122482858897,3.7847555582366113,4.1195009801897555,4.221783730830083,4.139940304205524,3.972042610008387,3.677868933063195,3.3880229163008693
2016,Actividades terciarias,Actividades terciarias,1.5411927621039325,2.1976440976941802,2.016917446192849,2.2203426321496096,2.176863565510317,2.228282688089564,1.9272413084848665,1.8648633371545031,1.8739205409270028,1.904276645451958,2.045739888641009,2.25343371889943
2017,Actividades terciarias,Actividades terciarias,1.911615362247204,1.484499889652497,1.825624601012521,1.8492976685382985,1.988059370202393,2.3458099084721766,2.490981058364582,2.586980471580432,2.5243479666916073,2.458825124981317,2.499119898656474,2.566284403199461
2018,Actividades terciarias,Actividades terciarias,2.9705782089010597,3.067174378242214,3.2226754560756206,3.4236586424731996,3.4788966674330624,3.5504391279900887,3.5072804651007203,3.5920660316499493,3.5895980308779656,3.6587401203796333,3.7065169894480334,3.5969813583887458
2019,Actividades terciarias,Actividades terciarias,4.124469054822981,4.314188028471392,4.15020180325314,4.161320221690971,4.368839748094118,4.3511251906929544,4.543276037411744,4.532941468837521,4.491658288351076,4.4521859181896275,4.411781505287138,4.307839557869443
2020,Actividades terciarias,Actividades terciarias,4.201219464977271,4.470050645359393,2.0298627081625398,-2.360973540349434,-4.675825665685906,-5.779371052853165,-6.35786183631059,-6.683595872186501,-6.443433841518896,-6.033513223105587,-5.47055043017572,-4.977781559989765
2021,Actividades terciarias,Actividades terciarias,-0.829768561271294,-1.0257265373289641,2.477817516398261,6.395578825512118,8.129659049203582,9.605259487511205,10.44718586021753,10.911923681758324,11.477633197176743,11.570977257846863,11.543925219615446,11.563074946216673
2022,Actividades terciarias,Actividades terciarias,8.8598893599179,8.202634856224833,8.661666859222876,9.752384019069751,10.889474391433637,10.595543625132024,10.003719838970682,9.804691527436887,9.256224860500552,8.850450932984401,8.011796738440168,7.434902718371035
2023,Actividades terciarias,Actividades terciarias,4.52781313352466,3.6899602277130583,2.960020233936177,2.3585338258087347,1.8676052862091126,2.1260511749749043,2.0095876029744772,2.028784616630432,1.7368634288471299,1.53633702735398,1.8553249553405777,1.816835084652979
2024,Actividades terciarias,Actividades terciarias,2.3299746009184616,2.350347174328874,1.5799546792559767,2.479932659450256,2.569230032360295,1.810971441162863,1.926579380883382,1.8853410823497256,1.8632381758017686,2.0743082163413646,2.0249753881163173,2.258717071676557
2025,Actividades terciarias,Actividades terciarias,3.382228534410899,3.17509573637615,3.4737823064684648,2.907941904634086,3.0845999173865266,3.260564138967382,3.7014851744526993,3.7740510940039655,3.838217484690091,3.8611504355210826,3.8544653811062375,3.6486420166889957
2026,Actividades terciarias,Actividades terciarias,2.4222429900633244,2.5377764255541564,3.323126043774721,3.6613957912520476,4.08475863231979,4.106682764610255,3.8765361923181416,,,,,
2006,Actividades terciarias,"Suministro de electricidad, gas, vapor y aire acondicionado; Distribución de agua; evacuación y tratamiento de aguas residuales, gestión de desechos y actividades de saneamiento ambiental",4.23201216980911,4.608277315044745,5.185567119770212,4.583889705356242,4.922494082487745,4.875399340973274,4.879824142675361,4.797906901543271,4.879957987087977,5.222757143203879,5.371122438524623,5.31977522076528
2007,Actividades terciarias,"Suministro de electricidad, gas, vapor y aire acondicionado; Distribución de agua; evacuación y tratamiento de aguas residuales, gestión de desechos y actividades de saneamiento ambiental",7.217690318669952,6.959437739801501,6.449137958738021,5.81107719986187,5.336511749804387,5.219977146660469,5.0752008717294075,4.947467893764369,4.616020876257124,4.389005489626001,4.2445603598847015,4.22785710656035
2008,Actividades terciarias,"Suministro de electricidad, gas, vapor y aire acondicionado; Distribución de agua; evacuación y tratamiento de aguas residuales, gestión de desechos y actividades de saneamiento ambiental",-0.4800787389381753,0.19291535529062287,-1.6001911260696744,-0.6761061810266824,-0.4789666461678763,-0.3803625303797844,-0.07961425318441684,-0.0408031133296447,0.2374854191416773,0.48464781131953316,0.5631870482791186,0.5265467310223642
2009,Actividades terciarias,"Suministro de electricidad, gas, vapor y aire acondicionado; Distribución de agua; evacuación y tratamiento de aguas residuales, gestión de desechos y actividades de saneamiento ambiental",1.8106461520393253,-0.4276093992145036,0.47239196205212863,0.1432417853501704,0.41899237213702634,0.6772394748035993,0.8906064112191672,1.2142497013779519,1.4819790703736402,1.6752216395887984,1.9854456557307998,2.395848489257446
2010,Actividades terciarias,"Suministro de electricidad, gas, vapor y aire acondicionado; Distribución de agua; evacuación y tratamiento de aguas residuales, gestión de desechos y actividades de saneamiento ambiental",6.636302982969951,7.744328036500178,8.2940657672425,7.9209439911356725,7.396718404523142,7.02362389288578,6.567431604210654,6.245165820430756,5.624806047466095,5.023279110696393,4.428596455742493,3.8933358594230185
2011,Actividades terciarias,"Suministro de electricidad, gas, vapor y aire acondicionado; Distribución de agua; evacuación y tratamiento de aguas residuales, gestión de desechos y actividades de saneamiento ambiental",2.873349852279432,2.156579411578548,2.4430831995861553,2.266679894930789,2.3433091277539404,2.468151233850975,2.5028503487939986,2.6278751415450046,2.7612059803734894,2.727028952624096,2.9476748544953466,3.068155915204045
2012,Actividades terciarias,"Suministro de electricidad, gas, vapor y aire acondicionado; Distribución de agua; evacuación y tratamiento de aguas residuales, gestión de desechos y actividades de saneamiento ambiental",0.7838503490207529,2.5740974203195606,2.1841888059654764,2.139162640833291,2.124567843931672,2.2249321377288283,2.3409169144613884,2.2820048875802286,2.3030262451009946,2.2482149162907064,2.1819667876750373,2.149681528662512
2013,Actividades terciarias,"Suministro de electricidad, gas, vapor y aire acondicionado; Distribución de agua; evacuación y tratamiento de aguas residuales, gestión de desechos y actividades de saneamiento ambiental",3.8890307125028585,2.549231983905358,1.9705816303366248,3.154197979986833,3.407738893313379,3.3359726928005102,3.4445714488988273,3.4517109215169057,3.4849692062583415,3.6195667679572665,3.6662827580441757,3.7065904563954746
2014,Actividades terciarias,"Suministro de electricidad, gas, vapor y aire acondicionado; Distribución de agua; evacuación y tratamiento de aguas residuales, gestión de desechos y actividades de saneamiento ambiental",4.318126015692812,4.346782258942511,4.493540177839634,3.9195962379633897,3.873578878525848,4.08391591371533,4.147321928675169,4.085616246658105,3.967468594911395,3.8155546928670105,3.6000432688877453,3.4363256784969423
2015,Actividades terciarias,"Suministro de electricidad, gas, vapor y aire acondicionado; Distribución de agua; evacuación y tratamiento de aguas residuales, gestión de desechos y actividades de saneamiento ambiental",-0.9959822069507567,-0.6313197164676296,-0.6561546748261549,-1.1520745053387458,-1.3845127896356075,-1.4095593380195766,-1.4372341834231008,-1.3187463684643745,-1.0555305345706074,-0.8659639452135934,-0.7800683738736609,-0.7023775885037082
2016,Actividades terciarias,"Suministro de electricidad, gas, vapor y aire acondicionado; Distribución de agua; evacuación y tratamiento de aguas residuales, gestión de desechos y actividades de saneamiento ambiental",0.7137873953125364,2.2421745353368863,1.108734771231795,0.8472874936149282,0.2224062140006282,0.11469975585549719,-0.2718627448793569,-0.12829560117127414,-0.2051407576707902,-0.28265976828440387,-0.09859965679596883,-0.008130411805325366
2017,Actividades terciarias,"Suministro de electricidad, gas, vapor y aire acondicionado; Distribución de agua; evacuación y tratamiento de aguas residuales, gestión de desechos y actividades de saneamiento ambiental",-0.07230427676772422,-0.7720998269033288,0.5087482590348174,1.163248029052184,1.578805841025769,1.8105159346342532,2.2655206909071524,2.357869724266436,2.5455230441774717,2.6464302927684997,2.77055442174634,2.88653087774928
2018,Actividades terciarias,"Suministro de electricidad, gas, vapor y aire acondicionado; Distribución de agua; evacuación y tratamiento de aguas residuales, gestión de desechos y actividades de saneamiento ambiental",3.585250222369666,2.393536027505405,2.0456188191231774,2.4157776486728437,2.3360939494768047,2.3928146129674133,2.5882826116518913,2.680562082612468,2.595342069685941,2.5511235473848757,2.57595516142959,2.5487019401745954
2019,Actividades terciarias,"Suministro de electricidad, gas, vapor y aire acondicionado; Distribución de agua; evacuación y tratamiento de aguas residuales, gestión de desechos y actividades de saneamiento ambiental",2.700499114799598,3.172996272133304,3.1323433518936525,2.9368686125284,2.9979790226662146,2.896539686526168,2.865715279365702,2.806765331494489,2.750521552316812,2.6440872618225484,2.4958734908160096,2.5200369913685847
2020,Actividades terciarias,"Suministro de electricidad, gas, vapor y aire acondicionado; Distribución de agua; evacuación y tratamiento de aguas residuales, gestión de desechos y actividades de saneamiento ambiental",2.3553741525928586,3.734819656061461,1.8659260700254947,-1.314157402827263,-3.115834429839481,-3.804936071715616,-4.139685091074881,-4.384212014944751,-4.451080076671303,-4.248895783726098,-4.051180762290258,-3.8299631662030578
2021,Actividades terciarias,"Suministro de electricidad, gas, vapor y aire acondicionado; Distribución de agua; evacuación y tratamiento de aguas residuales, gestión de desechos y actividades de saneamiento ambiental",-2.315810028966311,-3.2949864732904217,-1.3739864163217845,1.7398228771862847,2.856472975992915,3.7468735087429366,4.5494000776540275,4.9786754155765465,5.4033307902005845,5.699013320019162,5.816566138650316,5.831086098409301
2022,Actividades terciarias,"Suministro de electricidad, gas, vapor y aire acondicionado; Distribución de agua; evacuación y tratamiento de aguas residuales, gestión de desechos y actividades de saneamiento ambiental",6.559793916086591,5.82860766798612,5.8766608711698325,6.06889232792993,6.923375843238347,6.716061580944327,6.247536185453086,6.005926296206468,5.4619073962253,5.042554008967429,4.800378030995645,4.608737397983617
2023,Actividades terciarias,"Suministro de electricidad, gas, vapor y aire acondicionado; Distribución de agua; evacuación y tratamiento de aguas residuales, gestión de desechos y actividades de saneamiento ambiental",2.8662653530743114,2.6473544489824548,2.3822588407558953,2.125866018223661,2.190559154095851,2.4425614920806,2.2915985939891073,2.5309579884436886,2.8863353756642454,3.0157788022240624,3.0616396100809453,3.155999576375862
2024,Actividades terciarias,"Suministro de electricidad, gas, vapor y aire acondicionado; Distribución de agua; evacuación y tratamiento de aguas residuales, gestión de desechos y actividades de saneamiento ambiental",4.844318597049124,5.728530045581621,5.5511762627137955,5.681152102173655,5.0306846014859445,4.2829048366710225,4.071929958347596,3.698394633749629,3.2563258476061065,3.010342414086381,2.624814637778343,2.4879367578112266
2025,Actividades terciarias,"Suministro de electricidad, gas, vapor y aire acondicionado; Distribución de agua; evacuación y tratamiento de aguas residuales, gestión de desechos y actividades de saneamiento ambiental",-0.06079912312870306,-1.1170285665139517,-1.1122607450553232,-1.1530024641142376,-0.6430654940136549,-0.0933504263240934,0.3908294480307717,0.4870062170426479,0.608979390474147,0.7286961982622415,1.0597008509132877,1.1746771509592975
2026,Actividades terciarias,"Suministro de electricidad, gas, vapor y aire acondicionado; Distribución de agua; evacuación y tratamiento de aguas residuales, gestión de desechos y actividades de saneamiento ambiental",2.400808430945162,1.8769071223302376,2.5983747441839142,2.998054375208838,3.4834517735538526,3.7099314630599167,3.7874084809452597,,,,,
2006,Actividades terciarias,Comercio al por mayor y al por menor; Reparación de vehículos automotores y motocicletas; Transporte y almacenamiento; Alojamiento y servicios de comida,4.981812008839739,4.874266271511615,5.8343562923093515,5.265769388976821,5.513788501370456,5.957174586600473,6.379289412503965,6.663231259045489,7.123348364341055,7.261049542133065,7.599046379044111,7.607665023938637
2007,Actividades terciarias,Comercio al por mayor y al por menor; Reparación de vehículos automotores y motocicletas; Transporte y almacenamiento; Alojamiento y servicios de comida,9.156109760321925,8.589276097097212,9.100589617217508,8.232094642314976,8.350134498565609,8.572510318871451,8.345868283416038,8.211690957440382,8.05329411162559,7.988669125335804,8.083234079175085,8.068446359027945
2008,Actividades terciarias,Comercio al por mayor y al por menor; Reparación de vehículos automotores y motocicletas; Transporte y almacenamiento; Alojamiento y servicios de comida,5.927558352373424,7.554235581580528,6.196083779455904,6.271962175794073,5.622512017535058,5.097336637470789,4.734420788018866,4.442012840594913,4.096999926121583,3.812808461632116,3.4207294150134118,3.0228601914578377
2009,Actividades terciarias,Comercio al por mayor y al por menor; Reparación de vehículos automotores y motocicletas; Transporte y almacenamiento; Alojamiento y servicios de comida,-1.5195204584413489,-1.9169657883274311,-1.6151434793687258,-1.612661892343354,-1.2978364242829485,-1.1359580299752423,-0.673922501899554,-0.5452994093676722,-0.6768316561065291,-0.5244520914608302,-0.3590231243523192,-0.1573095186914344
2010,Actividades terciarias,Comercio al por mayor y al por menor; Reparación de vehículos automotores y motocicletas; Transporte y almacenamiento; Alojamiento y servicios de comida,4.4711758429185835,4.058111500991984,4.51091210427434,4.3161532692726325,4.482753185906759,4.608994288548104,4.574095672837217,4.670761465410294,4.8536076015788865,4.9612710481687685,5.213013038260144,5.345207222195114
2011,Actividades terciarias,Comercio al por mayor y al por menor; Reparación de vehículos automotores y motocicletas; Transporte y almacenamiento; Alojamiento y servicios de comida,6.865651197195618,6.650619109386582,6.545068659615964,7.398444113853017,7.169936058201614,7.21903243376822,7.2966278612656765,7.400256219494736,7.3597366826357415,7.088849595793903,6.96844273253096,6.889184092450364
2012,Actividades terciarias,Comercio al por mayor y al por menor; Reparación de vehículos automotores y motocicletas; Transporte y almacenamiento; Alojamiento y servicios de comida,4.159515526482949,6.301556031414449,6.236832359408311,5.198958136925441,5.044832129117637,5.1519072482778085,4.933309692091697,4.447950932951002,4.263142711466344,4.00242994713355,3.929001452292624,3.815301182830197
2013,Actividades terciarias,Comercio al por mayor y al por menor; Reparación de vehículos automotores y motocicletas; Transporte y almacenamiento; Alojamiento y servicios de comida,4.337874991346126,3.09471090281788,2.6797503935544142,3.6408380222105734,3.882262226727434,3.886510619087602,4.132467562254831,4.388791575241299,4.334543722667021,4.525059123296998,4.724280285904527,4.768402635346121
2014,Actividades terciarias,Comercio al por mayor y al por menor; Reparación de vehículos automotores y motocicletas; Transporte y almacenamiento; Alojamiento y servicios de comida,4.364414538737307,5.0582835858753725,5.489868660240063,5.142407593088393,5.090572895941165,4.826461769904739,4.714257417179795,4.685830556292885,4.753073688550245,4.853701912064466,4.759664923857912,4.7255671239881565
2015,Actividades terciarias,Comercio al por mayor y al por menor; Reparación de vehículos automotores y motocicletas; Transporte y almacenamiento; Alojamiento y servicios de comida,4.299732828346322,3.491936985501269,3.5940711613826437,3.0880609121013265,3.045270029140596,3.2061037851597263,3.241499702647488,3.3068462231262714,3.2824475587725317,3.2716047273362534,3.2592278554419636,3.3312223892328063
2016,Actividades terciarias,Comercio al por mayor y al por menor; Reparación de vehículos automotores y motocicletas; Transporte y almacenamiento; Alojamiento y servicios de comida,3.7212882154572497,4.251967115177862,3.5760906370023235,3.570978846663138,3.105212076533732,3.0153759167961027,2.5786101395050594,2.6744956726212763,2.7247330486089396,2.526261558429539,2.559099853342289,2.685540024662302
2017,Actividades terciarias,Comercio al por mayor y al por menor; Reparación de vehículos automotores y motocicletas; Transporte y almacenamiento; Alojamiento y servicios de comida,0.3274486877629528,0.13464143772876014,1.2244105478738163,1.3441598436932907,1.501382647850221,1.763207990528386,2.319916704540475,2.387418483088254,2.3449788595775374,2.146573823038594,2.0638942335916397,1.8595487034934308
2018,Actividades terciarias,Comercio al por mayor y al por menor; Reparación de vehículos automotores y motocicletas; Transporte y almacenamiento; Alojamiento y servicios de comida,4.459582502184659,3.9207427716964247,3.8203077544842756,3.5396554647227703,3.4996311269866567,3.3869334610920845,3.084455730618089,2.94129100545004,2.8254325529148048,2.859428132620323,2.86083029262754,2.6727472961904652
2019,Actividades terciarias,Comercio al por mayor y al por menor; Reparación de vehículos automotores y motocicletas; Transporte y almacenamiento; Alojamiento y servicios de comida,2.359980843786701,2.054589875483501,2.1733244811105124,2.3019313817424774,2.571099896708958,2.7827582369180988,3.086864835802942,3.4479703001473183,3.542920489805823,3.6331842907809033,3.636510697100519,3.748676411941986
2020,Actividades terciarias,Comercio al por mayor y al por menor; Reparación de vehículos automotores y motocicletas; Transporte y almacenamiento; Alojamiento y servicios de comida,6.471415170584578,8.57261270940299,3.0585740106362493,-7.889566967445617,-12.685465360522059,-15.14412277481567,-16.58237852660683,-17.527803475209836,-16.871997864588323,-15.77243280864306,-14.482319354628686,-13.688779905891508
2021,Actividades terciarias,Comercio al por mayor y al por menor; Reparación de vehículos automotores y motocicletas; Transporte y almacenamiento; Alojamiento y servicios de comida,-10.110685633221209,-9.828834474564658,-1.5064858609983958,7.2580141603383055,11.41314554933885,15.354240399735986,18.048469542268222,20.207485390579066,20.597255586660097,20.827176464595354,20.386727730919745,20.409260183514363
2022,Actividades terciarias,Comercio al por mayor y al por menor; Reparación de vehículos automotores y motocicletas; Transporte y almacenamiento; Alojamiento y servicios de comida,24.516495203383386,16.597664833832354,15.037989519568654,17.145569064897785,19.57291675983457,19.048646511278733,17.98399930153714,17.149184072494478,16.26380632646098,14.96013456390773,13.10925521561144,11.88406721295759
2023,Actividades terciarias,Comercio al por mayor y al por menor; Reparación de vehículos automotores y motocicletas; Transporte y almacenamiento; Alojamiento y servicios de comida,-0.9829859223006565,0.9687857524014731,-0.8934455178409877,-1.2265368710755524,-1.9380079109408825,-2.6802393989559903,-3.2588160787058342,-3.4211702276120093,-3.8141488709102163,-4.154774548844685,-3.7806815936763343,-3.6386227493714216
2024,Actividades terciarias,Comercio al por mayor y al por menor; Reparación de vehículos automotores y motocicletas; Transporte y almacenamiento; Alojamiento y servicios de comida,-0.8353432261430243,-0.2113868850463092,-0.9528456526833224,-0.7579529983377711,-0.6417563548522764,-0.5012368924454051,-0.4307038607685314,-0.040035044409236775,0.02914621165336939,0.49260300747229735,0.9470654877285085,1.2326474119725788
2025,Actividades terciarias,Comercio al por mayor y al por menor; Reparación de vehículos automotores y motocicletas; Transporte y almacenamiento; Alojamiento y servicios de comida,5.36866668261797,3.049046174372535,3.832693797649128,4.076862269427721,4.670353441632315,4.713583997922498,5.026571374910603,5.121350259870681,5.149526506853547,5.092617838126159,4.928048426118579,4.659351580181365
2026,Actividades terciarias,Comercio al por mayor y al por menor; Reparación de vehículos automotores y motocicletas; Transporte y almacenamiento; Alojamiento y servicios de comida,1.6747241254081473,2.3233026744718046,2.9502555259153525,2.741562362100794,2.7208277618648395,2.5749555724706994,2.391294082882382,,,,,
2006,Actividades terciarias,Información y comunicaciones,21.41157314493067,19.50461144145521,18.6189651236985,18.969316259133123,19.10536579485982,19.46056242681233,20.208871842774784,19.820551042459215,19.00635257001413,17.481532010076762,16.134279922539903,14.917517674784264
2007,Actividades terciarias,Información y comunicaciones,11.583718574950012,13.126050880146735,12.415357095815054,10.446882077898238,9.539795973350863,10.09511933500751,11.953956804393528,13.746675964877042,15.097038995194922,15.222364722092578,14.412519599230393,14.573791783443951
2008,Actividades terciarias,Información y comunicaciones,7.4442255802896256,8.53949117240029,7.440976957849998,7.340756253374934,6.988600169173779,6.249748492693712,5.469806273453614,4.6761783398938235,4.141218567152151,3.8684665783588486,3.2938322945214935,2.1418769763140943
2009,Actividades terciarias,Información y comunicaciones,-2.1937304172910785,-5.910737324638589,-5.701783734893368,-6.01845670283511,-6.367128003487849,-7.196891580001875,-8.555440304213917,-9.5199904164826,-9.966797078913771,-10.081986849287702,-9.447803163593164,-8.475467289719504
2010,Actividades terciarias,Información y comunicaciones,-1.187521293049329,3.0797877602814623,5.73718815191269,7.690186495219265,9.60241541648577,11.232636031544189,12.956175989337538,14.467578107928446,15.453346101230153,16.073253500305213,16.436552907439633,16.510306975556844
2011,Actividades terciarias,Información y comunicaciones,18.91407719747322,17.496759721990813,16.04292804447101,14.32366021428632,12.808074569640198,11.945111366355903,11.874689821388657,11.81609007403975,11.302542986698597,11.075948005620305,10.700979704415062,10.391104294478609
2012,Actividades terciarias,Información y comunicaciones,2.3706810918622665,3.5939695043546607,2.9883272459189527,2.4560228567608107,2.295169307032168,1.9799502881521676,1.3051465036730434,0.7373076329508166,0.7359926068150031,0.7702023956605615,0.8901639470985714,1.3000545824442895
2013,Actividades terciarias,Información y comunicaciones,8.063832531542033,6.794876950004266,6.4720620815748475,7.035770691120646,7.292214836926007,7.777784522940308,8.280204923610086,8.695191256139594,9.1827075077683,9.20410959676235,9.054531748844411,8.831741366642262
2014,Actividades terciarias,Información y comunicaciones,6.874702448616944,7.969108062347672,9.204538226524932,9.696575957795801,9.624369634639308,9.214863833334832,8.463634600339702,7.676518042364776,6.900838288685023,6.753155261740545,6.612347065575605,6.463228013322549
2015,Actividades terciarias,Información y comunicaciones,2.6752123148881424,0.6611177814618543,0.3881109472981876,-0.1207774518523621,-0.39945787132930377,-0.21087962548628525,0.31271347095567137,0.867569709085771,1.2459763757484978,1.4259020565799148,1.3905256117516842,1.297877737380702
2016,Actividades terciarias,Información y comunicaciones,3.3842657685470243,1.2733686117289267,0.3366812134593147,0.3992269136237354,0.4737340708108633,0.5913601642951534,0.5163059702952353,0.3829933558474181,0.0985664517908873,-0.22746281280082314,-0.4389102514586938,-0.655231417720529
2017,Actividades terciarias,Información y comunicaciones,-5.260902202136009,-3.3316983804065643,-1.3763973489532049,-1.4528698843744934,-0.8035840640165048,-0.6532740539824147,-0.9824930742481541,-1.3746868506487573,-1.4166571974565016,-1.580393218034942,-1.319156349969603,-0.19324483280119864
2018,Actividades terciarias,Información y comunicaciones,-0.9816622612277257,0.5542089069662666,0.7590688440179036,1.5727139301603899,1.2994963474599217,1.7472340097599783,2.296084519361628,3.1169844934404694,3.468898357006765,3.8881625677998244,3.7682141541717726,3.5230238235541833
2019,Actividades terciarias,Información y comunicaciones,4.9325782845284465,3.2692814407998156,3.323274229296075,3.0241803232610778,3.1058830066721157,3.034768683509583,2.619806988743136,1.9997110271103224,1.546562994786413,1.3067392541440626,1.3658440823607805,0.9188859524292639
2020,Actividades terciarias,Información y comunicaciones,0.5819258632307651,1.7150036939526103,0.581842880046409,-0.42703947572465495,-1.7204395206383793,-2.745788410881403,-2.3187598266214877,-2.3128349025565456,-2.5397494411171095,-3.0340382277529017,-3.0368938640250747,-2.7718464203698545
2021,Actividades terciarias,Información y comunicaciones,1.0134779513842034,1.389659277682938,3.3634873379259034,4.810704294499729,6.197609648111452,7.534930527508351,7.952443273432166,8.69301115274179,9.79903174722567,10.95611898001026,12.031164367625564,12.750176107405025
2022,Actividades terciarias,Información y comunicaciones,22.962852443841967,21.364816686770666,20.838002650741743,19.918006517971975,19.391780402556364,18.68261447836568,18.035414910587207,17.39650625846909,16.573382823405595,15.01439200764851,13.547278137936772,12.32635060639437
2023,Actividades terciarias,Información y comunicaciones,3.5011835379341107,2.7959250604044854,2.461329034349987,2.222133080793924,1.859806112986135,1.6841762662637763,1.1101724045378347,0.9213891001494972,0.724748725837145,1.582082273758246,1.720406459810576,1.5377568381103117
2024,Actividades terciarias,Información y comunicaciones,-1.663479729230616,-1.7487735817965415,-2.269272773944337,-1.957421029377528,-1.5461225859509113,-1.6898406365244512,-1.0814438907695347,-0.8361438468943589,-0.6016295686043236,-0.9224937503035875,-0.8714025841295552,-0.20944770251979605
2025,Actividades terciarias,Información y comunicaciones,0.8137465653290263,1.4742443801853113,0.5944911646683835,1.136349576848275,1.1484703700966463,1.7722024226845008,1.9541300693324501,1.7348044512798708,1.7902625998883082,1.5136032650110423,1.3090226766453839,1.0264544359206837
2026,Actividades terciarias,Información y comunicaciones,1.087403942969047,0.4874860363695177,1.5641856930846245,1.42940711773538,1.4464084431991608,0.7101192841392248,0.31591082560935035,,,,,
2006,Actividades terciarias,Actividades financieras y de seguros,9.491600386629685,9.916482557293293,10.294194221253179,8.709762527493424,7.872295751017717,7.173809568755189,6.540703548206835,6.156617223072232,5.803775829939099,6.018143337588967,6.340537346074427,6.587136929460513
2007,Actividades terciarias,Actividades financieras y de seguros,6.44936440324912,7.077710876809704,8.52797872923847,10.225501368979351,11.730387461479012,12.314157405850949,12.587384666752115,12.485761557609521,12.629688840653003,13.361228555143938,14.011945594053586,13.75912408759163
2008,Actividades terciarias,Actividades financieras y de seguros,15.317133098705199,13.203362295188725,11.81119814941178,10.33937649956782,9.320798584999721,8.91561044483062,9.554452776686475,9.097811455860992,9.465023849525096,9.550141047842814,9.05863644525762,10.137953160089722
2009,Actividades terciarias,Actividades financieras y de seguros,6.848205496283839,6.070902084081652,7.1031528898118665,5.960723471156328,6.281169994025731,6.431945057534833,6.076380970429113,6.135767884073928,5.654316647730468,4.701236803178531,4.022732715271033,3.4809204777165093
2010,Actividades terciarias,Actividades financieras y de seguros,-3.1795085459264953,-3.7463378684061297,-3.0372978997471023,0.4915802285428583,0.5249044624306549,1.1703241034320513,1.3156810094557585,2.7611470821990594,3.0619228377537695,3.4304919545345314,3.6090984794017658,4.677457189772156
2011,Actividades terciarias,Actividades financieras y de seguros,12.914444672441718,13.66392572122406,13.363781233487032,11.370614352299754,12.612292616187347,12.129883590159878,11.508097127159658,10.922649617116818,11.151237685277792,11.589333830645472,11.35751114562062,10.944783076371436
2012,Actividades terciarias,Actividades financieras y de seguros,7.963290233621677,8.477145413160343,8.665745550135483,8.997043126347194,8.914026984264112,9.004794713653652,9.553295277885624,9.135249702118458,8.286546803551317,7.443518661005655,7.288761710151249,7.562414155287982
2013,Actividades terciarias,Actividades financieras y de seguros,7.671488781087632,8.178156418894929,9.892182945342725,10.908317926973467,9.913451738162806,9.292915093116832,9.01536282790694,8.508004296675438,8.675745575858969,9.284459151279762,9.519699435528196,9.517013445504347
2014,Actividades terciarias,Actividades financieras y de seguros,7.384894030346217,8.366462111323344,9.20532528961624,8.868039665442609,8.865237119608764,9.78329161296503,9.894156436771368,11.096312261046435,11.018761588692286,10.522194987595284,10.542793286232353,10.216049382715767
2015,Actividades terciarias,Actividades financieras y de seguros,19.38242673497102,13.640645200793642,11.029793997969819,10.618628520944398,10.18586800359725,9.889612409926826,11.281163035948865,10.389772084864333,9.400541351355457,9.283418503437616,8.55407511440714,7.956065839011913
2016,Actividades terciarias,Actividades financieras y de seguros,-1.0630754984452722,2.298089168579736,2.2769986932403015,1.7185320432130595,1.9447352229483812,1.8624192806586848,1.4667564988462516,1.7278738938408367,2.0300924859839142,2.3769258395799397,2.491871397976908,2.9686419183767327
2017,Actividades terciarias,Actividades financieras y de seguros,4.6356345569152495,2.5419391874860935,2.381401016030921,3.708348235462495,3.9495180164903445,4.852882088554921,4.347784528937694,4.62371970732363,4.736388087249878,4.912734491587912,5.108883866417727,5.388232659687333
2018,Actividades terciarias,Actividades financieras y de seguros,2.1042882260927485,3.791767868099626,3.6401701897714958,4.277036833507353,4.3529132929593715,3.9401057358769975,4.125373400917539,4.438399282090003,4.130310167613132,3.9077090458526698,3.90161175575048,3.734296565828373
2019,Actividades terciarias,Actividades financieras y de seguros,3.7539104855338365,5.734119338796333,6.734968311371105,5.989578407080714,6.2065085764927375,5.8550909597394565,6.60778254964913,6.482141658498762,6.749890108884628,6.777285114137285,6.8576337657192425,6.267762500959989
2020,Actividades terciarias,Actividades financieras y de seguros,10.379865621151893,7.625661069851759,2.3670860964391665,1.9889548964081172,1.7546772115095308,1.7875930287266897,1.828678051136805,1.9707993976070952,1.8995268130664158,1.9813120283336474,1.7127696830055754,2.2358751957595473
2021,Actividades terciarias,Actividades financieras y de seguros,4.313646363208662,2.8373213480337114,5.030350781882305,5.278380631653263,3.936693883044029,4.170278681382442,3.6968498881029888,2.6814733556169728,3.5103105097504823,3.5097565260072514,3.8370221433051483,3.699950510216013
2022,Actividades terciarias,Actividades financieras y de seguros,-29.51560836751645,-10.588318309376305,-3.13747709466287,-0.05663755957250771,2.535112874649201,4.0986345704037745,4.525542999999516,5.867280607425457,5.93099950058469,6.279015022983742,6.312829144087289,6.674544917392055
2023,Actividades terciarias,Actividades financieras y de seguros,64.18760233536796,31.04021926714799,23.862599072834726,18.955252083393418,15.639755583743991,13.682260848216444,12.358627298422647,11.344600014445547,9.781173831964551,9.115038613820232,8.690327645921087,8.936940775457998
2024,Actividades terciarias,Actividades financieras y de seguros,1.3996705687635966,0.008967490521200716,-2.203809198455147,-0.8561464711646067,-0.49230871629384865,-0.05090016313343426,0.3964231258848372,0.8007071873795297,1.6156418660605851,1.7361936541253016,1.7674248975936706,1.073628630096806
2025,Actividades terciarias,Actividades financieras y de seguros,1.3668196622787576,2.5468357799490917,3.475073956675729,3.2018125203828447,4.39603456538218,3.1525294986416412,3.5748617434140186,3.342232152058827,3.5301022931489143,3.483550008484457,3.342352055144545,2.7636052292485402
2026,Actividades terciarias,Actividades financieras y de seguros,-0.41914287993220967,0.5436877684419983,2.8119719364895843,2.7830307040146494,2.6025754755765007,3.5801039839483906,2.92223467290016,,,,,
2006,Actividades terciarias,Actividades inmobiliarias,3.506959676836459,3.4840238154900476,3.4938824985633943,3.5365273686498853,3.5975592106149463,3.6711713698468884,3.754347508243967,3.834842138913359,3.906092665299738,3.964290380355905,4.01060120364383,4.045149602850714
2007,Actividades terciarias,Actividades inmobiliarias,4.337711440227878,4.29410003768416,4.247938295516036,4.198614667960115,4.144471826180137,4.086424514032984,4.025345103974615,3.9666850013176713,3.9131934819451004,3.8660863687021987,3.814031494858085,3.7501195828948397
2008,Actividades terciarias,Actividades inmobiliarias,2.7263635291506603,2.6315786680082027,2.5860128164131027,2.5903115902689393,2.6107166946727887,2.635530497632516,2.6604469446266563,2.683778210309157,2.70396947553904,2.719396487509499,2.741334564549973,2.777316735823021
2009,Actividades terciarias,Actividades inmobiliarias,3.4814157674829573,3.58527924471241,3.6545961811162755,3.68973228923754,3.710782950172174,3.724385399427831,3.7336848156448212,3.7451685400965715,3.762250024199261,3.787106156947459,3.811851137930063,3.8309020114478614
2010,Actividades terciarias,Actividades inmobiliarias,3.956505797292607,3.9154911340077803,3.872584470905423,3.8277008074913965,3.790147670419202,3.7635791636461136,3.7498463247815863,3.734321525050561,3.7087309431816493,3.6683856491082736,3.6205233242118737,3.5703176303874216
2011,Actividades terciarias,Actividades inmobiliarias,2.9454449309489235,2.912541260025364,2.8861814083617503,2.866254560020252,2.847272411679299,2.827626141811848,2.8066268881742786,2.7920471236956956,2.7882004185973983,2.7974682496207492,2.8129496798649427,2.829873857038038
2012,Actividades terciarias,Actividades inmobiliarias,3.020106662320103,3.0244331223518373,3.0299186023391655,3.036692873445773,3.0490556599739023,3.068477849267623,3.095572708344889,3.1220362521490586,3.143029112753723,3.1558750614725284,3.1629485579970833,3.1657688063867937
2013,Actividades terciarias,Actividades inmobiliarias,3.1668558645892517,3.172998108266995,3.191615502917756,3.221605914720982,3.2431236800259313,3.250079276682328,3.240735697476495,3.2275918369029313,3.2173468490969555,3.2139255440830254,3.214743617624194,3.2180436936723567
2014,Actividades terciarias,Actividades inmobiliarias,3.27482139292718,3.2627416854259366,3.235882617198669,3.1950567666526553,3.159873511699459,3.136561651166602,3.1271785756323,3.123736833405502,3.122026275523538,3.1191812418287697,3.1143153422807757,3.1070476190477905
2015,Actividades terciarias,Actividades inmobiliarias,2.9774994239729153,2.9704727555023,2.9765501734541004,2.9961487869551036,3.01409491662605,3.0250710993306313,3.026792623166102,3.034754925052141,3.057502864997403,3.100140295251208,3.148833895809176,3.1937219200756317
2016,Actividades terciarias,Actividades inmobiliarias,3.3724662280525024,3.374881050718102,3.411343355920792,3.4799461220861474,3.548687904858383,3.601160639328029,3.624688682081583,3.6317302363520554,3.60892796633847,3.5979614665488526,3.569129312188224,3.5288220551377805
2017,Actividades terciarias,Actividades inmobiliarias,3.2171610401118897,3.2582823758180837,3.2517089860120763,3.167089804393669,3.0949274479506386,3.0328988039881892,2.9874452993693126,2.982360780370243,3.0015624354421675,3.0271560278580125,3.0363931274422384,3.0516399452199465
2018,Actividades terciarias,Actividades inmobiliarias,3.1568694974305487,3.220809693998831,3.30913165865816,3.416120220173724,3.499865887516293,3.6179721995239618,3.7227912865981523,3.8144730264822186,3.8975191831757314,3.937289865094627,3.9561923584199263,3.9653668031411087
2019,Actividades terciarias,Actividades inmobiliarias,4.384424382812057,4.397942919281348,4.374293738350474,4.282417857378704,4.1545071968849925,4.058218862648715,3.9340772709219607,3.7876356955781887,3.6415158942219676,3.485596769281713,3.349194088990231,3.2472982220558464
2020,Actividades terciarias,Actividades inmobiliarias,2.129588310121221,2.1022889727844785,1.9761015845830343,1.6604813493799497,1.4308104730570221,1.317303562786492,1.2631139681583647,1.2869176975771808,1.3312725110638866,1.3947993137794583,1.4302257118347512,1.4431494172377342
2021,Actividades terciarias,Actividades inmobiliarias,1.6950648676379672,1.7662317469552988,1.913461137889243,2.3313752171957276,2.530094162636459,2.5679287168273817,2.60655074581004,2.596189869944382,2.5628055814269572,2.518131835509152,2.5035165429841015,2.4963633225672623
2022,Actividades terciarias,Actividades inmobiliarias,2.1168623506509334,2.2469676746175224,2.287495526448751,2.2559015378968326,2.208160840723636,2.1804358868300824,2.1966316470088003,2.1651735321491827,2.1433783095282593,2.1294431179248505,2.078890687100838,2.044670026339972
2023,Actividades terciarias,Actividades inmobiliarias,1.738579397984779,1.7764222865166488,1.7870457346070197,1.78353244670933,1.7912827304501917,1.785543459294587,1.7710270790550737,1.7679398269094406,1.7753604669514402,1.7950679320826453,1.8255538140860637,1.850476762962245
2024,Actividades terciarias,Actividades inmobiliarias,2.0756840362769395,2.103858881940667,2.1338841170775282,2.1745610605108396,2.202402951853813,2.2203021421282045,2.224712374743845,2.2245255452655357,2.218115231687463,2.213369153322489,2.2094142496220286,2.20915834423063
2025,Actividades terciarias,Actividades inmobiliarias,2.258291353663651,2.2488197042320763,2.201862780833835,2.1156991065191164,2.0472340843899133,1.9985058212607498,1.9741528725446926,1.9654039212091874,1.9665325286231052,1.970474962003948,1.9777779343181692,1.9834298843358198
2026,Actividades terciarias,Actividades inmobiliarias,2.0269625242710134,1.9982056182178383,2.004965696446021,2.0327138662553352,2.046243593408164,2.0572345731067117,2.052131981739919,,,,,
2006,Actividades terciarias,"Actividades profesionales, científicas y técnicas; Actividades de servicios administrativos y de apoyo",8.578058516109934,7.298278718426715,7.110250838046241,6.804803459234847,6.855156573083065,6.928063196260297,7.007444723966685,7.044154592245519,7.099277512756302,7.059528727916373,7.078058413565188,7.030534986271547
2007,Actividades terciarias,"Actividades profesionales, científicas y técnicas; Actividades de servicios administrativos y de apoyo",7.039603819848338,6.9626240239091,7.019195655423772,6.784223249078764,6.758201352132588,6.817355670450141,6.861416154040612,6.958223545638191,7.017541071530516,7.038230778978431,6.976961834622372,6.877072968491007
2008,Actividades terciarias,"Actividades profesionales, científicas y técnicas; Actividades de servicios administrativos y de apoyo",5.283789244864835,5.54158591480298,4.899987602050388,4.874077572777651,4.685865961884247,4.443645259233662,4.261360477487756,4.060077871923923,3.941527946114846,3.9271902799329297,3.8586300771499964,3.767638073994789
2009,Actividades terciarias,"Actividades profesionales, científicas y técnicas; Actividades de servicios administrativos y de apoyo",2.587715540149759,2.246500650287018,2.6902737786618047,2.834483932020987,3.144109544495578,3.2766606377386864,3.315961864297506,3.2901124278226064,3.1509514201781315,2.9938603557824024,2.8718773021565056,2.799065420560737
2010,Actividades terciarias,"Actividades profesionales, científicas y técnicas; Actividades de servicios administrativos y de apoyo",2.282135051491437,2.110353915803117,2.2898274495267685,2.4103491718699246,2.4112596565212527,2.449882069494194,2.4302114048335,2.5152772118539133,2.606759929251041,2.7258439540135413,2.886926511065184,3.081958270830313
2011,Actividades terciarias,"Actividades profesionales, científicas y técnicas; Actividades de servicios administrativos y de apoyo",5.470455749337617,5.624749567126358,5.763975476456977,5.885625768566342,5.959077095890493,6.017851344963972,6.166833163509409,6.4503148965985275,6.654197370911959,6.862647981954552,7.028123614580096,7.0864752833269335
2012,Actividades terciarias,"Actividades profesionales, científicas y técnicas; Actividades de servicios administrativos y de apoyo",6.309875112671563,6.455135147702833,6.167636996966223,5.8962141369763685,5.810796379253944,5.759662769631873,5.573177140150733,5.28319033831653,5.14801962284821,5.002037333921265,4.911680095804456,4.815928183165681
2013,Actividades terciarias,"Actividades profesionales, científicas y técnicas; Actividades de servicios administrativos y de apoyo",3.570019850722602,2.985142504657915,2.872009349506598,3.287246515996017,3.528495458482567,3.7205129082699386,3.9653954625687504,4.254922529096078,4.466783614281766,4.71980196196462,4.997055846227411,5.276288133262483
2014,Actividades terciarias,"Actividades profesionales, científicas y técnicas; Actividades de servicios administrativos y de apoyo",7.828098834038698,8.356040876879959,8.726858157432545,8.57825684024263,8.469641763774604,8.416624213339176,8.26646686957966,8.149219757480395,7.9875607216097535,7.830731917705492,7.588277150417696,7.290131173847541
2015,Actividades terciarias,"Actividades profesionales, científicas y técnicas; Actividades de servicios administrativos y de apoyo",3.940854824544232,2.7356600048865403,2.037045254387678,1.5814237821214476,1.2600338524237458,1.1009387100462789,1.2185382092990977,1.2328224705592277,1.0733413477315565,0.7494661187109415,0.2865191573255146,-0.18782608695659064
2016,Actividades terciarias,"Actividades profesionales, científicas y técnicas; Actividades de servicios administrativos y de apoyo",-3.44184449760688,-2.9772150705251477,-3.0932468303194014,-2.832520082027443,-2.746767172171488,-2.68957396925056,-2.9026056017414135,-2.98678666142591,-2.990160649425306,-2.900901643534553,-2.7086767185398344,-2.4341371619738226
2017,Actividades terciarias,"Actividades profesionales, científicas y técnicas; Actividades de servicios administrativos y de apoyo",-0.24963002251644184,-0.23847844578401123,0.2697637068499432,0.3329622735279969,0.5659477434288647,1.01769749743859,1.2588114906510413,1.4395992685528824,1.3833898970068361,1.229276398127439,1.2159766962202383,1.4554870970624734
2018,Actividades terciarias,"Actividades profesionales, científicas y técnicas; Actividades de servicios administrativos y de apoyo",2.704692018440568,2.734587284752692,3.35955299809973,3.7323831712320157,3.637110242835462,3.838822375679001,3.8124002645564303,3.9656952008451753,3.933432246664225,4.0270178389967555,4.1396373738402445,3.97113184298496
2019,Actividades terciarias,"Actividades profesionales, científicas y técnicas; Actividades de servicios administrativos y de apoyo",4.611009722088994,4.989157748449102,3.9283197083650947,3.8218547908517593,4.144218400845091,4.006895256048139,4.237952448638339,4.046600133026715,3.88152649473534,3.809181438822691,3.636146404034818,3.4469915010329117
2020,Actividades terciarias,"Actividades profesionales, científicas y técnicas; Actividades de servicios administrativos y de apoyo",3.8534583758915346,2.8763717347672184,1.2035221914767504,-2.25033466734169,-4.672239638048779,-5.805109432321004,-6.260391514020057,-6.695074870260058,-6.623212364690133,-6.449803890379286,-6.1917125636748835,-5.790317829203545
2021,Actividades terciarias,"Actividades profesionales, científicas y técnicas; Actividades de servicios administrativos y de apoyo",-1.7899354152568776,-1.409561460492668,1.0889599108258494,4.563358728186145,6.2641579080481335,7.373718812060773,8.09518796892921,8.537927672398666,9.263354495879298,9.310118669206659,9.624040856588039,9.733514001806597
2022,Actividades terciarias,"Actividades profesionales, científicas y técnicas; Actividades de servicios administrativos y de apoyo",8.35726689260487,8.462587338428733,8.579505768344944,9.562075186146203,10.602115000420142,10.802740951816503,10.290582048004353,10.159839349770834,9.56885033498665,9.185275570863922,8.319757349566785,7.8601168331566384
2023,Actividades terciarias,"Actividades profesionales, científicas y técnicas; Actividades de servicios administrativos y de apoyo",5.76174823820233,4.190514698009167,3.4842556673497143,2.5894892547973853,2.0738313120830583,2.448507255048554,2.454327449427069,2.2883780395150666,1.9538798785967373,1.9699217384195862,2.1306109312513968,1.915399518581637
2024,Actividades terciarias,"Actividades profesionales, científicas y técnicas; Actividades de servicios administrativos y de apoyo",0.4861522567711489,0.01149596104801276,-0.6117025391975801,0.5355984243276879,0.5560272097333723,-0.5740176165718083,-0.6247606799395129,-0.6349997397152407,-0.5952639596673066,-0.6317925274875904,-0.6866443615085558,-0.4190849259040448
2025,Actividades terciarias,"Actividades profesionales, científicas y técnicas; Actividades de servicios administrativos y de apoyo",-0.06183986410871967,-0.034993887680329294,0.40364697124242355,0.5804909109930634,0.7054740415273386,0.7948540049938657,0.9814811590334074,1.0091767771590128,1.0954997661075652,1.1086549164662785,1.202430794180259,1.3187565901855862
2026,Actividades terciarias,"Actividades profesionales, científicas y técnicas; Actividades de servicios administrativos y de apoyo",1.558552295567054,1.66434953342565,2.290686736596598,2.1816247233053616,2.2762155010937164,2.4736115844840043,2.1654886257657324,,,,,
2006,Actividades terciarias,"Administración pública y defensa; planes de seguridad social de afiliación obligatoria; Educación; Actividades de atención de la salud humana y de servicios sociales; Actividades artísticas, de entretenimiento y recreación y otras actividades de servicios; Actividades de los hogares individuales en calidad de empleadores; actividades no diferenciadas de los hogares individuales como productores de bienes y servicios para uso propio",1.241939895642716,3.060035322969142,3.9527537396110404,3.9822185343563206,3.892062041080507,3.86772875543015,3.9665149544038343,4.0871184807948,4.269424812480011,4.4194631104532505,4.5660790892165295,4.689323394222271
2007,Actividades terciarias,"Administración pública y defensa; planes de seguridad social de afiliación obligatoria; Educación; Actividades de atención de la salud humana y de servicios sociales; Actividades artísticas, de entretenimiento y recreación y otras actividades de servicios; Actividades de los hogares individuales en calidad de empleadores; actividades no diferenciadas de los hogares individuales como productores de bienes y servicios para uso propio",4.482548187665799,4.065814699717762,3.7323324939325175,3.711678220220932,3.7313401386160194,3.786536856349798,3.870626099693581,3.965877017254286,4.048369497303057,4.1600929429612705,4.2132233983836755,4.277947131352676
2008,Actividades terciarias,"Administración pública y defensa; planes de seguridad social de afiliación obligatoria; Educación; Actividades de atención de la salud humana y de servicios sociales; Actividades artísticas, de entretenimiento y recreación y otras actividades de servicios; Actividades de los hogares individuales en calidad de empleadores; actividades no diferenciadas de los hogares individuales como productores de bienes y servicios para uso propio",3.846364605417591,3.7750560837660316,3.8513407970992546,4.04872998136922,4.021032295972972,3.88798737152878,3.639435896296334,3.318167411286055,2.990963660901258,2.6974799745640894,2.447293219724031,2.268835149492247
2009,Actividades terciarias,"Administración pública y defensa; planes de seguridad social de afiliación obligatoria; Educación; Actividades de atención de la salud humana y de servicios sociales; Actividades artísticas, de entretenimiento y recreación y otras actividades de servicios; Actividades de los hogares individuales en calidad de empleadores; actividades no diferenciadas de los hogares individuales como productores de bienes y servicios para uso propio",0.832427851932735,1.195048350130719,1.4745082920613015,1.6337551734261808,1.8122235211203161,2.0169110278709326,2.27705824943709,2.4141417570167505,2.5436301011764186,2.6128008388828476,2.722558201084979,2.9341809144917192
2010,Actividades terciarias,"Administración pública y defensa; planes de seguridad social de afiliación obligatoria; Educación; Actividades de atención de la salud humana y de servicios sociales; Actividades artísticas, de entretenimiento y recreación y otras actividades de servicios; Actividades de los hogares individuales en calidad de empleadores; actividades no diferenciadas de los hogares individuales como productores de bienes y servicios para uso propio",5.104274265335846,4.899196084001801,4.814014420889507,4.664407555262031,4.513774761422184,4.426730076824214,4.2487004695017845,4.114362843222594,4.069036516553155,4.1014702232616855,4.192576404473655,4.288763625813402
2011,Actividades terciarias,"Administración pública y defensa; planes de seguridad social de afiliación obligatoria; Educación; Actividades de atención de la salud humana y de servicios sociales; Actividades artísticas, de entretenimiento y recreación y otras actividades de servicios; Actividades de los hogares individuales en calidad de empleadores; actividades no diferenciadas de los hogares individuales como productores de bienes y servicios para uso propio",5.364190542965218,5.415913889706033,5.434331872405764,5.442507954552212,5.460822077027444,5.406716841857644,5.378123495893547,5.5230539764579305,5.644766727015636,5.762037786730261,5.825898744062769,5.798483809750877
2012,Actividades terciarias,"Administración pública y defensa; planes de seguridad social de afiliación obligatoria; Educación; Actividades de atención de la salud humana y de servicios sociales; Actividades artísticas, de entretenimiento y recreación y otras actividades de servicios; Actividades de los hogares individuales en calidad de empleadores; actividades no diferenciadas de los hogares individuales como productores de bienes y servicios para uso propio",5.2405718900982805,4.872536066016693,4.807460501172628,4.648713771769181,4.6860270644562405,4.825435380878702,4.981943307712285,5.076916031465089,5.158795354076375,5.206440238958038,5.202638295490345,5.150117859188768
2013,Actividades terciarias,"Administración pública y defensa; planes de seguridad social de afiliación obligatoria; Educación; Actividades de atención de la salud humana y de servicios sociales; Actividades artísticas, de entretenimiento y recreación y otras actividades de servicios; Actividades de los hogares individuales en calidad de empleadores; actividades no diferenciadas de los hogares individuales como productores de bienes y servicios para uso propio",4.068265545202522,4.048228452636238,4.099414041627952,4.541811585186451,4.929463439114784,5.164726821466473,5.267473260463035,5.313309209849166,5.330478073782928,5.374181211263718,5.464426033003988,5.623085373368923
2014,Actividades terciarias,"Administración pública y defensa; planes de seguridad social de afiliación obligatoria; Educación; Actividades de atención de la salud humana y de servicios sociales; Actividades artísticas, de entretenimiento y recreación y otras actividades de servicios; Actividades de los hogares individuales en calidad de empleadores; actividades no diferenciadas de los hogares individuales como productores de bienes y servicios para uso propio",7.647448115130786,7.022791556987002,6.547222734212397,6.102416985048876,5.419798893173521,5.209632942478805,5.166602269966589,5.214858310873183,5.262405296860905,5.337350648795436,5.301169573780399,5.376998723184798
2015,Actividades terciarias,"Administración pública y defensa; planes de seguridad social de afiliación obligatoria; Educación; Actividades de atención de la salud humana y de servicios sociales; Actividades artísticas, de entretenimiento y recreación y otras actividades de servicios; Actividades de los hogares individuales en calidad de empleadores; actividades no diferenciadas de los hogares individuales como productores de bienes y servicios para uso propio",4.097576925919185,4.907272034722965,5.361815905405322,5.463785854308199,6.012619014341141,6.26395563352915,6.925178775365424,7.318968490816019,7.232561180509549,6.714737351174222,5.985953024871861,5.165219624143404
2016,Actividades terciarias,"Administración pública y defensa; planes de seguridad social de afiliación obligatoria; Educación; Actividades de atención de la salud humana y de servicios sociales; Actividades artísticas, de entretenimiento y recreación y otras actividades de servicios; Actividades de los hogares individuales en calidad de empleadores; actividades no diferenciadas de los hogares individuales como productores de bienes y servicios para uso propio",1.0470652471768176,1.8851807498172235,2.456380200459037,3.160910644443888,3.4531967124765686,3.699303794855169,3.301764660894051,2.9264993129048236,2.915118350208374,3.181618261510849,3.5509058768764277,3.9470772705422803
2017,Actividades terciarias,"Administración pública y defensa; planes de seguridad social de afiliación obligatoria; Educación; Actividades de atención de la salud humana y de servicios sociales; Actividades artísticas, de entretenimiento y recreación y otras actividades de servicios; Actividades de los hogares individuales en calidad de empleadores; actividades no diferenciadas de los hogares individuales como productores de bienes y servicios para uso propio",4.957698483901268,3.8590658423154593,3.163413301492085,2.69228741810619,2.705519966978386,3.252431868190129,3.203513476204961,3.3817647553844807,3.1432175533791593,3.1032340727345797,3.1958674883334766,3.2694227494274912
2018,Actividades terciarias,"Administración pública y defensa; planes de seguridad social de afiliación obligatoria; Educación; Actividades de atención de la salud humana y de servicios sociales; Actividades artísticas, de entretenimiento y recreación y otras actividades de servicios; Actividades de los hogares individuales en calidad de empleadores; actividades no diferenciadas de los hogares individuales como productores de bienes y servicios para uso propio",2.163400341587902,2.600823686509017,3.059868823717622,3.491837685877286,3.754250512094927,3.9999020911903926,3.940095016222031,4.052082666871513,4.165335253402745,4.308710140875888,4.431570447313831,4.391339578920395
2019,Actividades terciarias,"Administración pública y defensa; planes de seguridad social de afiliación obligatoria; Educación; Actividades de atención de la salud humana y de servicios sociales; Actividades artísticas, de entretenimiento y recreación y otras actividades de servicios; Actividades de los hogares individuales en calidad de empleadores; actividades no diferenciadas de los hogares individuales como productores de bienes y servicios para uso propio",6.0275270926961895,6.3929889990446185,5.800215821785741,6.0879778315458,6.409743590160673,6.343877226120284,6.5566992225004554,6.456404277968147,6.384566126996361,6.338664055322326,6.325074951299172,6.175781675563826
2020,Actividades terciarias,"Administración pública y defensa; planes de seguridad social de afiliación obligatoria; Educación; Actividades de atención de la salud humana y de servicios sociales; Actividades artísticas, de entretenimiento y recreación y otras actividades de servicios; Actividades de los hogares individuales en calidad de empleadores; actividades no diferenciadas de los hogares individuales como productores de bienes y servicios para uso propio",1.883671276700241,1.883944144166236,1.5103643844930161,-0.876422859060682,-2.4123408630346717,-2.8642283122294856,-3.1181918654176144,-3.1536960933273406,-2.9727356058083956,-2.7322043448832005,-2.110059846212792,-1.4422768607230978
2021,Actividades terciarias,"Administración pública y defensa; planes de seguridad social de afiliación obligatoria; Educación; Actividades de atención de la salud humana y de servicios sociales; Actividades artísticas, de entretenimiento y recreación y otras actividades de servicios; Actividades de los hogares individuales en calidad de empleadores; actividades no diferenciadas de los hogares individuales como productores de bienes y servicios para uso propio",7.433066419379017,6.166367718669363,7.25231457107401,10.19055272515621,11.557865779213117,12.100409226341498,12.163909394165913,11.905994420994318,12.657094182344125,12.460803347941436,12.18848089589028,11.861925366821751
2022,Actividades terciarias,"Administración pública y defensa; planes de seguridad social de afiliación obligatoria; Educación; Actividades de atención de la salud humana y de servicios sociales; Actividades artísticas, de entretenimiento y recreación y otras actividades de servicios; Actividades de los hogares individuales en calidad de empleadores; actividades no diferenciadas de los hogares individuales como productores de bienes y servicios para uso propio",6.915653086500768,6.982294944433164,7.4540446957400945,8.29966417431902,8.818441220480835,7.939987186607624,7.033963846497386,6.858781527257278,6.271293628370842,6.394969793999806,5.888406933742758,5.309018991943603
2023,Actividades terciarias,"Administración pública y defensa; planes de seguridad social de afiliación obligatoria; Educación; Actividades de atención de la salud humana y de servicios sociales; Actividades artísticas, de entretenimiento y recreación y otras actividades de servicios; Actividades de los hogares individuales en calidad de empleadores; actividades no diferenciadas de los hogares individuales como productores de bienes y servicios para uso propio",2.056459822068973,2.1021917095793867,3.1737979447197944,2.909085045410322,3.0027159891928363,4.872384742772411,5.538987568513704,6.0730838474020175,5.907715740018716,5.585239555693676,6.168808786129688,5.961047712685399
2024,Actividades terciarias,"Administración pública y defensa; planes de seguridad social de afiliación obligatoria; Educación; Actividades de atención de la salud humana y de servicios sociales; Actividades artísticas, de entretenimiento y recreación y otras actividades de servicios; Actividades de los hogares individuales en calidad de empleadores; actividades no diferenciadas de los hogares individuales como productores de bienes y servicios para uso propio",7.025307604279931,6.5983768998733865,5.61896893221909,7.436150448797747,7.5495133395858005,5.383207747906397,5.485995873050413,4.954628857508837,4.637614715559593,4.908553652685768,4.389754874621346,4.871920514611688
2025,Actividades terciarias,"Administración pública y defensa; planes de seguridad social de afiliación obligatoria; Educación; Actividades de atención de la salud humana y de servicios sociales; Actividades artísticas, de entretenimiento y recreación y otras actividades de servicios; Actividades de los hogares individuales en calidad de empleadores; actividades no diferenciadas de los hogares individuales como productores de bienes y servicios para uso propio",5.426806528251788,6.3566859552173725,6.152361317430248,4.076240207060678,3.6163375078161835,4.1096589752951616,4.901569422119209,5.131464974470589,5.254486841548683,5.3979658628781095,5.468436263987272,5.170679131468447
2026,Actividades terciarias,"Administración pública y defensa; planes de seguridad social de afiliación obligatoria; Educación; Actividades de atención de la salud humana y de servicios sociales; Actividades artísticas, de entretenimiento y recreación y otras actividades de servicios; Actividades de los hogares individuales en calidad de empleadores; actividades no diferenciadas de los hogares individuales como productores de bienes y servicios para uso propio",4.510461836220841,4.171234468741474,5.083497515853708,6.275562982524988,7.5305911974915745,7.557428604371026,7.150063122584299,,,,,
2006,Indicador de Seguimiento a la Economía,Indicador de Seguimiento a la Economía,4.181285652738808,4.575731347315553,5.561174484980597,4.680717830256725,5.093580432934914,5.073372369920264,5.373897887533332,5.573335312013427,5.87393407334433,6.075356336154883,6.314480019642744,6.197442325389503
2007,Indicador de Seguimiento a la Economía,Indicador de Seguimiento a la Economía,6.104640977366444,6.311427483954731,6.335811601087087,6.258964648807691,6.296940165976039,6.503842884962722,6.48045239470045,6.427928992083338,6.34561703122975,6.342216232166507,6.306918133862439,6.308093786728833
2008,Indicador de Seguimiento a la Economía,Indicador de Seguimiento a la Economía,6.489079740348018,6.457471858513131,4.764366901890639,5.412458785914737,5.004458472177646,4.660449448297072,4.644397926072543,4.402620693713203,4.188885143891866,3.9318915475628415,3.398652314557978,3.093191119372804
2009,Indicador de Seguimiento a la Economía,Indicador de Seguimiento a la Economía,-1.5758656756135707,-1.3352823530646418,0.1755075897045657,-0.023376105702851646,0.42038479045938004,0.5689856752780571,0.8047291418702258,0.7320105999434077,0.7335494702620764,0.8189451946921196,1.1131679867451965,1.4159440020502956
2010,Indicador de Seguimiento a la Economía,Indicador de Seguimiento a la Economía,3.9679851963271773,3.6387933353928474,3.9989896514232868,4.096720308823819,4.143966461256454,4.253954387540631,3.9470727744619865,4.031676549098904,4.056414920459389,4.116559890764577,4.209536011948373,4.333698358105437
2011,Indicador de Seguimiento a la Economía,Indicador de Seguimiento a la Economía,7.33420989430347,6.527665007455582,6.5397282266739865,6.381455131170341,6.431549602418912,6.488877805109055,6.559802771183769,6.88246809284685,6.862078851745139,6.7830555097050365,6.7839508570719715,6.616872776496123
2012,Indicador de Seguimiento a la Economía,Indicador de Seguimiento a la Economía,5.492814176852917,6.262788857319251,6.1165777962822006,5.720522390157413,5.569764127580413,5.453301014454752,5.179911545388279,4.537389239156099,4.310053703735875,4.093284465715357,3.977933860376993,3.854656071357198
2013,Indicador de Seguimiento a la Economía,Indicador de Seguimiento a la Economía,4.099794901934089,3.1007445167234238,2.2840929230850264,3.4164392415364233,3.7940792104911054,3.9532534647413087,4.40488103007317,4.709337389795081,4.851596200984048,4.993387053295905,5.111116820649869,5.313570471131413
2014,Indicador de Seguimiento a la Economía,Indicador de Seguimiento a la Economía,4.680252126346147,5.985906918577015,6.66923542185711,5.618627644914611,5.13602516244805,4.902492272689713,4.676918816288378,4.667855969352573,4.669275005046842,4.644843702419891,4.474827634697647,4.405399911022883
2015,Indicador de Seguimiento a la Economía,Indicador de Seguimiento a la Economía,3.013331822501229,2.722220721615898,2.8324428319702832,2.986999322856704,3.0940908264819313,3.260391329660095,3.452284231320533,3.494617962679712,3.41455229085841,3.2972909252294755,3.2004522349797355,3.0776133681184916
2016,Indicador de Seguimiento a la Economía,Indicador de Seguimiento a la Economía,1.784332162741208,3.140854003402623,2.4690350506661787,2.573182483314639,2.41574738413712,2.402963569052872,1.8067645738411926,2.008371200520955,2.0480687456423396,1.9741593852749162,2.0804527302079094,2.188919748734847
2017,Indicador de Seguimiento a la Economía,Indicador de Seguimiento a la Economía,1.4471584755890916,0.5170562795935751,1.1875055265851273,0.8085213996286171,0.9204464247256112,1.2564628678704253,1.6080316499297282,1.5358236946437813,1.4156226647165795,1.3936575271954865,1.352038034579948,1.3852014777625499
2018,Indicador de Seguimiento a la Economía,Indicador de Seguimiento a la Economía,1.5653935797130174,1.571359335852776,1.5863680479974107,2.1925743216761475,2.1959307573080906,2.1189752160859285,2.2443016447936373,2.356464667617587,2.3728242712934815,2.491934137256038,2.5809665150029844,2.514682080924885
2019,Indicador de Seguimiento a la Economía,Indicador de Seguimiento a la Economía,3.65718418230243,3.5891949467115865,3.5060732857884744,3.2305289935913493,3.4327460584607365,3.2617369859446086,3.4141156859555792,3.297511852976953,3.149859929635454,3.1522771724021794,3.073641435029856,3.068147254571386
2020,Indicador de Seguimiento a la Economía,Indicador de Seguimiento a la Economía,3.3935966361020604,3.4964301955830166,0.11981840860066484,-4.9758261895612605,-7.559640444410547,-8.41647455236729,-8.750327893916548,-8.96430242367201,-8.682200319678458,-8.271460992649537,-7.824526032406254,-7.2957332246277815
2021,Indicador de Seguimiento a la Economía,Indicador de Seguimiento a la Economía,-3.3593373801319615,-3.255264391604115,1.414579445783204,6.475461348204448,7.7362219862920085,8.99605774422669,9.613342215395676,9.881364897875372,10.295178972016899,10.280638323162975,10.30473658115578,10.302561882139656
2022,Indicador de Seguimiento a la Economía,Indicador de Seguimiento a la Economía,7.987929374497085,7.322560738940737,7.2051195582699705,8.004417429633975,9.709300655022332,9.368736694837551,8.853546717922242,8.83153359102306,8.281822538267306,7.837226573218345,7.054560747041933,6.415538264186239
2023,Indicador de Seguimiento a la Economía,Indicador de Seguimiento a la Economía,4.288145986167265,3.368302036167094,2.6926141465194746,1.8225346417595603,1.5050455213837495,1.678564501834856,1.5206003953948937,1.4084868859748383,1.1931937989642165,1.003502184012504,1.2608659594841356,1.2203922722278548
2024,Indicador de Seguimiento a la Economía,Indicador de Seguimiento a la Economía,1.6413644219431802,1.9550312727095047,0.47876438709479885,1.697815503022298,1.7652891569211562,1.0978341951960715,1.3685723924097317,1.35047829960115,1.2649441676584274,1.5006240319066109,1.3949974575574657,1.600532224079032
2025,Indicador de Seguimiento a la Economía,Indicador de Seguimiento a la Economía,2.0402177511902835,1.6086491363502802,2.5817839482169376,1.8813090438122089,1.9351019678490786,2.1977885673857003,2.6017748136121384,2.616172963909264,2.775393367770377,2.8112571751982784,2.772568680223614,2.580491838546493
2026,Indicador de Seguimiento a la Economía,Indicador de Seguimiento a la Economía,0.920622063978783,1.113376995232258,2.106521647927835,2.3875927696832804,2.780019981658242,2.886717724667747,2.616649185008285,,,,,
