Fecha,USD,EUR,JPY,CHF,UVR (COP),COP,% Moneda local,% Moneda extranjera
2001-06-30,42.3307791446024,8.94618434278254,2.665194287788678,0.0,12.634433096702807,33.4234091281236,46.0578422248264,53.94215777517361
2001-07-31,44.20564837547397,7.850849112746007,2.6122538669402404,0.0,12.548091170702024,32.783157474137745,45.331248644839775,54.66875135516022
2001-08-31,44.52743212075654,7.86828592398108,2.6187577579051524,0.0,12.322236114482523,32.66328808287472,44.98552419735724,55.01447580264277
2001-09-30,44.800123672432356,7.8657320862193,2.6395939953003746,0.0,12.3214210064015,32.373129239646424,44.694550246047925,55.30544975395203
2001-10-31,44.31476122092485,7.641230938376744,2.520795650533171,0.0,12.849584322982269,32.67362786718299,45.52321219016525,54.47678780983476
2001-11-30,44.342713914840004,7.4042384122242355,2.4484280433282253,0.0,12.886726231269163,32.917893398338364,45.80461962960753,54.19538037039246
2001-12-31,43.50493471691816,6.935593822073654,2.130054781837351,0.0,12.155884952341353,35.273531726829475,47.429416679170835,52.570583320829165
2002-01-31,42.41864141300846,6.570818938810333,2.0730471018218513,0.0,12.489492634432334,36.44799991192702,48.93749254635935,51.06250745364065
2002-02-28,41.90370691650898,6.167529235847722,1.9300721396256426,0.0,13.540962477622283,36.45772923039536,49.99869170801764,50.00130829198235
2002-03-31,41.12441939461618,5.692688079552851,1.9295795155385556,0.0,13.949849532871452,37.30346347742095,51.2533130102924,48.74668698970759
2002-04-30,40.944290879265175,5.841155987127868,1.9805123629875843,0.0,13.948749066768748,37.28529170385062,51.23404077061936,48.76595922938062
2002-05-31,39.57058462914368,5.80195566474551,1.9611386969742632,0.0,14.593473148690347,38.0728478604462,52.66632100913655,47.33367899086346
2002-06-30,38.75631094468497,6.170460624234489,2.0726931761707026,0.0,14.84240144797726,38.15813380693259,53.000535254909856,46.99946474509016
2002-07-31,41.26785215396552,6.388781261874396,2.092196695247443,0.0,14.2062602563579,36.044909632554734,50.25116988891263,49.748830111087365
2002-08-31,41.90131752523267,6.4960249995218575,2.131132279340911,0.0,14.02829500663282,35.44323018927175,49.471525195904576,50.52847480409544
2002-09-30,43.02217140898556,6.643006003911248,2.1015712069496137,0.0,13.786061275153061,34.44719010500051,48.23325138015357,51.766748619846425
2002-10-31,42.287508267157435,6.165236706651107,2.5010100911472475,0.0,14.044231451198593,35.002013483845595,49.04624493504419,50.953755064955786
2002-11-30,42.144066165979325,6.5602413910488835,2.0513648125385147,0.0,14.119289382840622,35.12503824759266,49.24432763043329,50.75567236956672
2002-12-31,42.90080585067678,6.8586835197087925,2.0888899928020805,0.0,13.58876059127237,34.56286004553999,48.15162063681237,51.84837936318766
2003-01-31,44.349611341986,6.855060500032442,2.0197927878093473,0.0,13.233888438306765,33.54164693186544,46.77553537017221,53.22446462982779
2003-02-28,44.326815133737256,6.953569165088956,2.070000041200313,0.0,13.751453099850716,32.89816256012277,46.649615659973485,53.35038434002652
2003-03-31,43.48178375648947,6.8463484974609345,1.9841368085438909,0.0,14.280521095253093,33.40720984225261,47.6877309375057,52.31226906249429
2003-04-30,44.00277881924824,6.673258687811407,1.8791406088976175,0.0,14.142797946480098,33.302023937562616,47.44482188404271,52.55517811595727
2003-05-31,43.119411907572854,6.911483923764485,1.8685951505494216,0.0,14.287327159376966,33.81318185873627,48.10050901811324,51.899490981886764
2003-06-30,41.87493881867393,6.763028765704289,1.8753515272389387,0.0,15.001379977783328,34.485300910599506,49.486680888382836,50.513319111617164
2003-07-31,42.319908582039844,6.658406943635731,1.6079358843788003,0.0,14.83129764506197,34.58245094488366,49.413748589945634,50.58625141005437
2003-08-31,42.18930575065003,6.391879175422366,1.623757086112617,0.0,14.839878216114084,34.95517977170092,49.795057987815,50.204942012185015
2003-09-30,42.671495656699335,6.672704454445416,1.6675737675901674,0.0,14.573617310300671,34.41460881096442,48.988226121265086,51.011773878734914
2003-10-31,42.75482808675946,6.593233509331944,1.6898446479955351,0.0,14.560312353659786,34.40178140225328,48.96209375591306,51.03790624408694
2003-11-30,42.30376580765391,6.602581777998251,1.6545036735930057,0.0,14.528658062719476,34.91049067803536,49.43914874075483,50.56085125924517
2003-12-31,41.528962458035515,6.724750110225059,1.6379472724811674,0.0,14.633348408071262,35.474991751187,50.108340159258255,49.891659840741745
2004-01-31,41.612496523077716,6.504486580343769,1.6011920613972652,0.0,15.067826957257536,35.21399787792372,50.28182483518124,49.71817516481875
2004-02-29,40.558853187170364,6.366274098434199,1.5188493298618024,0.0,15.166476995340158,36.38954638919346,51.556023384533624,48.44397661546637
2004-03-31,39.17443182892995,6.543724654249093,1.532976935506742,0.0,15.219988555054966,37.528878026259264,52.748866581314225,47.25113341868578
2004-04-30,39.068331671406085,6.322640053458743,1.4518023277588832,0.0,15.476297119295603,37.680928828080674,53.157225947376276,46.84277405262372
2004-05-31,39.8485485459054,6.564318112614857,1.4779721023736303,0.0,14.70666863020421,37.4024926089019,52.109161239106115,47.89083876089389
2004-06-30,40.06581822732013,6.516778602923212,1.4779278446804565,0.0,14.82472409325031,37.11475123182589,51.9394753250762,48.06052467492379
2004-07-31,39.43463493665658,6.245052231924525,0.7970821260088394,0.0,14.919279026470747,38.60395167893931,53.523230705410064,46.47676929458994
2004-08-31,38.54757139157547,6.136048168269357,0.7771544572266629,0.0,15.111390498027353,39.42783548490117,54.53922598292853,45.460774017071486
2004-09-30,39.237229092051784,6.2035305297157795,0.7475121300620631,0.0,14.756957583814307,39.054770664356084,53.81172824817039,46.188271751829625
2004-10-31,38.82657436762826,6.3207754504124205,0.7661532781012785,0.0,14.945031957201554,39.1414649466565,54.08649690385805,45.91350309614196
2004-11-30,37.44284344682417,6.310456596888948,0.7641957501877854,0.0,15.1086625968028,40.37384160929629,55.482504206099094,44.5174957939009
2004-12-31,36.61820130803095,6.2659268687975045,0.7324014220630087,0.0,15.227436775178283,41.15603362593025,56.38347040110854,43.61652959889146
2005-01-31,35.479547573910565,5.823385290393284,0.6900129001754873,0.0,15.458928241315245,42.54812599420542,58.00705423552066,41.99294576447933
2005-02-28,34.3153804151867,5.722447690885655,0.6542352282810131,0.0,15.59239535891422,43.715541306732405,59.30793666564663,40.69206333435337
2005-03-31,34.27634433812115,5.608670180082562,0.6337020910689656,0.0,15.498839776964699,43.98244361376262,59.48128339072731,40.51871660927268
2005-04-30,31.47838872417693,5.526223847406279,0.6287698582799426,0.0,15.80135826296621,46.56525930717063,62.36661757013684,37.633382429863154
2005-05-31,31.689056297436853,5.2319834602990705,0.6181514788632012,0.0,16.01641898951168,46.4443897738892,62.46080876340088,37.53919123659912
2005-06-30,31.131406537061373,4.568031284393286,0.6048851310200823,0.0,15.538947205075962,48.156729842449295,63.69567704752526,36.30432295247474
2005-07-31,31.113259782026454,4.569551310709492,0.5630358896598859,0.0,15.464515811370374,48.28963720623381,63.75415301760419,36.24584698239583
2005-08-31,30.910634148751953,4.876813390893545,0.5544041209859992,0.0,15.453736378333618,48.204411961034886,63.6581483393685,36.341851660631505
2005-09-30,30.6304093285162,4.193390732194131,0.5427679922765033,0.0,15.822869099197112,48.810562847816044,64.63343194701316,35.366568052986835
2005-10-31,30.41634930803154,3.3415260737030654,0.5195150606561671,0.0,15.628214556051637,50.09439500155759,65.72260955760922,34.27739044239077
2005-11-30,29.921639864428514,3.214976548682548,0.5021271353372824,0.0,15.82478809232273,50.536468359228934,66.36125645155167,33.63874354844834
2005-12-31,29.48515819554699,3.129071919934297,0.807055037715041,0.0,15.510485230804433,51.06822961599925,66.57871484680369,33.42128515319633
2006-01-31,28.589438530953775,3.1456927867419404,0.7842051285730289,0.0,15.675236027942955,51.80542752578832,67.48066355373126,32.519336446268746
2006-02-28,27.955974490087932,3.0167441019617844,0.7623012137058883,0.0,15.586732178136645,52.67824801610775,68.2649801942444,31.735019805755606
2006-03-31,26.562280235326046,2.8146321568095116,0.7544205637071677,0.0,15.71315152297948,54.1555155211778,69.86866704415729,30.131332955842726
2006-04-30,27.67625719348283,3.0454920194538304,0.8055670475888461,0.0,16.095345343625556,52.37733839584894,68.47268373947449,31.527316260525506
2006-05-31,28.454887821795026,3.1495216284699694,0.8364493124467286,0.0,16.000361204555,51.558780032733274,67.55914123728827,32.44085876271173
2006-06-30,28.63492543930546,3.2011393132771473,0.8309717630130371,0.0,15.565624091965303,51.76733939243904,67.33296348440435,32.66703651559564
2006-07-31,28.732452507254642,3.013497401597902,0.7706441344315154,0.0,16.20556506429203,51.27784089242392,67.48340595671594,32.51659404328406
2006-08-31,28.126043394653777,2.9435424245247055,0.7474480071445009,0.0,16.05753997341921,52.125426200257806,68.18296617367702,31.817033826322984
2006-09-30,29.383117433322308,2.93311492772794,0.7337171455883225,0.0,15.26869877311728,51.68135172024416,66.95005049336145,33.049949506638576
2006-10-31,28.797832462197288,2.859545410326848,0.7127731507275126,0.0,15.400756739984287,52.229092236764075,67.62984897674836,32.37015102325165
2006-11-30,29.131501384522807,2.8771370948582207,0.7081847675076243,0.0,14.884771394149446,52.398405358961895,67.28317675311133,32.71682324688865
2006-12-31,29.18333382260798,2.7660174771303327,0.6713826360372565,0.0,14.807134912143729,52.57213115208069,67.37926606422442,32.62073393577557
2007-01-31,29.024830075217373,2.71221678508911,0.6444028944356394,0.0,14.335470627867334,53.28307961739054,67.61855024525786,32.38144975474213
2007-02-28,27.899123733184812,2.6979184148398194,0.6354349418167355,0.0,14.598334867767749,54.1691880423909,68.76752291015865,31.232477089841364
2007-03-31,27.87963124179652,2.719311882903604,0.6312978637616442,0.0,15.378959305283784,53.390799706254455,68.76975901153824,31.230240988461766
2007-04-30,27.007977907304557,2.6884397634227484,0.6104517670435732,0.0,15.598470348758338,54.09466021347078,69.69313056222913,30.306869437770885
2007-05-01,24.939429457028613,2.4205726901555957,0.5549964805702041,0.0,16.049457121519914,56.03554425072568,72.0850013722456,27.91499862775441
2007-06-01,24.03257027946349,2.4225716014082894,0.5398406218816247,0.0,15.73865075118071,57.26636674606588,73.0050174972466,26.994982502753405
2007-07-01,23.82893757795046,2.4446489940543397,0.5365184536675404,0.0,15.024192916241821,58.16570205808584,73.18989497432766,26.810105025672335
2007-08-31,25.324064368319803,2.5945609594533727,0.587708735806358,0.0,14.561485770878269,56.93218016554219,71.49366593642046,28.506334063579537
2007-09-30,24.221813188547564,2.5477790596876737,0.557697459945493,0.0,14.876062142074009,57.796648149745266,72.67271029181927,27.32728970818073
2007-10-31,23.835047133261035,2.561254586687325,0.5528476663860993,0.0,14.88175284175573,58.169097771909804,73.05085061366555,26.949149386334454
2007-11-30,25.058960431319573,2.695202016267385,0.5955145708852446,0.0,15.129066986545434,56.521255994982376,71.65032298152781,28.349677018472203
2007-12-31,24.916282819872603,2.606880085625311,0.5705296151369492,0.0,15.090401365302796,56.81590611406232,71.90630747936511,28.093692520634868
2008-01-31,25.0830784234893,1.5660835195984886,0.5513343351519072,0.0,15.00910556891084,57.790398152849484,72.79950372176033,27.2004962782397
2008-02-29,23.89970544131214,1.2728349343140977,0.5540638618576967,0.0,15.31926526986738,58.95413049264868,74.27339576251606,25.726604237483937
2008-03-31,23.357982797153543,1.2751699479261323,0.5488938107421175,0.0,15.41426119759377,59.40369224658446,74.81795344417823,25.182046555821792
2008-04-30,23.182958805023056,1.2491650413421758,0.5310934409348292,0.0,16.32195965653992,58.714823056160014,75.03678271269993,24.96321728730006
2008-05-31,22.34078226038257,1.1883423409529137,0.5126031293635724,0.0,16.435098840564894,59.523173428736044,75.95827226930095,24.04172773069906
2008-06-30,22.809997302208114,1.226815693104176,0.5163495167973922,0.0,16.728566667825863,58.718270820064454,75.44683748789032,24.553162512109683
2008-07-31,22.193373267344736,1.1661603402994154,0.4869919674346853,0.0,16.802209892495068,59.35126453242609,76.15347442492116,23.84652557507884
2008-08-31,23.9563383004422,1.1863028521153016,0.510462995070021,0.0,17.179585365973303,57.16731048639922,74.34689585237251,25.653104147627527
2008-09-30,26.00372421730312,1.2444912191789514,0.5610878543200841,0.0,16.807585394553893,55.383111314643955,72.19069670919784,27.809303290802156
2008-10-31,28.127548045866448,1.2084925782811653,0.6122203657228937,0.0,16.31819382629957,53.733545183829925,70.0517390101295,29.948260989870505
2008-11-30,27.617325144803605,1.1528162923354301,0.6035004485989135,0.0,16.42807374155191,54.198284372710134,70.62635811426205,29.37364188573795
2008-12-31,27.1557348678048,1.20234227880951,0.609755239513665,0.0,16.5407594296983,54.49140818417369,71.032167613872,28.967832386127974
2009-01-31,29.201272403961397,1.1594839365538054,0.6259432106070139,0.0,15.926900589804449,53.08639985907333,69.01330044887779,30.98669955112222
2009-02-28,29.969889288269723,1.1736865155611236,0.6062617759480247,0.0,15.732914485655222,52.517247934565894,68.25016242022112,31.749837579778873
2009-03-31,30.094397621610895,1.185250497654499,0.5891900625754963,0.0,15.263275706134733,52.86788611202438,68.1311618181591,31.868838181840893
2009-04-30,27.839100510973267,1.0747530535271914,0.5363646945871803,0.0,15.784205654727558,54.76557608618479,70.54978174091234,29.45021825908764
2009-05-31,26.69168725465381,1.048462712630217,0.5092994657280264,0.0,16.63218825318504,55.118362313802905,71.75055056698795,28.249449433012053
2009-06-30,26.63271028133044,1.0325588418368665,0.5020871632449987,0.0,16.628535292455233,55.20410842113246,71.83264371358769,28.167356286412303
2009-07-31,26.17246459351874,1.0174135325889975,0.4942291627763543,0.0,17.46932710311622,54.84656560799968,72.3158927111159,27.684107288884093
2009-08-31,25.63611937247242,1.0035738584399498,0.4905092817405894,0.0,17.267465428470867,55.60233205887619,72.86979748734706,27.13020251265296
2009-09-30,24.560923713788473,0.9769489470479455,0.4815401172850313,0.0,17.719377687608873,56.261209534269675,73.98058722187855,26.01941277812145
2009-10-31,26.01194545987567,0.982807777388668,0.4784267069978084,0.0,17.002886642108802,55.52393341362906,72.52682005573786,27.473179944262142
2009-11-30,25.436467397948213,0.9301861591012204,1.033502897257987,0.0,15.781825498541663,56.81801804715091,72.59984354569258,27.40015645430742
2009-12-31,26.237515390850692,0.8944095732800821,0.970438889194196,0.0,15.294195050079946,56.60344109659508,71.89763614667501,28.10236385332497
2010-01-31,25.340608604334363,0.8417198441822119,0.9583533584674249,0.0,15.35472795457307,57.50459023844293,72.859318193016,27.140681806983995
2010-02-28,25.110355772191124,0.678832920714962,0.8277521328406132,0.0,15.759469895560791,57.62358927869249,73.38305917425328,26.6169408257467
2010-03-31,25.004547337652905,0.6688497273761884,0.8104698456644694,0.0,15.923022796735353,57.59311029257108,73.51613308930644,26.48386691069356
2010-04-30,25.61954846085302,0.6574466584059173,0.7793517326084412,0.0,16.942401564829048,56.00125158330357,72.94365314813261,27.05634685186738
2010-05-31,25.51341982667775,0.5936875614792707,0.8058099474815258,0.0,17.260092054703215,55.826990609658246,73.08708266436146,26.912917335638554
2010-06-30,24.75052284440811,0.5694270429662752,0.7995023007748533,0.0,17.480947601793137,56.39960021005762,73.88054781185076,26.11945218814924
2010-07-31,23.554204234809248,0.5804161119439035,0.7841302531426373,0.0,17.623286849117605,57.45796255098659,75.0812494001042,24.918750599895787
2010-08-31,22.93048499957656,0.5520702888064963,0.7870305522384182,0.0,17.586754161881988,58.14365999749654,75.73041415937854,24.269585840621478
2010-09-30,23.01494619770731,0.5890763720733421,0.7897039935071727,0.0,15.970936281381704,59.63533715533047,75.60627343671217,24.393726563287828
2010-10-31,23.292451870610055,0.6011332234282227,0.8209865847276602,0.0,15.773342972554902,59.51208534867916,75.28542832123406,24.714571678765935
2010-11-30,23.89531077429094,0.5638615426446845,0.8118701548391796,0.0,15.660376629793241,59.06858089843197,74.72895752822521,25.271042471774805
2010-12-31,23.436625509423113,0.5544644279379294,0.8051990031301988,0.0,15.157435862258437,60.04627519725033,75.20371105950878,24.79628894049124
2011-01-31,23.54271560860277,0.5680418771747849,0.8009032230992863,0.0,16.204993459147175,58.88334583197597,75.08833929112315,24.91166070887684
2011-02-28,23.634921980179225,0.574766220884016,0.804713626727207,0.0,16.289668526771116,58.69592964543844,74.98559817220955,25.014401827790444
2011-03-31,23.282294868537374,0.5798932165985711,0.7834900657878939,0.0,16.27661306956923,59.077708779506935,75.35432184907616,24.64567815092384
2011-04-30,21.842517464137796,0.5682297251276799,0.7506287339121539,0.0,16.661460452672298,60.17716362415007,76.83862407682236,23.16137592317763
2011-05-31,22.83522425077544,0.2513719248085801,0.7893264284237491,0.0,17.522023794206344,58.60205360178588,76.12407739599223,23.87592260400777
2011-06-30,22.385704469768985,0.2440311784045674,0.7780862809189948,0.0,17.997396321900677,58.59478174900678,76.59217807090745,23.407821929092545
2011-07-31,23.433506662261923,0.2351031473026476,0.787969847970011,0.0,17.71865672251984,57.8247636199456,75.54342034246544,24.45657965753458
2011-08-31,23.211579246129325,0.23189727275272923,0.7868203312772468,0.0,17.904585059425642,57.86511809041506,75.76970314984071,24.2302968501593
2011-09-30,24.555761577119682,0.22939539620138852,0.8266267202334201,0.0,17.262102603782523,57.126113702662984,74.38821630644551,25.61178369355449
2011-10-31,23.857658533093527,0.22952958423097936,0.7901289122238667,0.0,17.426181013604882,57.69650195684676,75.12268297045163,24.877317029548372
2011-11-30,24.862161047993204,0.21378743637881126,0.8219561070307422,0.0,17.15475297803277,56.947342430564476,74.10209540859725,25.89790459140276
2011-12-01,24.601464758444198,0.19674995983259272,0.8062296148539374,0.0,16.986090143380004,57.40946552348927,74.39555566686927,25.604444333130726
2012-01-01,23.52344134132261,0.18971157085043763,0.7783268761413713,0.0,17.25815055130631,58.250369660379256,75.50852021168556,24.491479788314418
2012-02-01,22.746083785952493,0.18694425113637722,0.7098525244648878,0.0,17.442442489299964,58.91467694914627,76.35711943844623,23.64288056155376
2012-03-01,22.88120680958419,0.18619861149426054,0.7014806006516925,0.0,17.654606441088276,58.57650753718159,76.23111397826986,23.76888602173014
2012-04-01,22.691259550761615,0.1825989260802512,0.7167069620723121,0.0,18.123903791453333,58.2855307696325,76.40943456108583,23.590565438914176
2012-05-01,23.224807904728788,0.16356981737788995,0.7519502180656542,0.0,17.30406178446041,58.555610275367265,75.85967205982767,24.14032794017233
2012-06-01,22.930308355283525,0.16150866472784345,0.7293056477214213,0.0,17.505308797549713,58.673568534717504,76.17887733226722,23.821122667732787
2012-07-01,22.556692714995304,0.15456629016750725,0.7336263256674487,0.0,17.851399600171455,58.70371506899831,76.55511466916977,23.44488533083026
2012-08-01,23.166070344633226,0.16243439981668603,0.7495283597310215,0.0,18.252190537539168,57.66977635827989,75.92196689581905,24.078033104180935
2012-09-30,22.66741317147049,0.16037133981341037,0.7400805536362045,0.0,18.420322068818777,58.01181286626114,76.43213493507992,23.567865064920106
2012-10-31,23.02646090925121,0.16559313069962275,0.7322181053771825,0.0,17.891636772872804,58.184091081799174,76.07572785467198,23.924272145328015
2012-11-30,22.50606956841545,0.14920908137709493,0.6986432948289409,0.0,18.276006478332803,58.37007157704572,76.64607805537852,23.353921944621487
2012-12-31,22.317740033611557,0.14233520609223008,0.4305562768904686,0.0,18.15876318218273,58.95060530122302,77.10936848340576,22.890631516594254
2013-01-31,22.611994317500102,0.14565604181436398,0.40675731978400703,0.0,18.059181357883798,58.7764109630177,76.8355923209015,23.1644076790985
2013-02-28,22.662635983491096,0.14086488765783484,0.40354925073360853,0.0,17.699659522766495,59.093290355350966,76.79294987811747,23.207050121882542
2013-03-01,22.541503934857502,0.13736978333572133,0.39455086034303766,0.0,15.210923353510722,61.71565206795303,76.92657542146375,23.07342457853626
2013-04-30,22.675026891179556,0.14359901190123753,0.3829176542710732,0.0,15.57494754407214,61.22350889857599,76.79845644264813,23.20154355735187
2013-05-31,23.19790168608683,0.13126377579715398,0.38024679308987536,0.0,15.759147212486733,60.53144053253939,76.29058774502613,23.70941225497386
2013-06-30,23.397747632086165,0.12938603856773642,0.38905707789834776,0.0,15.948086910179363,60.13572234126839,76.08380925144775,23.91619074855225
2013-07-31,22.67233469471029,0.12824993272142904,0.38137539518173136,0.0,16.052231345428957,60.76580863195758,76.81803997738655,23.181960022613453
2013-08-31,22.934819401968486,0.12782417196454335,0.3834560181323596,0.0,15.894224009058034,60.65967639887656,76.55390040793459,23.44609959206539
2013-09-30,23.615473231915235,0.12472957776386542,0.3660651308733536,0.0,15.82637952942707,60.06735253002048,75.89373205944754,24.106267940552453
2013-10-31,23.01836045187611,0.12171061961573233,0.3564535001389129,0.0,16.095264355022437,60.40821107334682,76.50347542836926,23.496524571630754
2013-11-30,23.521849160002578,0.11134493745222791,0.351513813640162,0.0,16.1544776581119,59.86081443079312,76.01529208890501,23.984707911094983
2013-12-31,23.196092434652044,0.10813359037803036,0.3328219385009653,0.0,15.659608037178666,60.7033439992903,76.36295203646895,23.637047963531042
2014-01-31,25.41936372729079,0.10676251131982671,0.3507664990721892,0.0,15.872106559162694,58.251000703154496,74.12310726231719,25.876892737682805
2014-02-28,25.501165855938407,0.1091907610053333,0.35154878257553906,0.0,16.001768387893204,58.03632621258751,74.0380946004807,25.96190539951928
2014-03-31,24.120108426659897,0.10322690663459909,0.3299367833953375,0.0,16.856405629198168,58.590322254111996,75.44672788331016,24.55327211668984
2014-04-30,23.455421559441273,0.10103581025257694,0.3236453431007218,0.0,17.43441732823946,58.68547995896598,76.11989728720545,23.880102712794574
2014-05-31,23.67937378408518,0.08901993510884837,0.33038015149745886,0.0,18.32532860674487,57.57589752256364,75.90122612930853,24.098773870691485
2014-06-30,22.915710429226664,0.08569983704066231,0.3219953689334747,0.0,18.059727147148575,58.616867217650636,76.67659436479921,23.323405635200803
2014-07-31,22.6982107537759,0.08302599785586563,0.3146947215037123,0.0,18.52588040953576,58.378188117328754,76.9040685268645,23.09593147313548
2014-08-31,22.950823480982134,0.08271990427381781,0.3152119715357057,0.0,18.679610995907932,57.971633647300415,76.65124464320834,23.348755356791656
2014-09-30,23.655401105389718,0.08143216647419294,0.3079995029273553,0.0,18.64603550591304,57.30913171929568,75.95516722520873,24.04483277479128
2014-10-31,24.059122168196847,0.07893404067082857,0.29442736962354854,0.0,17.722144521725532,57.845371899783224,75.56751642150876,24.432483578491222
2014-11-30,25.279050502741136,0.0707786213492867,0.29429146267958217,0.0,17.76791022342378,56.587969189806216,74.35587941323,25.644120586770004
2014-12-31,27.399031437656568,0.07230347792049636,0.30976052941715604,0.0,17.142371777043984,55.076532777961795,72.21890455500578,27.781095444994218
2015-01-31,28.546799786856354,0.06680607361555967,0.3152589081449784,0.0,17.446615246891966,53.62451998449115,71.07113523138311,28.92886476861689
2015-02-28,29.113615499023076,0.06746895599747176,0.31504741273154835,0.0,15.41209862596401,55.091769506283896,70.5038681322479,29.4961318677521
2015-03-31,30.253905297620694,0.06490310691478081,0.3173586428301002,0.0,15.452287329382115,53.91154562325231,69.36383295263443,30.636167047365575
2015-04-30,28.570212489629142,0.06424846720354153,0.30048494575161805,0.0,16.09338702167627,54.97166707573944,71.0650540974157,28.934945902584303
2015-05-31,28.983826777409682,0.052612638620164145,0.2957781434636441,0.0,15.685035760052141,54.982746680454355,70.66778244050649,29.33221755949349
2015-06-30,29.54298641833148,0.05375497567512761,0.30640733780289686,0.0,16.14138938051182,53.95546188767868,70.09685126819049,29.9031487318095
2015-07-31,31.885574491519737,0.057551361440545394,0.32675889917883144,0.0,16.093721267664588,51.63639398019632,67.7301152478609,32.26988475213911
2015-08-31,33.138118177436375,0.061219984945165604,0.35045691420725267,0.0,15.969759287599214,50.480445635811996,66.45020492341122,33.549795076588794
2015-09-30,33.442752857410866,0.058204819705336065,0.34107091440340465,0.0,15.827739796173223,50.330231612307166,66.15797140848039,33.842028591519615
2015-10-31,33.48392769882612,0.3293535933490542,0.3346216883676531,0.0,16.896855299781222,48.955241719675946,65.85209701945716,34.147902980542824
2015-11-30,34.71449410036054,0.3169029499685242,0.34268843144904565,0.0,17.204043558824754,47.42187095939714,64.62591451822189,35.3740854817781
2015-12-31,34.79564554462422,0.9636550589894602,0.34476200592571976,0.0,16.87818772769041,47.017749662770186,63.8959373904606,36.1040626095394
2016-01-31,35.87545208312618,0.9902268705837766,0.35896218867659013,0.0,16.98608784730402,45.78927101030944,62.77535885761346,37.224641142386545
2016-02-29,35.22781459695059,0.9690575528171423,0.37172097403850074,0.0,17.555786884024897,45.87561999216888,63.431406876193776,36.568593123806224
2016-03-31,32.38466814006422,2.2562138477126195,0.34381857541248195,0.0,18.29611163732273,46.71918779948795,65.01529943681068,34.98470056318932
2016-04-30,30.957558486596582,2.1702749148497142,0.3454060221779128,0.0,18.860251132989422,47.666509443386374,66.52676057637579,33.47323942362421
2016-05-31,31.47401840317285,2.7252497510865346,0.3405614810793693,0.0,17.61803471430423,47.842135650357,65.46017036466122,34.539829635338755
2016-06-30,30.406234505029374,2.6319490077364316,0.3563514623562682,0.0,18.40047356426023,48.204991460617705,66.60546502487793,33.39453497512208
2016-07-31,31.55451786913434,2.75041105031006,0.37033935842299914,0.0,18.376355266673052,46.94837645545954,65.32473172213258,34.6752682778674
2016-08-31,30.19196812293402,2.6255525478545545,0.35168236492219956,0.0,18.87033614849611,47.96046081579311,66.83079696428923,33.16920303571077
2016-09-30,29.539849920315568,2.5968250696323922,0.35227999268101295,0.0,19.212149659157678,48.298895358213336,67.511045017371,32.48895498262899
2016-10-31,29.924956283705356,2.568621790670374,0.34415706205053354,0.0,18.960419909961548,48.201844953612195,67.16226486357374,32.83773513642626
2016-11-30,31.306490299095906,2.6205173435171343,0.3275830808966852,0.0,18.441913212958266,47.303496063532,65.74540927649026,34.254590723509736
2016-12-31,30.332421871309784,3.2972174169814323,0.30688640134685113,0.0,18.69956007695273,47.36391423340922,66.06347431036195,33.93652568963805
2017-01-31,30.41310900324177,3.2931906426261737,0.30997885390399493,0.0,19.034230380979718,46.94949111924835,65.98372150022807,34.01627849977194
2017-02-28,29.74592291382077,3.173106971323811,0.3058152350013044,0.0,19.3477032348143,47.42745164503981,66.7751548798541,33.224845120145886
2017-03-31,29.19672739499473,3.1411619136906226,0.3021353448813198,0.0,19.598533047678842,47.76144229875448,67.35997534643332,32.64002465356668
2017-04-30,29.431076208070365,3.225882294410956,0.30441781999034756,0.0,19.691779028522774,47.346844649005554,67.03862367752834,32.96137632247167
2017-05-31,29.38482945454382,3.399536385654199,0.30722166061809475,0.0,18.009609708387124,48.89880279079676,66.90841249918388,33.09158750081612
2017-06-30,30.276470083175795,3.5597287695690247,0.31230631565509415,0.0,18.195002262056686,47.6564925695434,65.85149483160009,34.148505168399915
2017-07-31,29.55138641719192,3.5940119833711273,0.3101864010660659,0.0,18.372086251188986,48.1723289471819,66.54441519837088,33.455584801629115
2017-08-31,29.785829704248656,3.4857929700418477,0.29966375956267804,0.0,18.29608104874994,48.132632517396885,66.42871356614683,33.57128643385318
2017-09-30,29.66196453115201,3.46324399268589,0.2925279478649407,0.0,18.479459401537515,48.10280412675966,66.58226352829718,33.41773647170284
2017-10-31,30.028705083792513,3.455926673906551,0.29355061049437253,0.0,18.408524796740604,47.813292835065965,66.22181763180657,33.77818236819344
2017-11-30,29.77368624387805,3.5181913310400352,0.2965280255524474,0.0,18.4788927970161,47.932701602513355,66.41159439952946,33.58840560047053
2017-12-31,29.403798303224832,3.479891490579131,0.2894991949182414,0.0,18.439102708163976,48.38770830311383,66.82681101127781,33.1731889887222
2018-01-31,28.34149912980541,3.446405743142477,0.2849242153019195,0.0,18.991002047611968,48.93616886413822,67.9271709117502,32.072829088249804
2018-02-28,28.01521395690298,3.4235956828172096,0.28854637830951896,0.0,19.08519194997721,49.18745203199306,68.27264398197028,31.727356018029706
2018-03-31,27.226893107300555,3.8284384396783757,0.28192142160413236,0.0,19.463326027613828,49.19942100380311,68.66274703141694,31.337252968583062
2018-04-30,26.89312452122983,3.8786874287874236,0.2710924808300619,0.0,19.809703856403278,49.14739171274941,68.9570955691527,31.04290443084731
2018-05-31,26.983293906533657,3.768883025603357,0.2747349232743391,0.0,19.953138136402973,49.01995000818567,68.97308814458863,31.026911855411356
2018-06-30,27.20814428665552,3.808424759133248,0.2721716568082339,0.0,20.088778309989422,48.622480987413574,68.71125929740299,31.288740702597007
2018-07-31,26.42365830883197,3.709220669485938,0.2615863531745863,0.0,20.307365499718596,49.298169168788895,69.6055346685075,30.394465331492498
2018-08-31,26.982438854633422,3.7707166417711857,0.27015330522472947,0.0,20.22484647049901,48.75184472787167,68.97669119837069,31.02330880162934
2018-09-30,26.459818219235682,3.911659236539057,0.2592792154229339,0.0,20.33927254993243,49.02997077886992,69.36924332880234,30.630756671197673
2018-10-31,28.39079334228311,3.9802857070654487,0.2719748761366331,0.0,21.176664394637264,46.180281679877545,67.35694607451481,32.64305392548519
2018-11-30,28.817376411998534,4.015401854466822,0.27362419337108324,0.0,21.263223740556843,45.63037379960673,66.89359754016357,33.106402459836445
2018-12-31,28.333239614950777,3.919852044196247,0.2736950092822615,0.0,20.569384858924796,46.903828472645934,67.47321333157072,32.52678666842929
2019-01-31,29.240545531305106,3.8799242108094503,0.2721906928434189,0.0,21.152778461165816,45.454561103876195,66.60733956504201,33.392660434957975
2019-02-28,28.29102005876014,3.73176849176478,0.2577821245313154,0.0,21.436907819489427,46.28252150545434,67.71942932494377,32.28057067505624
2019-03-31,28.320419329008335,3.768835652085292,0.2655215579177902,0.0,21.594038740380118,46.05118472060845,67.64522346098856,32.35477653901142
2019-04-30,28.640116676055676,3.8027362893434677,0.26655240655405765,0.0,20.381170468255092,46.90942415979171,67.2905946280468,32.7094053719532
2019-05-31,29.194066598116976,3.885661858609467,0.28200804115719846,0.0,20.249001922851498,46.389261579264875,66.63826350211637,33.36173649788364
2019-06-30,27.72198317794286,3.779594774449436,0.27038612150075286,0.0,20.79540018823976,47.43263573786717,68.22803592610694,31.77196407389305
2019-07-31,27.90837240342571,3.694530692276436,0.2694489329862925,0.0,20.480064315679602,47.647583655631976,68.12764797131157,31.872352028688432
2019-08-31,28.68144733335542,3.748214642334655,0.28168170563465667,0.0,20.208393233325385,47.08026308534989,67.28865631867527,32.711343681324735
2019-09-30,29.27830688736971,3.804606439956844,0.2835191795978422,0.0,20.63000960104816,46.00355789202744,66.6335674930756,33.36643250692439
2019-10-31,28.705200506882665,3.7930197938485914,0.276011868557831,0.0,20.689143282015596,46.536624548695315,67.22576783071091,32.774232169289085
2019-11-30,29.521678175612326,3.823372288782609,0.0,0.0,20.375811393361253,46.279138142243816,66.65494953560507,33.34505046439493
2019-12-31,28.963801690671975,3.7606037187688526,0.0,0.0,21.140112691404088,46.13548189915508,67.27559459055918,32.72440540944083
2020-01-31,29.663792216803152,3.6598568059747802,0.0,0.0,20.191668784402005,46.48468219282007,66.67635097722207,33.323649022777936
2020-02-29,29.58073250094356,3.705952199132885,0.0,0.0,20.133480258854107,46.57983504106943,66.71331529992354,33.28668470007645
2020-03-31,32.93351093923498,4.033628383562331,0.0,0.0,19.266410348361067,43.76645032884162,63.032860677202684,36.96713932279731
2020-04-30,33.425797547737574,3.8836780177511216,0.0,0.0,19.541788240992336,43.148736193518964,62.690524434511296,37.30947556548869
2020-05-31,31.571056464860227,3.660606918828662,0.0,0.0,19.109345658620715,45.6589909576904,64.76833661631112,35.23166338368889
2020-06-30,32.93560576151067,3.6650261248696006,0.0,0.0,18.929721892883393,44.46964622073632,63.399368113619715,36.60063188638028
2020-07-31,33.111737562568436,3.745550875517344,0.0,0.0,18.069930457642744,45.072781104271456,63.1427115619142,36.85728843808578
2020-08-31,33.1238799526497,3.749401321339594,0.0,0.0,17.990777014878308,45.135941711132396,63.12671872601071,36.87328127398929
2020-09-30,33.53386704931566,3.699853608055543,0.0,0.0,17.75289492185941,45.0133844207694,62.766279342628806,37.2337206573712
2020-10-31,33.0578815757248,3.697282974359681,0.0,0.0,17.824049891368144,45.42078555854738,63.24483544991553,36.75516455008449
2020-11-30,31.36495034975239,3.566197348974889,0.0,0.0,18.287673603775247,46.781178697497474,65.06885230127271,34.93114769872728
2020-12-31,32.44006543108096,3.747067860579815,0.0,0.0,17.94526721404835,45.867599494290886,63.812866708339236,36.18713329166078
2021-01-31,33.860354942069876,3.7960998623425906,0.0,0.0,17.827428382458237,44.516116813129294,62.34354519558754,37.65645480441246
2021-02-28,33.63370191259889,3.808347347668221,0.0,0.0,17.82637637192639,44.7315743678065,62.557950739732895,37.44204926026711
2021-03-31,34.2169711039238,3.682986879525263,0.0,0.0,17.071571312397133,45.028470704153804,62.10004201655094,37.89995798344906
2021-04-30,34.853641136449426,3.7633829644657943,0.0,0.0,16.965967013736414,44.417008885348366,61.38297589908478,38.61702410091522
2021-05-31,34.4600022421445,3.7370052570531684,0.0,0.0,17.1703037007589,44.632688800043404,61.80299250080235,38.19700749919766
2021-06-30,34.78620899862834,3.6237921905287,0.0,0.0,17.348038705496865,44.241960105346095,61.589998810842964,38.41000118915704
2021-07-31,34.78926933409567,3.6613005163345673,0.0,0.0,17.30254119574125,44.2468889538285,61.54943014956975,38.45056985043024
2021-08-31,34.93756242431794,3.5898634451729374,0.0,0.0,17.532880952780534,43.93969317772857,61.4725741305091,38.52742586949087
2021-09-30,34.35562904644013,3.6031082986067067,0.0,0.0,17.892399790180335,44.148862864772845,62.04126265495318,37.958737345046835
2021-10-31,34.51774062377686,3.5569875533098925,0.0,0.0,17.889918912824612,44.03535291008864,61.92527182291325,38.074728177086754
2021-11-30,35.81640263908902,3.551759626772246,0.0,0.0,17.952620300267977,42.679217433870754,61.92527182291325,38.074728177086754
2021-12-31,36.1071398413763,3.7255849971105697,0.0,0.0,18.081091378040167,42.086183783472926,60.16727516151309,39.832724838486904
2022-01-31,35.75252802887617,3.527784700398038,0.0,0.0,18.037394580402058,42.68229269032373,60.719687270725785,39.28031272927421
2022-02-28,34.77762209404723,3.580248841024584,0.0,0.0,18.408144583126003,43.23398448180218,61.642129064928184,38.35787093507182
2022-03-31,33.31746905672147,3.424710635408253,0.0,0.0,19.083929852112828,44.173890455757444,63.25782030787027,36.742179692129724
2022-04-30,34.16804288009801,3.3478777423088704,0.0,0.0,18.793182338731317,43.6908970388618,62.48407937759312,37.515920622406874
2022-05-31,33.76752223940918,3.3072388728350965,0.0,0.0,18.75249584574635,44.17274304200938,62.92523888775572,37.074761112244275
2022-06-30,35.233296548279384,3.3532031854145115,0.0,0.0,18.730848612938377,42.68265165336773,61.41350026630611,38.5864997336939
2022-07-31,35.71843074752587,3.2892964422228124,0.0,0.0,18.520770636517504,42.4715021737338,60.992272810251315,39.007727189748685
2022-08-31,36.027091035585336,3.2528114741424643,0.0,0.0,18.46066119416659,42.259436296105605,60.720097490272195,39.2799025097278
2022-09-30,36.31406998069918,3.3045867238465982,0.0,0.0,18.45990325269893,41.92144004275529,60.381343295454215,39.61865670454578
2022-10-31,37.321101391732,3.4269018969779608,0.0,0.0,18.114016402955933,41.13798030833411,59.25199671129005,40.74800328870997
2022-11-30,37.25229997220572,3.5524852618449856,0.0,0.0,18.194601564631803,41.00061320131748,59.19521476594928,40.8047852340507
2022-12-31,37.37749486201996,3.680857366291984,0.0,0.0,17.80676910626495,41.13487866542311,58.94164777168807,41.058352228311946
2023-01-31,36.26438428953118,3.631460542372668,0.0,0.0,18.2938231780871,41.81033199000906,60.10415516809615,39.895844831903844
2023-02-28,37.918904474846634,3.601140970455854,0.0,0.0,16.824563078826642,41.65539147587087,58.47995455469752,41.520045445302486
2023-03-31,36.32166997102805,3.5670183158704294,0.0,0.0,17.465393371458333,42.645918341643174,60.111311713101514,39.888688286898486
2023-04-30,36.03416294522363,3.5935048039498505,0.0,0.0,17.509638831784635,42.86269341904189,60.372332250826524,39.627667749173476
2023-05-31,34.48271281038381,3.332905860017192,0.0,0.0,18.130649920304684,44.05373140929431,62.18438132959899,37.815618670401
2023-06-30,33.28503248196555,3.2672755311542443,0.0,0.0,18.70124603706429,44.7464459498159,63.44769198688019,36.5523080131198
2023-07-31,31.721832787113435,3.1568697030351616,0.0,0.0,19.233972808289014,45.887324701562385,65.12129750985139,34.8787024901486
2023-08-31,32.2944013093363,3.1749465128830643,0.0,0.0,19.12492267350025,45.40572950428038,64.53065217778064,35.46934782221937
2023-09-30,32.39168007777245,3.0769231031959423,0.0,0.0,19.398212654686045,45.13318416434557,64.53139681903161,35.468603180968394
2023-10-31,31.673063062789332,3.053338455808917,0.0,0.0,19.369291288656257,45.9043071927455,65.27359848140175,34.72640151859825
2023-11-30,32.04905919418374,3.0196938240564224,0.0,0.0,19.272187872532726,45.65905910922711,64.93124698175983,35.06875301824016
2023-12-31,31.70772888792562,2.9805485219794434,0.0,0.0,19.710240832907598,45.62851834307934,65.31172259009494,34.68827740990506
2024-01-31,32.12330111077994,2.9627951031089372,0.0,0.0,19.700660247067304,45.213243539043816,64.91390378611112,35.08609621388888
2024-02-28,31.636695355065097,2.9096607222843036,0.0,0.0,19.651503834501707,45.8021400881489,65.4536439226506,34.5463560773494
2024-03-31,30.78283732790228,3.057488281090863,0.0,0.0,20.199509414868004,45.96016497613886,66.15967439100687,33.84032560899314
2024-04-30,30.84274464476912,2.9821219386129982,0.0,0.0,20.108575825311053,46.06655759130684,66.1751334166179,33.82486658338212
2024-05-31,30.197742813715955,2.985397260553552,0.0,0.0,20.337851494232194,46.47900843149831,66.8168599257305,33.18314007426951
2024-06-30,31.13135856241928,3.0340044903858554,0.0,0.0,19.886152483805002,45.94848446338986,65.83463694719487,34.165363052805134
2024-07-31,31.03091819935851,3.018160856422444,0.0,0.0,20.154573664396104,45.79634727982293,65.95092094421904,34.04907905578095
2024-08-31,30.875991521909697,3.09427702721688,0.0,0.0,19.911910069581833,46.1178213812916,66.02973145087343,33.97026854912657
2024-09-30,30.596557764869292,3.0913263490051928,0.0,0.0,19.653082626661657,46.659033259463854,66.31211588612551,33.68788411387448
2024-10-31,31.6610191210313,3.1163431208091237,0.0,0.0,19.269330639490924,45.95330711866866,65.22263775815958,34.77736224184042
2024-11-30,32.28656882521329,2.940965951102154,0.0,0.0,18.622323343755387,46.15014187992917,64.77246522368456,35.22753477631544
2024-12-31,31.79024048825625,2.8448376861171387,0.0,0.0,18.51497848532151,46.84994334030511,65.36492182562662,34.63507817437339
2025-01-31,29.767083885035127,2.6730568401871273,0.0,0.0,18.719123336533467,48.840735938244265,67.55985927477774,32.44014072522226
2025-02-28,28.986870992469477,2.6321212255239788,0.0,0.0,18.995827020826507,49.38518076118004,68.38100778200655,31.61899221799346
2025-03-31,28.983303666630345,2.7281848236721005,0.0,0.0,19.047828633374035,49.24068287632352,68.28851150969754,31.711488490302447
2025-04-30,29.447254640827186,2.783513611759054,0.0,0.0,18.74705211085025,49.022179636563514,67.76923174741376,32.23076825258624
2025-05-31,28.728952734334595,2.7061156594402833,0.0,0.0,18.296661579506285,50.26827002671883,68.56493160622512,31.435068393774877
2025-06-30,28.13363942272539,2.7343524551298173,0.0,0.0,18.597694124053977,50.53431399809081,69.13200812214478,30.86799187785521
2025-07-31,28.112489934421703,2.6621531510542686,0.0,0.0,18.308864472220083,50.91649244230396,69.22535691452406,30.774643085475972
2025-08-31,26.06041302973195,2.65219670507193,0.0,0.0,18.817234593474655,52.47015567172145,71.28739026519611,28.71260973480388
2025-09-30,23.76650966231921,3.8300288973354504,0.0,3.128146474038651,17.751600618529142,51.52371434777755,70.96082758643858,29.0391724135614
2025-10-31,23.004708699821116,3.826043568514464,0.0,3.8504557059942734,17.904290271841035,51.4145017538291,69.31879202567013,30.68120797432985
2025-11-30,20.3346785893315,4.3518899027258335,0.0,4.677528452205368,18.125255828445145,52.51064722729216,70.6359030557373,29.364096944262702
2025-12-31,19.02258805114644,4.45375880684866,0.0,5.857025452509151,18.010606087617177,52.65602160187859,70.66662768949577,29.333372310504252
2026-01-31,19.010174422565886,4.354033212215224,0.0,6.540330702650136,17.83230865407512,52.263153008493624,70.09546166256875,29.90453833743124
2026-02-28,18.893908559992205,4.317352418860041,0.0,6.5606668984609415,17.57764519998196,52.79251216198685,70.37036597625182,29.629634023748185
2026-03-31,17.792917963540965,4.053733331000648,0.0,6.433302389730038,18.32477483608346,53.39527147964489,71.72004631572835,28.279953684271653
2026-04-30,16.089369802027246,4.187683307978922,0.0,5.823402315916041,19.208715377543655,54.69082919653413,73.8995445740778,26.10045542592221
2026-05-31,15.222475563000891,4.297200194223081,0.0,4.62167392708951,19.69752412957765,56.16112618610888,75.85865031568653,24.141349684313486
