Fecha,COP,UVR indexado (COP),USD,% Moneda local,% Moneda extranjera
2001-06-30,68.6728744136964,25.95913642477774,5.369624212507337,94.63201083847413,5.369624212507337
2001-07-31,67.3407137035235,25.775351740251516,6.883934556224965,93.11606544377501,6.883934556224965
2001-08-31,67.1532603921551,25.333590287251774,7.513149320593129,92.48685067940687,7.513149320593129
2001-09-30,66.73355470305087,25.399219725198158,7.867225571750963,92.13277442824904,7.867225571750963
2001-10-31,65.77967973473046,25.869228385842575,8.351091879426956,91.64890812057305,8.351091879426956
2001-11-30,65.71097174218191,25.724589753817817,8.56443850400027,91.43556149599974,8.56443850400027
2001-12-31,68.5587143797353,23.626549531092326,7.814736089172358,92.18526391082763,7.814736089172358
2002-01-31,69.75660029464905,23.921847526760672,6.321552178590281,93.67844782140972,6.321552178590281
2002-02-28,68.68351894328481,25.517212107904697,5.7992689488104965,94.2007310511895,5.7992689488104965
2002-03-31,69.29548971473648,25.913455875546692,4.791054409716834,95.20894559028316,4.791054409716834
2002-04-30,69.29810669425068,25.92501914046828,4.776874165281042,95.22312583471897,4.776874165281042
2002-05-31,68.95313159249561,26.430008023082614,4.616860384421775,95.38313961557823,4.616860384421775
2002-06-30,69.46423916609594,27.019563619072628,3.5161972148314353,96.48380278516856,3.5161972148314353
2002-07-31,68.97687764857466,27.185627194958666,3.8374951564666673,96.16250484353333,3.8374951564666673
2002-08-31,68.81148138732641,27.23532126135122,3.9531973513223657,96.04680264867763,3.9531973513223657
2002-09-30,68.47019855761812,27.402361410610215,4.127440031771675,95.87255996822834,4.127440031771675
2002-10-31,68.48321704168438,27.47825210398191,4.038530854333698,95.9614691456663,4.038530854333698
2002-11-30,68.48151468202069,27.527666058469478,3.990819259509838,96.00918074049017,3.990819259509838
2002-12-31,67.94517235208278,26.71337612711056,5.341451520806661,94.65854847919334,5.341451520806661
2003-01-31,67.84610604332457,26.768745141667143,5.385148815008282,94.6148511849917,5.385148815008282
2003-02-28,67.25922767516121,28.114400408133587,4.626371916705202,95.3736280832948,4.626371916705202
2003-03-31,66.8197609986314,28.563325432639104,4.6169135687294975,95.3830864312705,4.6169135687294975
2003-04-30,67.07322668773912,28.484848081355974,4.441925230904905,95.5580747690951,4.441925230904905
2003-05-31,67.25500979110912,28.417743470788214,4.327246738102654,95.67275326189734,4.327246738102654
2003-06-30,66.72683516245787,29.02670362604478,4.246461211497351,95.75353878850265,4.246461211497351
2003-07-31,67.20269800084205,28.838877582686585,3.958424416471378,96.04157558352863,3.958424416471378
2003-08-31,67.82979583042285,28.796473544738333,3.373730624838826,96.62626937516119,3.373730624838826
2003-09-30,67.87024052585778,28.741134836516906,3.388624637625305,96.6113753623747,3.388624637625305
2003-10-31,67.89530758679003,28.73621206565538,3.3684803475545873,96.6315196524454,3.3684803475545873
2003-11-30,68.28517363163476,28.41816082154482,3.296665546820417,96.70333445317958,3.296665546820417
2003-12-31,68.54099176762355,28.2729935444402,3.1860146879362503,96.81398531206375,3.1860146879362503
2004-01-31,67.85855872963012,29.036209522463114,3.1052317479067724,96.89476825209323,3.1052317479067724
2004-02-29,68.57771827289773,28.581900292323876,2.840381434778396,97.15961856522159,2.840381434778396
2004-03-31,69.23599043145371,28.078936471996013,2.6850730965502745,97.31492690344972,2.6850730965502745
2004-04-30,69.01099531819601,28.344170413516874,2.6448342682871164,97.35516573171287,2.6448342682871164
2004-05-31,69.80427141724736,27.447055452714963,2.7486731300376674,97.25132686996233,2.7486731300376674
2004-06-30,69.66308612443818,27.825487090792063,2.511426784769755,97.48857321523023,2.511426784769755
2004-07-31,70.41741949477242,27.214238026820993,2.3683424784066003,97.63165752159341,2.3683424784066003
2004-08-31,70.65174418421854,27.078486115305843,2.269769700475605,97.7302302995244,2.269769700475605
2004-09-30,70.91660966311665,26.796045220197502,2.287345116685852,97.71265488331416,2.287345116685852
2004-10-31,70.74421449358462,27.01162431796148,2.2441611884539148,97.7558388115461,2.2441611884539148
2004-11-30,71.49109082931022,27.277551155826192,1.2313580148635819,98.76864198513641,1.2313580148635819
2004-12-31,71.96791689361935,26.866643084576154,1.1654400218045002,98.8345599781955,1.1654400218045002
2005-01-31,72.06867885585588,26.817286433119293,1.1140347110248376,98.88596528897516,1.1140347110248376
2005-02-28,72.20731179736339,26.72734938913408,1.0653388135025499,98.93466118649746,1.0653388135025499
2005-03-31,72.46072272291849,26.473839272051624,1.0654380050299035,98.93456199497011,1.0654380050299035
2005-04-30,73.26819542755008,25.72593178407493,1.0058727883749792,98.99412721162501,1.0058727883749792
2005-05-31,72.96105493168459,26.03948040840338,0.999464659912039,99.00053534008796,0.999464659912039
2005-06-30,74.2533678231903,24.766411027789808,0.9802211490198861,99.01977885098012,0.9802211490198861
2005-07-31,74.42512087178318,24.6217127644541,0.9531663637627221,99.04683363623728,0.9531663637627221
2005-08-31,74.41841846170949,24.63821901423152,0.9433625240589876,99.05663747594102,0.9433625240589876
2005-09-30,74.21357128040668,24.8479799071557,0.9384488124376202,99.06155118756239,0.9384488124376202
2005-10-31,74.96916159237217,24.123692033996953,0.9071463736308518,99.09285362636912,0.9071463736308518
2005-11-30,74.893052386028,24.219698174863886,0.8872494391081108,99.11275056089188,0.8872494391081108
2005-12-31,75.26775120093694,23.861531785325692,0.8707170137373769,99.12928298626262,0.8707170137373769
2006-01-31,75.35481040687756,23.79935653475245,0.8458330583699859,99.15416694163002,0.8458330583699859
2006-02-28,75.70225362213232,23.478792979077276,0.8189533987903995,99.1810466012096,0.8189533987903995
2006-03-31,76.31115045222974,23.339430482255274,0.3494190655149925,99.650580934485,0.3494190655149925
2006-04-30,75.21295939925335,24.415009432586526,0.37203116816011156,99.62796883183988,0.37203116816011156
2006-05-31,74.9098084347565,24.701495552906483,0.388696012337015,99.61130398766298,0.388696012337015
2006-06-30,75.62671537964196,23.973854926018795,0.39942969433925113,99.60057030566077,0.39942969433925113
2006-07-31,74.68735701021836,24.93496076282143,0.3776822269601972,99.62231777303981,0.3776822269601972
2006-08-31,75.02103149915301,24.613664511121737,0.3653039897252524,99.63469601027475,0.3653039897252524
2006-09-30,75.70528176245466,23.92074379107763,0.3739744464677081,99.62602555353229,0.3739744464677081
2006-10-31,75.7636613390863,23.877594190034447,0.3587444708792605,99.64125552912074,0.3587444708792605
2006-11-30,76.427277717887,23.218183400756708,0.3545388813562962,99.64546111864371,0.3545388813562962
2006-12-31,76.59708523509094,23.059882685474957,0.34303207943410435,99.6569679205659,0.34303207943410435
2007-01-31,77.42973615197981,22.22940692061387,0.3408569274063146,99.65914307259368,0.3408569274063146
2007-02-28,77.42976056563236,22.240933999640077,0.32930543472756235,99.67069456527244,0.32930543472756235
2007-03-31,76.21880942506003,23.45076517076888,0.3304254041710846,99.6695745958289,0.3304254041710846
2007-04-30,76.21800303067991,23.465720271971506,0.31627669734857866,99.68372330265142,0.31627669734857866
2007-05-01,76.39675719511081,23.32133420175995,0.2819086031292346,99.71809139687076,0.2819086031292346
2007-06-30,76.78260502368998,22.93610475241076,0.2812902238992424,99.71870977610074,0.2812902238992424
2007-07-31,77.8855665531479,21.83291170159579,0.28152174525631596,99.71847825474369,0.28152174525631596
2007-08-31,78.05330760006628,21.640354834063615,0.3063375658701101,99.69366243412989,0.3063375658701101
2007-09-30,77.95012126700858,21.76265119188337,0.2872275411080268,99.71277245889196,0.2872275411080268
2007-10-31,78.06211032410138,21.654925346188968,0.2829643297096331,99.71703567029036,0.2829643297096331
2007-11-30,77.20010101527478,22.49660128531313,0.3032976994120762,99.69670230058792,0.3032976994120762
2007-12-31,77.35632821837599,22.349498253904372,0.2941735277196153,99.70582647228036,0.2941735277196153
2008-01-31,77.79186374570796,21.930808431909593,0.2773278223824578,99.72267217761754,0.2773278223824578
2008-02-29,77.81937499177558,21.92129699386652,0.2593280143579096,99.7406719856421,0.2593280143579096
2008-03-31,77.88212274460886,21.867537102888218,0.250340152502922,99.74965984749709,0.250340152502922
2008-04-30,76.64520632847544,23.106865145755044,0.2479285257695043,99.75207147423049,0.2479285257695043
2008-05-31,76.72659201047404,23.034859102240432,0.23854888728553095,99.76145111271447,0.23854888728553095
2008-06-30,76.1182755687376,23.632064456337737,0.2496599749246551,99.75034002507535,0.2496599749246551
2008-07-31,76.20290848874377,23.558235149691843,0.23885636156439788,99.76114363843561,0.23885636156439788
2008-08-31,75.02198585066358,24.7131190664848,0.26489508285161667,99.73510491714839,0.26489508285161667
2008-09-30,74.82896582853343,24.875950805258952,0.2950833662076119,99.70491663379238,0.2950833662076119
2008-10-31,74.80339250566371,24.87757421429187,0.31903328004441567,99.68096671995558,0.31903328004441567
2008-11-30,74.86210004231387,24.82748117558015,0.31041878210597823,99.68958121789402,0.31041878210597823
2008-12-31,74.8544213043598,24.84707748935156,0.2985012062886333,99.70149879371138,0.2985012062886333
2009-01-01,75.10197382472322,24.583518628617938,0.3145075466588386,99.68549245334117,0.3145075466588386
2009-02-02,75.1496930566892,24.524228745578178,0.3260781977326066,99.67392180226739,0.3260781977326066
2009-03-02,75.87911054580901,23.80146412433594,0.3194253298550384,99.68057467014495,0.3194253298550384
2009-04-30,75.97107348589117,23.749137184333986,0.27978932977485277,99.72021067022514,0.27978932977485277
2009-05-31,75.1070912728666,24.62809774810563,0.2648109790277644,99.73518902097223,0.2648109790277644
2009-06-30,75.16001697190538,24.576239773612144,0.2637432544824775,99.73625674551752,0.2637432544824775
2009-07-31,74.04951319802228,25.693513654569877,0.2569731474078547,99.74302685259215,0.2569731474078547
2009-08-31,74.77717585846155,25.222824141538453,0.0,100.0,0.0
2009-09-30,74.50718188669596,25.492818113304022,0.0,100.0,0.0
2009-10-31,75.07873834701506,24.92126165298495,0.0,100.0,0.0
2009-11-30,76.93924937831116,23.060750621688847,0.0,100.0,0.0
2009-12-31,77.4391703431408,22.560829656859223,0.0,100.0,0.0
2010-01-31,77.66972214288492,22.330277857115068,0.0,100.0,0.0
2010-02-28,77.43198039414703,22.56801960585297,0.0,100.0,0.0
2010-03-31,77.23175860760986,22.76824139239012,0.0,100.0,0.0
2010-04-30,75.32573766577386,24.67426233422611,0.0,100.0,0.0
2010-05-31,74.91143805454841,25.088561945451588,0.0,100.0,0.0
2010-06-30,74.88498355074486,25.11501644925514,0.0,100.0,0.0
2010-07-31,75.1104126539903,24.88958734600971,0.0,100.0,0.0
2010-08-31,75.24289685739987,24.757103142600155,0.0,100.0,0.0
2010-09-30,77.45892857614282,22.54107142385718,0.0,100.0,0.0
2010-10-31,77.65894891545244,22.341051084547576,0.0,100.0,0.0
2010-11-30,77.66976731895431,22.330232681045672,0.0,100.0,0.0
2010-12-31,78.57975340200292,21.420246597997032,0.0,100.0,0.0
2011-01-31,77.01246273405181,22.987537265948184,0.0,100.0,0.0
2011-02-28,76.88122564716598,23.118774352834013,0.0,100.0,0.0
2011-03-31,77.02869099614279,22.97130900385718,0.0,100.0,0.0
2011-04-30,76.97196235029115,23.028037649708843,0.0,100.0,0.0
2011-05-31,75.5032537986338,24.49674620136617,0.0,100.0,0.0
2011-06-30,74.99797352876362,25.002026471236366,0.0,100.0,0.0
2011-07-31,75.06930858496453,24.930691415035472,0.0,100.0,0.0
2011-08-31,74.90659340880785,25.093406591192142,0.0,100.0,0.0
2011-09-30,75.35159506918949,24.64840493081052,0.0,100.0,0.0
2011-10-31,75.38412466343262,24.615875336567363,0.0,100.0,0.0
2011-11-30,75.44092189355754,24.55907810644247,0.0,100.00000000000003,0.0
2011-12-01,75.80303311599658,24.196966884003416,0.0,100.0,0.0
2012-01-01,75.76499863630455,24.235001363695446,0.0,100.0,0.0
2012-02-01,75.80400401543508,24.195995984564938,0.0,100.0,0.0
2012-03-01,75.47717259926239,24.522827400737608,0.0,100.0,0.0
2012-04-01,74.87400320359997,25.125996796400035,0.0,100.0,0.0
2012-05-01,75.47353094866125,24.134176389793303,0.0,100.0,0.0
2012-06-01,75.6448276078023,24.35517239219772,0.0,100.00000000000003,0.0
2012-07-01,75.31788135838457,24.68211864161544,0.0,100.0,0.0
2012-08-01,74.53373214268714,25.46626785731283,0.0,100.0,0.0
2012-09-30,74.32091662220681,25.679083377793216,0.0,100.0,0.0
2012-10-31,74.93459094749099,25.065409052509004,0.0,100.0,0.0
2012-11-30,74.61516299044474,25.384837009555262,0.0,100.0,0.0
2012-12-31,74.94712023842219,25.052879761577802,0.0,100.0,0.0
2013-01-31,74.9987560308884,25.0012439691116,0.0,100.0,0.0
2013-02-28,74.94709993325077,25.052900066749235,0.0,100.0,0.0
2013-03-01,79.02277375241384,20.977226247586138,0.0,100.0,0.0
2013-04-30,78.4722322247682,21.527767775231798,0.0,100.0,0.0
2013-05-31,78.06956712379845,21.93043287620155,0.0,100.0,0.0
2013-06-30,77.75432204047127,22.245677959528727,0.0,100.0,0.0
2013-07-31,77.84881226987727,22.15118773012271,0.0,100.0,0.0
2013-08-31,78.02339356348979,21.976606436510192,0.0,100.0,0.0
2013-09-30,77.96885696274359,22.031143037256403,0.0,100.0,0.0
2013-10-31,77.79503124460497,22.204968755394997,0.0,100.0,0.0
2013-11-30,77.5586763478804,22.44132365211962,0.0,100.0,0.0
2013-12-31,78.38316339950943,21.616836600490576,0.0,100.0,0.0
2014-01-31,77.40767178523008,22.592328214769893,0.0,100.0,0.0
2014-02-28,77.21308224992234,22.78691775007765,0.0,100.0,0.0
2014-03-31,76.49472695897514,23.50527304102485,0.0,100.0,0.0
2014-04-30,75.92959711528496,24.070402884715044,0.0,100.0,0.0
2014-05-31,74.62461207359095,25.375387926409037,0.0,100.0,0.0
2014-06-30,75.28359652555018,24.716403474449823,0.0,100.0,0.0
2014-07-31,74.72925397865018,25.270746021349833,0.0,100.0,0.0
2014-08-31,74.44686334944353,25.553136650556464,0.0,100.0,0.0
2014-09-30,74.29290579156242,25.707094208437614,0.0,100.0,0.0
2014-10-31,75.47393421107866,24.526065788921365,0.0,100.0,0.0
2014-11-30,75.01102335867941,24.98897664132062,0.0,100.0,0.0
2014-12-31,75.16730698052096,24.832693019479045,0.0,100.0,0.0
2015-01-31,74.32632435272775,25.673675647272276,0.0,100.0,0.0
2015-02-28,77.13639400276425,22.863605997235737,0.0,100.0,0.0
2015-03-31,76.71800439383135,23.281995606168657,0.0,100.0,0.0
2015-04-30,76.33836507883538,23.66163492116462,0.0,100.0,0.0
2015-05-31,76.84269405295257,23.15730594704743,0.0,100.0,0.0
2015-06-30,75.96588018952393,24.034119810476067,0.0,100.0,0.0
2015-07-31,75.19099646546722,24.80900353453278,0.0,100.0,0.0
2015-08-31,74.92087763804824,25.079122361951754,0.0,100.0,0.0
2015-09-30,75.09117044862288,24.908829551377128,0.0,100.0,0.0
2015-10-31,73.54345374726023,26.45654625273978,0.0,100.0,0.0
2015-11-30,72.55411611572394,27.44588388427604,0.0,100.0,0.0
2015-12-31,72.78553458942379,27.214465410576206,0.0,100.0,0.0
2016-01-31,72.12292605944658,27.877073940553398,0.0,99.99999999999999,0.0
2016-02-29,71.51908130293108,28.48091869706893,0.0,100.0,0.0
2016-03-31,71.0705092038314,28.92949079616858,0.0,99.99999999999997,0.0
2016-04-30,70.86279177749559,29.137208222504402,0.0,100.0,0.0
2016-05-31,72.36612853464169,27.63387146535831,0.0,100.0,0.0
2016-06-30,71.63554973675028,28.36445026324974,0.0,100.00000000000003,0.0
2016-07-31,71.11607153754682,28.883928462453156,0.0,99.99999999999997,0.0
2016-08-31,71.02689174411331,28.973108255886665,0.0,99.99999999999997,0.0
2016-09-30,70.81533553102093,29.18466446897905,0.0,99.9999999999999,0.0
2016-10-31,71.05626928642734,28.94373071357267,0.0,100.0,0.0
2016-11-30,71.24940885817989,28.75059114182009,0.0,100.0,0.0
2016-12-31,70.98404079930766,29.015959200692343,0.0,100.0,0.0
2017-01-31,70.43105567663942,29.56894432336056,0.0,100.0,0.0
2017-02-28,70.32016309926318,29.679836900736824,0.0,100.0,0.0
2017-03-31,70.21415076717493,29.785849232825072,0.0,100.0,0.0
2017-04-30,69.93592216752259,30.06407783247741,0.0,100.0,0.0
2017-05-31,72.44236554705131,27.557634452948676,0.0,100.0,0.0
2017-06-30,71.70744356845462,28.292556431545375,0.0,100.0,0.0
2017-07-31,71.74278878131382,28.25721121868619,0.0,100.0,0.0
2017-08-31,71.82795741191346,28.17204258808656,0.0,100.0,0.0
2017-09-30,71.61572964343772,28.384270356562286,0.0,100.0,0.0
2017-10-31,71.57539361799336,28.42460638200663,0.0,100.0,0.0
2017-11-30,71.55260284588275,28.44739715411726,0.0,100.0,0.0
2017-12-31,71.80150807764811,28.198491922351888,0.0,100.0,0.0
2018-01-31,71.4374916110336,28.562508388966414,0.0,100.0,0.0
2018-02-28,71.46009291457894,28.53990708542104,0.0,100.0,0.0
2018-03-31,71.06322374975248,28.93677625024752,0.0,100.0,0.0
2018-04-30,70.68882878948443,29.311171210515568,0.0,100.0,0.0
2018-05-31,70.49543488246319,29.504565117536796,0.0,100.0,0.0
2018-06-30,70.18492854443693,29.81507145556308,0.0,100.0,0.0
2018-07-31,70.26082238914306,29.73917761085693,0.0,99.99999999999997,0.0
2018-08-31,70.13003013386864,29.869969866131395,0.0,100.00000000000004,0.0
2018-09-30,70.13369627188737,29.866303728112648,0.0,100.00000000000004,0.0
2018-10-31,67.97687743108943,32.02312256891057,0.0,100.00000000000004,0.0
2018-11-30,67.61907640535667,32.38092359464334,0.0,100.00000000000004,0.0
2018-12-01,67.69543967540164,32.30456032459837,0.0,100.00000000000004,0.0
2019-01-31,67.66037400498942,32.3396259950106,0.0,100.00000000000004,0.0
2019-02-28,67.78214761638627,31.993675903672784,0.0,100.00000000000004,0.0
2019-03-31,67.51677032902002,32.48322967097999,0.0,100.0,0.0
2019-04-30,69.17945363567684,30.820546364323175,0.0,100.0,0.0
2019-05-31,69.08037556789569,30.919624432104342,0.0,100.0,0.0
2019-06-30,68.99920661922003,31.00079338077996,0.0,100.0,0.0
2019-07-31,69.4357372724201,30.564262727579887,0.0,100.0,0.0
2019-08-31,69.47529755163289,30.52470244836712,0.0,100.0,0.0
2019-09-30,68.51965845657817,31.480341543421826,0.0,100.0,0.0
2019-10-31,68.71079737392643,31.289202626073553,0.0,100.0,0.0
2019-11-30,68.92551825686918,31.07448174313082,0.0,100.0,0.0
2019-12-31,68.04364415110406,31.95635584889595,0.0,100.0,0.0
2020-01-31,69.22720789558335,30.77279210441662,0.0,100.0,0.0
2020-02-29,69.3426409034841,30.65735909651591,0.0,100.0,0.0
2020-03-31,68.95041258971501,31.049587410284985,0.0,100.0,0.0
2020-04-30,68.33208226070848,31.66791773929153,0.0,100.0,0.0
2020-05-31,69.26075044411947,30.739249555880537,0.0,100.0,0.0
2020-06-30,69.68630989556621,30.31369010443379,0.0,100.0,0.0
2020-07-31,70.9520888283936,29.047911171606383,0.0,99.99999999999997,0.0
2020-08-31,71.08155324085382,28.918446759146153,0.0,99.99999999999997,0.0
2020-09-30,71.30519736887896,28.694802631121043,0.0,99.99999999999997,0.0
2020-10-31,71.41363752412981,28.586362475870192,0.0,99.99999999999997,0.0
2020-11-30,71.49825633046586,28.501743669534157,0.0,99.99999999999997,0.0
2020-12-31,71.47890510837412,28.520859158005717,0.0,100.0,0.0
2021-01-31,70.99734584471882,29.00265415528118,0.0,100.0,0.0
2021-02-28,71.10775067895032,28.89224932104968,0.0,100.0,0.0
2021-03-31,72.12726357457416,27.87273642542587,0.0,100.0,0.0
2021-04-30,72.15263438950606,27.84736561049393,0.0,100.0,0.0
2021-05-31,72.01239217847997,27.987607821520026,0.0,100.0,0.0
2021-06-30,71.62658052886715,28.373419471132838,0.0,100.0,0.0
2021-07-31,71.68635446389521,28.31364553610478,0.0,100.0,0.0
2021-08-31,71.27296008535559,28.727039914644415,0.0,100.0,0.0
2021-09-30,70.89803404515995,29.101965954840065,0.0,100.0,0.0
2021-10-31,70.84712791181735,29.152872088182647,0.0,100.0,0.0
2021-11-30,70.12504398453098,29.874956015469007,0.0,99.99999999999997,0.0
2021-12-31,69.67790929265544,30.32209070734456,0.0,99.99999999999997,0.0
2022-01-31,70.03140884843462,29.968591151565384,0.0,100.0,0.0
2022-02-28,69.82584612472365,30.174153875276343,0.0,100.0,0.0
2022-03-31,69.36758560703814,30.63241439296186,0.0,100.0,0.0
2022-04-30,69.44701067156699,30.552989328432993,0.0,100.0,0.0
2022-05-31,69.73381713255694,30.266182867443042,0.0,99.99999999999997,0.0
2022-06-30,69.02092489436932,30.97907510563066,0.0,99.99999999999997,0.0
2022-07-31,69.1689205572863,30.831079442713712,0.0,100.0,0.0
2022-08-31,69.14309401181112,30.85690598818888,0.0,100.0,0.0
2022-09-30,68.97991935462315,31.02008064537686,0.0,100.0,0.0
2022-10-31,68.98920729252596,31.01079270747404,0.0,100.0,0.0
2022-11-30,68.82297080379283,31.177029196207158,0.0,99.99999999999997,0.0
2022-12-31,69.36418856805669,30.63581143194329,0.0,99.99999999999997,0.0
2023-01-31,69.14054165306219,30.85945834693779,0.0,99.99999999999997,0.0
2023-02-28,70.8314090084082,29.168590991591792,0.0,99.99999999999999,0.0
2023-03-31,70.60918230957199,29.390817690427994,0.0,99.99999999999999,0.0
2023-04-30,70.67000791503631,29.329992084963685,0.0,100.0,0.0
2023-05-31,70.51899611077121,29.481003889228784,0.0,100.0,0.0
2023-06-30,70.19734449067353,29.802655509326463,0.0,100.0,0.0
2023-07-31,70.13900760666937,29.860992393330633,0.0,100.0,0.0
2023-08-31,70.04419789731827,29.955802102681716,0.0,99.99999999999999,0.0
2023-09-30,69.58038004297731,30.419619957022682,0.0,99.99999999999999,0.0
2023-10-31,69.9825999610646,30.01740003893541,0.0,100.0,0.0
2023-11-30,69.97585056584842,30.02414943415158,0.0,100.0,0.0
2023-12-31,69.48159578456784,30.518404215432167,0.0,100.0,0.0
2024-01-31,69.13737897880206,30.8603778238562,0.0,99.99775680265826,0.0
2024-02-28,72.02353605569243,27.976463944307568,0.0,100.0,0.0
2024-03-31,69.13195771253945,30.868042287460558,0.0,100.0,0.0
2024-04-30,69.28733448769539,30.712665512304614,0.0,100.0,0.0
2024-05-31,69.24051777218676,30.759482227813244,0.0,100.0,0.0
2024-06-30,69.48293281304375,30.517067186956233,0.0,99.99999999999997,0.0
2024-07-31,69.12588395620223,30.874116043797795,0.0,100.00000000000003,0.0
2024-08-31,69.12588395620223,30.874116043797795,0.0,100.00000000000003,0.0
2024-09-30,70.07285162517236,29.927148374827638,0.0,100.0,0.0
2024-10-31,70.17008616709208,29.829913832907895,0.0,99.99999999999997,0.0
2024-11-30,70.9732517380879,29.02674826191211,0.0,100.0,0.0
2024-12-31,71.40779806107929,28.592201938920702,0.0,100.0,0.0
2025-01-31,70.51690350367498,29.483096496325032,0.0,100.00000000000003,0.0
2025-02-28,71.97618047136515,28.023819528634853,0.0,100.0,0.0
2025-03-31,70.0,30.0,0.0,100.0,0.0
2025-04-30,72.1070081093586,27.892991890641365,0.0,99.99999999999997,0.0
2025-05-31,73.09630400884221,26.903695991157768,0.0,99.99999999999997,0.0
2025-06-30,73.09630400884221,26.903695991157768,0.0,99.99999999999997,0.0
2025-07-31,73.09630400884221,26.903695991157768,0.0,99.99999999999997,0.0
2025-08-31,73.09630400884221,26.903695991157768,0.0,99.99999999999997,0.0
2025-09-30,74.18631307758183,25.81368692241818,0.0,100.0,0.0
2025-10-31,73.98466375759347,26.015336242406526,0.0,99.99999999999999,0.0
2025-11-30,74.20748801573718,25.792511984262823,0.0,100.0,0.0
2025-12-31,74.50199583783271,25.49800416216729,0.0,100.0,0.0
2026-01-31,74.43230888278084,25.567691117219148,0.0,100.0,0.0
2026-02-28,74.85016877510748,25.14983122489251,0.0,100.0,0.0
2026-03-31,74.2770904721253,25.72290952787471,0.0,100.0,0.0
2026-04-30,73.8321820442036,26.16781795579639,0.0,100.0,0.0
2026-05-31,73.86400123912715,26.13599876087286,0.0,100.0,0.0
