Concepto,2005-I,2005-II,2005-III,2005-IV,2006-I,2006-II,2006-III,2006-IV,2007-I,2007-II,2007-III,2007-IV,2008-I,2008-II,2008-III,2008-IV,2009-I,2009-II,2009-III,2009-IV,2010-I,2010-II,2010-III,2010-IV,2011-I,2011-II,2011-III,2011-IV,2012-I,2012-II,2012-III,2012-IV,2013-I,2013-II,2013-III,2013-IV,2014-I,2014-II,2014-III,2014-IV,2015-I,2015-II,2015-III,2015-IV,2016-I,2016-II,2016-III,2016-IV,2017-I,2017-II,2017-III,2017-IV,2018-I,2018-II,2018-III,2018-IV,2019-I,2019-II,2019-III,2019-IV,2020-I,2020-II,2020-III,2020-IV,2021-I,2021-II,2021-III,2021-IV,2022-I,2022-II,2022-III,2022-IV,2023-I,2023-II,2023-III,2023-IV,2024p-I,2024p-II,2024p-III,2024p-IV,2025pr-I,2025pr-II,2025pr-III,2025pr-IV
"Agricultura, ganadería, caza, silvicultura y pesca",8.790,9.236,10.132,9.751,8.923,9.217,10.502,10.075,9.278,9.552,11.017,10.392,9.494,9.575,10.899,9.947,9.202,9.304,11.099,10.217,9.170,9.530,10.815,10.428,9.794,9.702,10.879,10.332,9.961,10.219,11.143,10.403,10.306,11.360,11.956,11.213,11.098,11.270,12.186,11.586,11.448,11.580,13.023,12.074,11.377,11.692,13.220,13.152,12.649,12.428,14.009,13.113,12.765,12.914,14.141,13.211,12.948,13.064,14.643,13.816,13.676,12.926,14.752,14.185,14.227,13.762,15.220,14.758,14.020,14.053,15.096,14.274,14.137,13.848,15.307,15.097,14.545,14.877,16.622,15.923,15.468,15.430,17.135,15.855
"Cultivos agrícolas transitorios; cultivos agrícolas permanentes; Propagación de plantas (actividades de viveros, excepto viveros forestales); actividades de apoyo a la agricultura y la ganadería, y posteriores a la cosecha, explotación mixta (agrícola y pecuaria) y caza ordinaria y mediante trampas y actividades de servicios conexas",4.844,5.197,6.251,5.552,4.884,4.951,6.277,5.617,5.014,5.231,6.560,5.825,4.934,5.167,6.545,5.506,4.704,5.201,7.008,6.147,5.074,5.149,6.683,5.956,5.300,5.506,6.674,6.002,5.693,5.751,6.764,6.012,5.767,6.410,7.127,6.422,6.330,6.394,7.037,6.403,6.515,6.460,7.623,6.741,6.295,6.444,7.937,7.663,7.364,7.349,8.302,7.598,7.439,7.420,8.411,7.663,7.522,7.399,8.674,7.750,8.112,7.231,8.692,7.970,8.382,7.924,8.922,8.248,8.256,8.264,9.233,8.076,8.295,8.213,9.513,8.603,8.781,8.779,10.117,8.825,8.902,9.208,10.096,9.047
Cultivo permanente de café,1.023,994,702,1.126,990,1.043,969,1.152,990,1.083,1.035,1.228,1.237,971,812,952,1.019,704,611,732,742,933,689,1.051,1.007,689,653,785,758,822,706,779,884,1.080,1.030,1.173,1.035,1.171,1.260,1.343,1.125,1.298,1.417,1.460,1.215,1.340,1.297,1.638,1.358,1.112,1.497,1.503,1.288,1.271,1.401,1.434,1.321,1.399,1.576,1.686,1.061,1.320,1.357,1.589,1.309,1.099,1.326,1.405,1.034,1.037,1.061,1.100,1.104,969,994,1.332,1.020,1.150,1.267,1.675,1.344,970,1.383,1.304
Ganadería,2.320,2.462,2.539,2.536,2.374,2.515,2.631,2.751,2.590,2.609,2.679,2.755,2.610,2.748,2.782,2.894,2.717,2.747,2.745,2.787,2.613,2.716,2.747,2.826,2.717,2.857,2.843,2.930,2.785,2.913,2.949,3.005,2.929,3.055,2.975,2.971,2.914,2.933,3.007,3.106,2.942,3.026,3.101,3.196,2.993,3.096,3.114,3.214,3.054,3.200,3.310,3.392,3.199,3.356,3.415,3.431,3.232,3.357,3.504,3.636,3.488,3.289,3.647,3.835,3.677,3.724,3.883,3.939,3.712,3.832,3.878,3.878,3.645,3.673,3.848,3.959,3.763,3.920,4.087,4.247,4.099,4.239,4.410,4.551
Silvicultura y extracción de madera,331,324,409,268,343,341,410,257,341,344,421,260,343,352,412,260,356,352,427,259,366,378,411,267,352,384,447,311,375,412,451,355,362,475,489,325,448,472,502,337,438,489,513,356,434,496,533,375,478,511,529,338,469,507,533,369,506,518,557,382,499,546,576,408,322,552,635,598,563,519,551,509,554,525,529,519,477,532,535,533,511,514,580,533
Pesca y acuicultura,277,299,345,331,347,393,281,325,341,311,389,380,361,344,402,348,395,304,346,335,374,336,327,318,345,311,346,356,383,347,373,302,370,366,358,330,378,307,365,398,427,307,370,321,440,316,340,263,390,262,366,277,364,356,382,308,362,387,334,363,488,537,456,397,499,507,466,587,550,504,479,791,590,586,481,674,548,548,601,639,647,685,700,566
Explotación de minas y canteras,6.592,6.869,6.834,7.134,6.865,6.797,7.082,7.314,6.722,6.879,7.124,7.709,7.463,7.590,7.913,8.135,8.055,8.417,8.699,9.489,9.243,9.723,9.488,9.973,10.170,10.925,11.206,11.674,11.329,11.548,11.437,12.021,11.667,12.101,12.193,12.833,12.148,11.648,11.905,12.435,11.822,11.981,11.604,12.219,11.686,11.380,11.476,11.710,10.729,10.852,10.732,11.279,10.229,10.506,10.740,11.393,10.714,10.558,10.773,11.647,10.373,8.353,8.814,9.517,8.916,8.789,9.025,10.250,9.107,9.077,9.664,9.670,9.405,9.383,9.869,9.824,9.334,9.205,9.316,9.313,8.800,8.261,8.765,9.043
Extracción de carbón de piedra y lignito,1.444,1.547,1.543,1.572,1.680,1.439,1.741,1.912,1.670,1.843,1.740,1.987,1.919,1.889,1.880,1.918,1.823,1.936,1.879,1.940,1.941,2.136,1.839,1.806,2.067,2.195,2.284,2.311,2.411,2.390,2.140,2.257,1.795,2.189,2.042,2.804,2.504,2.173,2.051,2.371,2.277,2.236,2.013,2.307,2.302,2.268,2.694,2.767,2.513,2.433,2.427,2.623,2.351,2.266,2.299,2.531,2.311,2.106,2.187,2.724,2.107,1.111,1.290,1.513,1.558,1.414,1.401,2.117,1.678,1.580,1.749,1.532,1.660,1.590,1.753,1.683,1.713,1.522,1.531,1.541,1.533,1.281,1.439,1.590
Extracción de petróleo crudo y gas natural y actividades de apoyo para la extracción de petróleo y de gas natural,4.046,4.127,4.110,4.135,4.074,4.122,4.068,4.059,3.946,3.989,4.092,4.340,4.435,4.584,4.847,5.021,5.099,5.295,5.454,5.908,6.056,6.273,6.413,6.661,6.972,7.501,7.616,7.833,7.668,7.732,7.781,8.126,8.388,8.411,8.639,8.530,8.355,8.091,8.305,8.384,8.322,8.291,8.000,8.239,7.881,7.511,7.134,7.180,6.954,7.121,7.200,7.257,6.994,7.224,7.319,7.474,7.390,7.480,7.453,7.504,7.354,6.342,6.332,6.471,6.211,5.993,6.276,6.297,6.160,6.275,6.340,6.483,6.333,6.475,6.552,6.570,6.405,6.501,6.434,6.332,6.166,6.051,6.197,6.148
Extracción de minerales metalíferos,935,1.068,981,1.173,925,1.127,1.066,959,920,850,1.042,1.023,948,888,888,850,954,876,1.081,1.263,1.076,1.079,936,1.112,916,892,912,1.013,1.026,1.118,1.158,1.130,1.019,1.009,880,967,982,873,929,1.035,760,886,981,965,984,1.027,1.024,1.029,811,806,651,714,534,635,670,735,652,586,701,772,633,681,844,1.026,781,903,862,964,769,782,962,1.044,871,888,960,991,720,834,923,931,736,677,750,785
Extracción de otras minas y canteras,304,265,304,394,318,266,347,460,345,322,387,474,350,383,444,451,330,403,433,530,334,334,355,469,300,356,418,507,348,406,384,482,341,438,453,554,400,447,514,629,417,521,562,655,465,519,569,680,440,512,544,679,415,481,550,699,444,517,566,709,360,251,371,523,348,328,409,576,367,345,423,499,365,341,408,505,346,321,381,456,335,319,382,457
Actividades de apoyo para otras actividades de explotación de minas y canteras,34,36,36,38,37,37,39,40,37,38,39,41,39,38,39,40,39,40,41,44,41,42,40,41,40,42,43,46,46,47,46,47,44,44,43,46,45,44,45,48,45,47,48,54,55,56,56,54,46,45,43,45,42,45,46,48,45,44,44,46,41,33,35,39,38,38,41,45,40,40,41,42,40,40,41,41,39,39,39,39,37,35,37,38
Elaboración de productos alimenticios; elaboración de bebidas; elaboración de productos de tabaco,5.051,5.245,5.496,5.531,5.200,5.292,5.849,5.893,5.569,5.495,6.119,6.248,5.838,5.902,6.196,6.105,5.793,5.823,6.312,6.459,5.788,5.796,6.090,6.259,5.969,5.894,6.519,6.421,6.066,6.019,6.563,6.420,5.882,6.301,6.811,6.941,6.269,6.447,7.001,6.943,6.427,6.424,7.166,7.202,6.736,6.719,7.146,7.270,6.776,6.615,7.303,7.230,6.708,6.958,7.456,7.472,6.935,6.977,7.748,7.731,7.230,6.323,7.275,7.597,7.170,6.710,8.035,8.160,7.797,7.810,8.273,8.371,7.925,7.764,8.255,8.113,7.671,7.744,8.412,8.552,7.985,8.064,8.776,8.606
"Procesamiento y conservación de carne y productos cárnicos de bovinos, bufalinos, porcinos y otras carnes n.c.p.; procesamiento y conservación de carne y productos cárnicos de aves de corral y procesamiento y conservación de pescados, crustáceos y moluscos",1.015,1.078,1.112,1.149,1.089,1.123,1.135,1.231,1.149,1.177,1.256,1.318,1.227,1.264,1.301,1.384,1.329,1.257,1.277,1.339,1.261,1.271,1.310,1.375,1.282,1.316,1.360,1.450,1.394,1.393,1.395,1.444,1.345,1.412,1.420,1.469,1.396,1.386,1.455,1.505,1.459,1.420,1.484,1.534,1.523,1.521,1.491,1.498,1.508,1.437,1.511,1.557,1.476,1.573,1.616,1.648,1.562,1.623,1.681,1.784,1.708,1.531,1.699,1.814,1.706,1.685,1.795,1.908,1.772,1.817,1.879,2.023,1.866,1.824,1.882,2.013,1.840,1.920,1.992,2.079,2.010,2.058,2.155,2.190
Elaboración de aceites y grasas de origen vegetal y animal,258,258,236,226,257,251,253,226,284,271,249,233,308,274,246,231,303,318,241,267,310,307,288,268,315,312,315,295,331,326,316,277,319,340,322,333,373,366,333,319,390,374,389,353,401,391,362,354,459,405,373,333,384,394,354,362,404,395,369,354,419,388,327,301,421,422,416,396,484,458,390,388,487,443,406,368,432,444,372,365,477,467,413,396
Elaboración de productos lácteos,616,641,688,663,628,655,704,672,649,665,697,714,696,723,745,717,668,687,753,747,668,703,744,723,695,731,785,736,717,752,771,741,740,784,795,819,738,790,833,816,765,783,838,832,795,801,848,827,784,827,853,838,807,832,839,835,796,837,878,861,842,870,850,844,793,751,797,786,775,814,810,760,730,759,769,723,733,741,784,788,785,820,854,831
"Elaboración de productos de molinería, almidones y productos derivados del almidón; elaboración de productos de panadería; elaboración de macarrones, fideos, alcuzcuz, y productos farináceos similares y elaboración de alimentos preparados para animales",794,865,877,866,846,864,901,894,869,904,970,1.019,952,981,1.007,943,899,934,1.022,962,905,979,1.010,1.014,977,984,1.033,1.036,1.002,954,1.034,976,928,1.002,999,988,917,930,986,993,914,913,1.029,1.066,969,1.016,1.106,1.147,1.041,1.062,1.126,1.107,1.045,1.106,1.138,1.109,1.049,1.126,1.201,1.209,1.176,1.184,1.235,1.206,1.112,1.081,1.220,1.202,1.147,1.201,1.288,1.281,1.246,1.225,1.241,1.188,1.141,1.188,1.225,1.223,1.174,1.202,1.269,1.226
Elaboración de productos de café,166,147,128,176,156,144,163,175,155,145,157,176,163,157,130,158,150,103,97,122,112,118,103,153,142,99,88,124,104,98,98,117,125,135,141,162,165,142,149,175,166,167,183,185,181,161,168,206,193,159,192,193,175,170,181,187,193,189,203,208,161,157,158,172,166,133,170,171,161,153,151,142,163,138,137,168,158,160,170,196,191,168,187,188
Elaboración de azúcar y elaboración de panela,501,473,583,499,536,477,687,555,527,445,662,560,576,482,598,441,588,507,679,623,558,453,593,500,582,508,722,515,581,510,726,480,508,469,796,638,661,597,826,638,633,588,775,621,599,494,728,560,585,487,728,624,604,537,736,589,603,451,803,582,630,451,722,644,597,387,810,695,691,473,746,636,626,497,773,545,631,390,784,705,585,459,798,650
"Elaboración de cacao, chocolate y productos de confitería",136,158,166,156,137,158,171,153,153,156,163,168,166,183,173,169,160,172,183,168,166,166,173,152,172,151,175,164,164,161,175,170,152,160,190,161,168,176,190,169,182,168,178,160,167,169,181,186,172,176,190,185,180,199,208,194,189,199,223,217,219,163,215,215,215,189,262,248,247,254,270,260,258,239,262,230,211,243,259,240,252,236,240,219
"Procesamiento y conservación de frutas, legumbres, hortalizas y tubérculos; elaboración de otros productos alimenticios (platos preparados y conservados mediante enlatado o congelado, elaboración de sopas y caldos en estado sólidos, polvo o instantáneas entre otros)",401,396,406,395,400,417,449,453,457,498,506,486,482,510,502,497,514,510,507,491,471,512,513,487,514,487,507,508,495,505,502,528,508,561,537,537,516,564,566,542,548,565,587,575,548,602,590,589,579,607,575,547,566,630,606,563,553,588,621,599,591,605,611,604,591,567,690,658,624,738,720,687,633,741,678,667,613,679,687,663,644,697,669,641
Elaboración de bebidas (incluido el hielo) y elaboración de productos de tabaco,1.088,1.173,1.311,1.405,1.081,1.158,1.379,1.585,1.296,1.234,1.456,1.624,1.226,1.323,1.515,1.642,1.147,1.313,1.571,1.802,1.315,1.287,1.351,1.631,1.246,1.305,1.457,1.649,1.236,1.327,1.461,1.780,1.255,1.454,1.559,1.842,1.337,1.495,1.651,1.792,1.369,1.445,1.704,1.876,1.553,1.565,1.673,1.904,1.434,1.451,1.751,1.859,1.466,1.529,1.765,1.986,1.584,1.594,1.754,1.930,1.491,980,1.455,1.792,1.591,1.513,1.876,2.098,1.901,1.937,2.060,2.242,1.897,1.910,2.156,2.312,1.927,2.028,2.187,2.376,1.879,1.974,2.209,2.305
"Fabricación de productos textiles; confección de prendas de vestir; curtido y recurtido de cueros; fabricación de calzado; fabricación de artículos de viaje, maletas, bolsos de mano y artículos similares, y fabricación de artículos de talabartería y guarnicionería; adobo y teñido de pieles ",1.821,2.067,2.354,2.591,1.954,2.244,2.525,2.915,2.265,2.555,2.736,3.296,2.382,2.615,2.815,2.948,2.051,2.218,2.383,2.672,2.046,2.253,2.474,2.869,2.238,2.369,2.768,3.047,2.397,2.491,2.667,2.800,2.066,2.563,2.593,2.905,2.371,2.493,2.684,2.755,2.262,2.469,2.706,2.907,2.336,2.698,2.803,2.978,2.361,2.481,2.733,2.934,2.283,2.569,2.664,2.881,2.310,2.533,2.674,2.956,2.116,1.086,2.205,2.834,2.531,2.605,3.096,3.451,3.040,3.221,3.390,3.455,2.862,2.823,2.878,3.078,2.553,2.786,2.836,3.115,2.699,2.911,3.106,3.242
"Preparación, hilatura, tejeduría y acabado de productos textiles; fabricación de otros productos textiles, Confección de prendas de vestir",1.508,1.698,1.985,2.150,1.626,1.869,2.128,2.452,1.878,2.122,2.292,2.772,1.981,2.163,2.314,2.368,1.695,1.835,1.979,2.226,1.698,1.843,2.018,2.409,1.846,1.914,2.246,2.549,1.969,2.037,2.221,2.325,1.680,2.120,2.158,2.470,1.996,2.065,2.214,2.277,1.874,2.045,2.245,2.421,1.917,2.232,2.341,2.514,1.943,2.029,2.258,2.463,1.921,2.149,2.226,2.432,1.945,2.138,2.262,2.548,1.847,964,1.945,2.516,2.222,2.288,2.709,3.026,2.662,2.836,3.001,3.062,2.530,2.478,2.537,2.726,2.248,2.453,2.504,2.786,2.404,2.587,2.768,2.891
"Curtido y recurtido de cueros; fabricación de calzado; fabricación de artículos de viaje, maletas, bolsos de mano y artículos similares, y fabricación de artículos de talabartería y guarnicionería; adobo y teñido de pieles",313,369,372,442,329,376,399,465,387,434,446,526,401,452,500,574,356,384,405,448,350,408,454,464,392,454,521,500,428,455,446,475,386,443,436,436,375,428,470,478,388,424,461,486,418,466,462,465,419,452,475,471,358,418,434,443,361,391,407,395,255,112,243,292,291,297,365,400,358,359,358,361,307,324,318,323,286,310,308,295,267,296,306,316
"Transformación de la madera y fabricación de productos de madera y de corcho, excepto muebles; fabricación de artículos de cestería y espartería; fabricación de papel, cartón y productos de papel y de cartón; actividades de impresión; producción de copias a partir de grabaciones originales",1.109,1.132,1.179,1.170,1.189,1.182,1.293,1.252,1.288,1.280,1.353,1.328,1.255,1.275,1.400,1.416,1.299,1.269,1.367,1.338,1.344,1.372,1.322,1.368,1.270,1.333,1.421,1.517,1.386,1.312,1.438,1.535,1.343,1.352,1.447,1.518,1.406,1.436,1.451,1.489,1.388,1.445,1.571,1.654,1.501,1.537,1.646,1.730,1.581,1.518,1.668,1.638,1.531,1.570,1.634,1.696,1.564,1.532,1.631,1.663,1.562,1.291,1.478,1.590,1.487,1.314,1.693,1.698,1.648,1.626,1.685,1.730,1.666,1.631,1.738,1.705,1.632,1.617,1.614,1.615,1.611,1.601,1.607,1.571
"Transformación de la madera y fabricación de productos de madera y de corcho, excepto muebles; fabricación de artículos de cestería y espartería",237,236,263,266,272,277,270,274,285,301,311,313,285,280,272,325,268,245,259,284,282,277,236,258,250,248,269,260,242,245,266,256,252,250,259,270,249,269,264,277,259,270,312,295,276,290,289,306,283,260,285,292,247,250,264,267,233,228,249,256,223,152,250,258,229,207,242,243,241,277,280,287,260,250,260,245,227,261,241,249,240,251,257,264
"Fabricación de papel, cartón y productos de papel y de cartón",525,547,555,554,570,566,623,596,638,613,627,603,625,630,680,645,650,632,674,632,676,697,692,705,682,726,754,718,740,744,765,740,721,750,772,752,794,797,797,743,780,808,828,802,839,839,906,884,912,872,925,859,905,919,940,943,946,923,955,944,944,824,851,905,887,748,1.016,970,969,928,950,949,964,943,1.004,960,977,925,921,889,924,902,883,855
"Actividades de impresión; producción de copias a partir de grabaciones originales (Copia a partir de un original en CD, DVD, Blu-ray)",348,345,375,374,347,342,405,405,356,369,434,449,338,358,455,481,374,388,441,448,378,389,393,418,328,351,397,550,398,323,409,544,363,349,418,503,363,369,396,475,349,366,430,556,387,408,451,539,387,389,459,487,379,402,432,493,386,382,429,469,396,315,378,431,371,364,439,495,441,429,466,513,444,442,478,516,420,437,460,499,454,461,489,476
"Coquización, fabricación de productos de la refinación del petróleo y actividad de mezcla de combustibles; fabricación de sustancias y productos químicos; fabricación de productos farmacéuticos, sustancias químicas medicinales y productos botánicos de uso farmacéutico; fabricación de productos de caucho y de plástico; fabricación de otros productos minerales no metálicos",6.251,6.903,6.887,6.640,6.731,7.096,7.654,7.483,7.142,7.685,7.972,8.172,7.622,7.885,8.096,7.804,7.379,7.642,7.842,7.618,7.339,7.787,7.946,7.750,7.753,8.314,8.375,8.246,7.839,8.248,8.481,8.199,7.866,8.687,8.725,8.496,8.349,8.742,8.941,8.754,8.346,8.868,9.187,9.153,8.840,9.475,9.401,9.365,9.078,9.233,9.455,9.352,8.883,9.432,9.656,9.564,9.002,9.415,9.657,9.611,8.789,6.641,8.992,9.479,9.269,8.715,10.144,10.094,9.583,10.155,10.644,10.275,10.170,10.322,10.338,10.235,9.641,9.830,9.781,9.750,9.457,9.842,10.295,10.025
"Coquización, fabricación de productos de la refinación del petróleo y actividades de mezcla de combustibles",1.958,2.025,2.066,1.925,1.949,2.154,1.999,2.109,1.982,2.093,2.169,2.234,2.208,2.131,2.031,2.114,2.022,2.141,2.002,2.101,2.045,2.171,2.147,2.191,2.221,2.184,2.075,2.197,2.023,2.095,2.093,2.121,2.161,2.323,2.235,2.141,2.212,2.032,1.939,1.964,1.886,1.893,1.886,2.096,2.153,2.375,2.325,2.370,2.393,2.498,2.434,2.510,2.494,2.620,2.586,2.582,2.400,2.574,2.571,2.669,2.423,1.712,2.328,2.573,2.621,2.448,2.735,2.821,2.556,2.865,2.947,2.802,2.956,3.043,2.996,2.975,2.865,2.894,2.782,2.883,2.642,2.802,2.986,2.961
"Fabricación de sustancias químicas básicas, abonos y compuestos inorgánicos nitrogenados, plásticos y caucho sintético en formas primarias; fabricación de otros productos químicos; fabricación de fibras sintéticas y artificiales; fabricación de productos farmacéuticos, sustancias químicas medicinales y productos botánicos de uso farmacéutico",2.108,2.262,2.232,2.140,2.110,2.286,2.583,2.468,2.378,2.493,2.564,2.665,2.477,2.644,2.748,2.571,2.453,2.526,2.618,2.490,2.486,2.587,2.637,2.531,2.536,2.786,2.730,2.635,2.553,2.746,2.804,2.715,2.592,2.960,2.878,2.725,2.641,2.846,2.929,2.839,2.826,3.012,3.035,2.941,2.869,3.043,3.108,3.042,2.949,2.967,3.102,3.014,2.838,3.081,3.207,3.118,2.992,3.130,3.224,3.169,2.976,2.756,3.151,3.220,3.161,3.071,3.735,3.600,3.460,3.583,3.829,3.659,3.531,3.641,3.679,3.599,3.352,3.473,3.450,3.346,3.455,3.511,3.592,3.421
Fabricación de productos de caucho y de plástico,495,544,547,553,533,544,593,577,552,572,638,654,604,596,629,594,594,564,623,627,597,622,626,631,643,661,668,668,646,621,675,674,634,653,657,682,644,643,681,691,673,670,724,723,681,702,719,764,710,665,717,738,687,724,763,767,728,739,787,794,752,629,775,798,762,695,800,794,828,851,878,840,809,786,799,798,750,790,772,767,774,752,788,760
Fabricación de otros productos minerales no metálicos,1.795,2.152,2.142,2.072,2.221,2.240,2.472,2.387,2.276,2.591,2.641,2.651,2.405,2.558,2.681,2.569,2.336,2.480,2.607,2.425,2.243,2.456,2.568,2.456,2.410,2.703,2.913,2.790,2.644,2.822,2.937,2.710,2.513,2.795,2.997,2.975,2.894,3.227,3.376,3.246,2.961,3.294,3.541,3.393,3.137,3.354,3.248,3.190,3.040,3.126,3.207,3.112,2.868,3.006,3.100,3.104,2.894,2.965,3.087,2.965,2.609,1.472,2.748,2.873,2.722,2.476,2.814,2.841,2.721,2.820,2.944,2.951,2.809,2.748,2.771,2.782,2.585,2.586,2.719,2.679,2.544,2.713,2.855,2.801
"Fabricación de productos metalúrgicos básicos; fabricación de productos elaborados de metal, excepto maquinaria y equipo; fabricación de aparatos y equipo eléctrico; fabricación de productos informáticos, electrónicos y ópticos; fabricación de maquinaria y equipo n.c.p.; fabricación de vehículos automotores, remolques y semirremolques; fabricación de otros tipos de equipo de transporte; instalación, mantenimiento y reparación especializado de maquinaria y equipo",2.490,2.945,2.902,2.962,2.727,3.090,3.323,3.253,3.223,3.364,3.639,3.507,3.124,3.374,3.348,3.100,2.945,2.814,3.132,3.129,2.969,3.239,3.433,3.495,3.357,3.554,3.766,3.610,3.504,3.538,3.770,3.690,3.257,3.519,3.791,3.731,3.421,3.496,3.874,4.061,3.475,3.643,3.895,3.991,3.547,3.838,3.912,3.970,3.345,3.335,3.434,3.611,3.125,3.454,3.658,3.794,3.297,3.529,3.689,3.782,3.159,2.230,3.507,3.923,3.454,3.503,4.035,4.204,3.825,4.116,4.544,4.557,3.993,3.959,4.076,4.196,3.688,4.028,4.090,4.252,3.755,3.726,3.975,4.043
"Fabricación de productos metalúrgicos básicos; fabricación de productos elaborados de metal, excepto maquinaria y equipo",1.006,1.124,1.168,1.206,1.070,1.265,1.303,1.196,1.156,1.265,1.329,1.298,1.347,1.290,1.315,1.175,1.246,1.248,1.326,1.324,1.286,1.333,1.305,1.396,1.322,1.367,1.444,1.483,1.457,1.438,1.488,1.400,1.302,1.415,1.419,1.438,1.430,1.416,1.453,1.542,1.393,1.440,1.557,1.557,1.487,1.549,1.572,1.564,1.431,1.422,1.409,1.445,1.319,1.395,1.461,1.451,1.335,1.359,1.487,1.490,1.325,1.002,1.544,1.646,1.522,1.613,1.745,1.806,1.660,1.767,1.913,1.952,1.770,1.704,1.791,1.829,1.593,1.791,1.823,1.813,1.570,1.550,1.584,1.619
"Fabricación de aparatos y equipo eléctrico; fabricación de productos informáticos, electrónicos y ópticos",314,373,385,369,344,402,422,421,398,428,451,404,349,396,422,414,365,379,374,372,370,427,463,393,407,460,486,462,398,440,432,448,404,474,482,474,457,432,470,498,428,478,488,526,473,533,506,532,459,461,511,509,447,501,532,562,479,505,557,573,470,335,572,630,570,505,610,632,634,608,716,659,642,641,659,695,657,682,665,716,737,695,734,701
"Fabricación de maquinaria y equipo n.c.p.; instalación, mantenimiento y reparación especializado de maquinaria y equipo",785,984,934,1.002,854,1.004,1.063,1.033,1.028,1.046,1.167,1.116,982,1.172,1.187,1.055,951,866,1.038,1.014,895,997,1.091,1.134,982,1.129,1.157,1.042,993,1.014,1.146,1.158,940,1.054,1.265,1.190,912,1.046,1.239,1.350,1.052,1.124,1.195,1.264,988,1.162,1.214,1.263,871,936,911,1.074,795,958,1.016,1.134,820,1.013,990,1.170,856,663,913,1.131,817,814,988,1.176,931,1.054,1.101,1.164,1.016,1.035,1.069,1.189,965,1.032,1.058,1.195,956,954,1.015,1.100
"Fabricación de vehículos automotores, remolques y semirremolques; fabricación de otros tipos de equipo de transporte",391,445,429,411,446,445,522,545,572,578,627,627,482,500,433,435,406,349,421,443,452,493,556,581,639,591,667,625,658,641,703,678,612,575,621,623,631,602,702,662,602,602,655,645,599,594,620,611,581,514,600,582,550,602,653,669,650,671,650,573,489,209,433,506,482,477,647,565,549,649,778,742,503,543,507,451,439,465,485,509,471,506,638,627
"Fabricación de muebles, colchones y somieres; otras industrias manufactureras",870,956,1.168,1.403,924,1.001,1.266,1.509,1.064,1.223,1.256,1.438,1.252,1.229,1.228,1.411,1.068,1.090,1.228,1.393,1.096,1.144,1.245,1.502,1.275,1.160,1.352,1.347,1.345,1.254,1.282,1.378,1.184,1.303,1.376,1.417,1.265,1.310,1.393,1.467,1.332,1.299,1.401,1.579,1.277,1.335,1.383,1.562,1.239,1.249,1.401,1.540,1.280,1.371,1.425,1.510,1.240,1.319,1.456,1.542,1.214,822,1.320,1.560,1.349,1.266,1.549,1.694,1.466,1.545,1.654,1.738,1.476,1.440,1.538,1.659,1.302,1.394,1.443,1.544,1.392,1.437,1.578,1.632
" Fabricación de muebles, colchones y somieres",359,411,427,457,382,412,437,490,400,443,472,537,428,441,492,528,447,405,477,521,429,451,489,543,404,465,599,601,520,483,531,580,464,513,565,633,492,510,558,643,506,493,572,735,555,529,563,711,534,529,584,702,508,552,598,695,516,561,624,698,506,250,549,699,563,498,664,776,587,578,652,694,537,565,576,639,500,524,557,627,549,555,609,697
Otras industrias manufactureras,508,538,749,974,538,584,842,1.048,667,785,791,918,836,794,735,900,612,687,754,888,665,690,756,981,883,693,746,746,823,770,751,804,718,788,811,787,771,798,835,829,825,807,829,844,722,807,820,851,705,720,816,840,766,815,825,821,722,757,832,847,706,558,768,864,783,762,883,922,875,959,996,1.039,932,870,956,1.013,797,865,880,911,838,876,963,931
"Suministro de electricidad, gas, vapor y aire acondicionado",3.051,3.137,3.215,3.173,3.177,3.214,3.327,3.413,3.396,3.363,3.474,3.527,3.373,3.421,3.471,3.476,3.374,3.437,3.614,3.780,3.703,3.694,3.744,3.747,3.807,3.767,3.872,3.940,3.852,3.869,4.021,4.006,3.953,4.084,4.153,4.193,4.182,4.249,4.321,4.278,4.123,4.146,4.305,4.268,4.180,4.153,4.314,4.343,4.209,4.325,4.477,4.508,4.315,4.448,4.614,4.628,4.439,4.569,4.762,4.779,4.669,4.189,4.618,4.812,4.648,4.661,5.035,5.148,4.932,4.999,5.209,5.222,5.049,5.123,5.391,5.436,5.340,5.267,5.457,5.457,5.302,5.347,5.598,5.631
Generación de energía eléctrica; transmisión de energía eléctrica y distribución y comercialización de energía eléctrica,2.640,2.719,2.768,2.789,2.760,2.796,2.898,2.930,2.902,2.913,2.981,3.015,2.938,2.975,3.034,3.041,2.943,2.970,3.098,3.141,3.151,3.169,3.197,3.188,3.243,3.196,3.279,3.329,3.244,3.272,3.404,3.381,3.309,3.446,3.496,3.507,3.479,3.548,3.627,3.553,3.424,3.458,3.587,3.547,3.496,3.471,3.595,3.578,3.521,3.637,3.746,3.731,3.634,3.729,3.865,3.836,3.730,3.834,3.983,3.966,3.953,3.569,3.903,4.017,3.915,3.954,4.200,4.226,4.113,4.200,4.326,4.291,4.238,4.343,4.566,4.542,4.530,4.473,4.621,4.554,4.488,4.558,4.764,4.740
Producción de gas; distribución de combustibles gaseosos por tuberías; suministro de vapor y aire acondicionado,415,425,451,394,423,426,438,486,490,457,493,509,446,458,453,450,443,469,509,591,542,516,538,549,554,565,586,603,602,592,610,618,639,634,653,683,701,700,690,725,698,688,718,721,683,682,720,765,690,691,733,775,686,721,751,788,713,738,780,810,722,628,720,796,737,715,832,910,818,801,879,923,809,778,822,891,805,787,830,904,809,781,826,889
"Distribución de agua; evacuación y tratamiento de aguas residuales, gestión de desechos y actividades de saneamiento ambiental",1.508,1.513,1.512,1.555,1.611,1.634,1.621,1.635,1.705,1.684,1.650,1.679,1.653,1.675,1.717,1.782,1.673,1.701,1.737,1.762,1.769,1.748,1.769,1.744,1.800,1.808,1.826,1.776,1.873,1.835,1.823,1.806,1.891,1.893,1.909,1.871,1.928,1.949,1.968,1.898,1.947,1.919,1.961,1.930,1.957,1.859,1.900,1.890,1.964,1.871,1.984,1.965,1.979,1.922,2.040,2.003,2.051,1.970,2.057,1.975,1.943,1.734,1.814,1.808,1.874,1.822,1.951,1.936,1.969,1.972,1.997,2.021,2.019,2.024,2.081,2.091,2.125,2.100,2.112,2.086,2.058,2.080,2.119,2.124
"Captación, tratamiento y distribución de agua",491,516,484,467,498,528,488,471,503,532,493,484,491,530,507,502,498,535,516,508,522,537,512,502,526,557,528,517,553,579,552,534,569,598,580,565,586,622,594,564,588,611,596,580,594,591,586,578,594,591,599,586,601,603,620,606,634,629,642,618,620,583,581,573,584,570,588,582,591,590,594,593,598,601,610,612,612,595,595,592,594,600,616,615
"Evacuación y tratamiento de aguas residuales; recolección, tratamiento y disposición de desechos y actividades de saneamiento ambiental y otros servicios de gestión de desechos",772,818,782,776,854,928,873,851,910,964,898,885,904,977,932,918,905,970,936,926,956,991,949,932,977,1.032,972,943,994,1.031,974,936,995,1.042,1.010,984,1.021,1.085,1.033,977,1.014,1.048,1.019,987,1.007,999,988,975,1.002,996,1.008,985,1.010,1.009,1.033,1.005,1.046,1.034,1.054,1.017,1.026,967,963,946,952,927,957,955,980,989,1.006,1.012,1.027,1.041,1.068,1.084,1.100,1.081,1.089,1.087,1.067,1.091,1.126,1.129
Recuperación de materiales (reciclaje),242,196,243,293,257,201,259,298,285,213,259,296,258,199,276,337,269,210,283,320,291,229,305,306,297,231,322,312,322,240,296,327,325,260,317,319,320,250,338,352,345,260,346,363,356,268,327,337,369,283,379,395,370,304,391,397,372,297,360,337,286,154,257,280,316,304,380,372,369,365,368,382,367,358,375,370,384,392,395,377,369,361,351,353
Construcción de edificaciones residenciales y no residenciales,4.977,3.959,4.219,4.418,5.350,3.999,5.084,5.267,5.524,4.866,4.938,5.082,5.570,5.588,6.391,5.379,5.169,5.871,5.810,5.474,5.310,5.069,5.665,5.991,5.350,5.259,6.165,5.937,6.209,6.041,5.336,6.460,6.115,6.578,7.005,6.747,6.572,6.676,7.802,7.244,6.968,7.429,7.698,8.015,7.899,7.847,8.237,7.923,7.385,7.560,7.728,7.588,7.545,7.052,8.106,7.464,6.378,6.512,6.569,6.596,4.975,3.855,4.471,4.901,4.854,4.833,4.866,5.569,5.368,5.449,5.890,5.821,5.531,5.726,5.610,5.763,5.405,5.546,5.547,5.600,5.072,5.027,5.104,5.235
"Construcción de carreteras y vías de ferrocarril, de proyectos de servicio público y de otras obras de ingeniería civil",1.231,1.155,1.524,2.401,1.245,1.538,1.713,2.584,1.485,1.835,2.116,2.763,1.499,2.193,2.323,2.532,1.596,2.561,2.528,3.057,1.755,2.516,2.361,3.120,1.822,2.991,2.783,3.407,2.229,3.465,2.868,3.100,2.365,3.477,3.464,3.871,3.064,4.052,3.772,4.026,3.255,4.398,4.100,4.153,3.156,4.195,4.022,4.119,3.180,4.441,4.390,4.494,2.965,4.196,4.286,4.658,4.045,4.489,4.745,4.970,3.644,2.403,3.540,3.703,3.112,2.856,2.972,3.378,2.907,2.915,3.009,2.963,2.504,2.428,2.546,2.829,2.598,2.654,2.828,2.949,2.699,2.910,3.197,3.134
Actividades especializadas para la construcción de edificaciones y obras de ingeniería civil (Alquiler de maquinaria y equipo de construcción con operadores),1.902,1.435,1.486,1.867,2.030,1.594,1.758,2.121,2.071,1.796,1.724,2.030,2.124,2.180,2.230,2.101,2.018,2.274,2.071,2.202,2.101,2.059,2.008,2.374,2.125,2.194,2.198,2.373,2.457,2.493,1.998,2.466,2.510,2.697,2.599,2.747,2.855,2.832,2.837,2.871,2.973,3.076,2.861,3.116,3.284,3.244,3.067,3.132,3.117,3.145,2.929,3.030,3.023,2.901,2.996,3.059,3.118,2.897,2.765,2.890,2.466,1.591,1.843,2.078,2.335,2.028,1.955,2.324,2.535,2.269,2.297,2.377,2.596,2.345,2.200,2.380,2.569,2.306,2.190,2.297,2.487,2.222,2.120,2.236
Comercio al por mayor y al por menor; reparación de vehículos automotores y motocicletas,9.151,10.001,9.971,11.553,9.664,10.606,10.965,12.697,10.697,11.392,11.731,13.852,11.418,11.993,11.960,13.676,11.089,11.745,11.868,13.903,11.477,12.284,12.492,14.918,12.423,13.452,13.575,15.816,13.131,14.036,13.988,16.282,13.510,14.701,14.660,17.259,14.209,15.409,15.351,18.156,14.693,15.722,15.853,18.597,15.182,16.248,16.306,19.475,15.420,16.576,16.864,19.431,16.068,17.075,17.204,19.854,16.627,17.752,18.058,20.599,17.419,14.595,17.207,21.114,18.328,18.140,20.550,24.182,20.294,21.089,21.371,23.948,19.611,19.697,20.195,22.799,19.230,19.566,20.263,23.714,20.285,21.255,22.048,25.380
"Comercio al por mayor y en comisión o por contrata; comercio al por menor (incluso el comercio al por menor de combustibles); comercio de vehículos automotores y motocicletas, sus partes, piezas y accesorios",8.333,8.948,9.086,10.641,8.804,9.507,10.015,11.720,9.773,10.229,10.741,12.831,10.479,10.800,10.948,12.634,10.121,10.519,10.828,12.836,10.467,10.976,11.406,13.827,11.385,12.097,12.462,14.698,12.035,12.628,12.831,15.115,12.399,13.183,13.429,16.013,12.989,13.797,14.036,16.874,13.455,14.120,14.526,17.298,13.925,14.602,14.971,18.139,14.142,14.915,15.496,18.067,14.772,15.379,15.833,18.486,15.313,16.003,16.636,19.173,16.053,13.607,15.954,19.656,16.960,16.835,19.028,22.525,18.762,19.512,19.719,22.239,18.043,18.107,18.596,21.118,17.673,17.975,18.694,22.030,18.654,19.604,20.340,23.640
Mantenimiento y reparación de vehículos automotores y motocicletas,820,1.099,886,879,861,1.144,947,935,921,1.209,982,968,929,1.229,1.005,1.000,966,1.267,1.038,1.027,1.009,1.329,1.084,1.068,1.039,1.367,1.113,1.107,1.096,1.424,1.157,1.151,1.114,1.511,1.230,1.248,1.218,1.608,1.312,1.282,1.239,1.602,1.327,1.299,1.257,1.647,1.335,1.336,1.278,1.676,1.367,1.352,1.296,1.699,1.370,1.365,1.315,1.745,1.422,1.428,1.365,980,1.247,1.449,1.365,1.298,1.519,1.642,1.532,1.576,1.656,1.699,1.587,1.610,1.614,1.675,1.579,1.615,1.578,1.664,1.645,1.660,1.717,1.729
Transporte y almacenamiento,6.237,6.581,6.814,7.035,6.637,6.873,7.330,7.615,7.118,7.475,7.776,8.145,7.419,7.651,7.960,8.292,7.349,7.466,7.883,8.377,7.754,7.973,8.297,8.811,8.218,8.552,9.027,9.349,8.756,8.848,9.207,9.617,8.835,9.312,9.524,10.061,9.270,9.584,10.077,10.347,9.738,9.908,10.315,10.742,9.856,9.872,10.260,10.800,9.984,10.172,10.683,10.782,10.174,10.482,10.766,11.226,10.536,10.839,11.387,11.364,10.304,6.719,7.962,9.302,9.189,9.014,10.764,11.687,11.280,11.780,12.472,12.540,11.880,11.905,12.215,12.357,11.748,11.840,12.221,12.882,12.128,12.246,12.699,12.666
Transporte terrestre y transporte por tuberías,4.733,5.018,5.145,5.289,5.001,5.164,5.399,5.496,5.301,5.666,5.763,5.934,5.454,5.733,5.929,5.996,5.435,5.597,5.873,6.123,5.721,5.931,6.115,6.364,5.946,6.191,6.449,6.600,6.263,6.393,6.539,6.651,6.189,6.526,6.672,6.884,6.420,6.728,6.933,7.085,6.742,6.848,7.047,7.231,6.738,6.797,6.955,7.112,6.775,6.795,7.081,7.211,6.760,7.023,7.164,7.353,6.931,7.155,7.481,7.420,6.718,4.756,5.737,6.469,6.286,6.023,7.069,7.417,7.188,7.546,7.941,7.951,7.601,7.728,8.044,8.122,7.607,7.805,7.882,8.234,7.714,7.816,8.144,8.131
Transporte acuático,47,58,51,54,48,57,52,55,51,61,55,62,55,69,61,62,52,61,54,58,50,62,57,62,54,65,56,60,54,63,55,57,54,63,53,56,56,65,55,57,55,63,55,58,55,64,56,61,57,65,58,61,56,65,59,63,55,65,65,64,61,54,53,61,62,61,57,53,54,67,66,64,73,62,58,63,43,53,56,68,65,58,37,46
Transporte aéreo,526,466,542,542,557,519,648,686,586,519,636,704,584,494,619,754,607,560,650,737,699,639,724,822,778,741,879,934,855,797,880,988,934,903,992,1.070,985,955,1.115,1.114,1.060,1.094,1.214,1.279,1.182,1.092,1.281,1.461,1.226,1.296,1.476,1.310,1.321,1.314,1.479,1.544,1.392,1.412,1.589,1.588,1.339,308,310,656,739,743,1.135,1.517,1.530,1.705,1.824,1.796,1.666,1.646,1.844,1.766,1.792,1.583,1.867,1.985,1.875,1.805,2.009,2.004
Almacenamiento y actividades complementarias al transporte,880,980,1.011,1.058,952,1.045,1.134,1.227,1.075,1.123,1.195,1.268,1.204,1.240,1.213,1.286,1.123,1.117,1.175,1.264,1.139,1.189,1.242,1.347,1.280,1.389,1.464,1.530,1.414,1.425,1.544,1.672,1.463,1.627,1.596,1.780,1.597,1.625,1.748,1.823,1.664,1.693,1.772,1.926,1.674,1.715,1.750,1.926,1.719,1.821,1.882,1.957,1.833,1.866,1.881,2.065,1.953,1.995,2.061,2.082,1.979,1.250,1.414,1.692,1.739,1.843,2.174,2.391,2.321,2.291,2.486,2.540,2.385,2.293,2.150,2.226,2.195,2.195,2.279,2.435,2.362,2.408,2.386,2.327
Actividades de correo y de servicios de mensajería,99,113,117,132,120,131,134,162,142,154,161,186,159,168,174,195,160,167,165,199,165,179,182,214,178,188,195,225,188,192,203,239,200,203,213,248,213,213,225,259,216,211,226,248,206,205,219,240,205,203,217,241,220,216,225,243,231,232,241,260,226,210,264,290,258,254,280,327,272,298,297,319,265,273,266,296,260,280,296,335,277,299,308,343
Alojamiento y servicios de comida,4.355,4.359,4.630,4.812,4.597,4.752,5.112,5.118,4.929,5.180,5.568,5.480,5.298,5.345,5.698,5.677,5.337,5.665,5.951,5.703,5.616,5.775,6.259,6.146,5.806,6.051,6.474,6.425,6.222,6.321,6.627,6.516,6.473,6.664,7.139,7.043,6.896,6.961,7.335,7.487,7.022,7.225,7.689,7.925,7.539,7.549,8.025,7.952,7.595,7.692,8.260,8.198,8.016,7.910,8.467,8.196,7.840,8.066,8.819,8.986,8.325,3.138,5.100,8.185,7.895,7.321,8.613,10.669,9.333,9.843,10.988,10.886,9.166,9.355,9.745,10.793,9.331,9.551,10.134,11.427,9.326,9.730,10.161,11.438
Información y comunicaciones,2.844,3.065,2.949,3.872,3.374,3.685,3.482,4.087,3.793,3.979,4.361,4.628,4.075,4.183,4.378,4.484,3.843,3.821,3.713,4.293,4.063,4.461,4.610,5.122,4.715,4.827,5.077,5.534,4.856,4.875,4.995,5.689,5.170,5.318,5.591,6.139,5.646,5.809,5.734,6.466,5.668,5.763,5.972,6.559,5.687,5.811,5.922,6.384,5.609,5.814,5.750,6.585,5.651,5.971,6.146,6.826,5.839,6.136,6.068,6.778,5.873,5.773,5.939,6.548,6.071,6.453,6.784,7.902,7.336,7.528,7.645,8.055,7.516,7.598,7.557,8.363,7.343,7.513,7.677,8.436,7.375,7.731,7.824,8.338
Actividades financieras y de seguros,3.810,3.800,3.925,3.888,4.203,3.954,4.049,4.234,4.561,4.600,4.586,4.955,5.100,4.878,5.070,5.550,5.462,5.157,5.280,5.416,5.296,5.448,5.642,5.926,6.004,6.043,6.166,6.541,6.524,6.608,6.590,6.904,7.170,7.183,7.081,7.727,7.830,7.927,8.039,8.344,8.693,8.621,8.717,8.664,8.891,8.746,8.923,9.165,9.103,9.390,9.326,9.832,9.434,9.787,9.746,10.089,10.070,10.277,10.576,10.582,10.308,10.403,10.799,10.923,10.827,10.748,11.042,11.387,10.487,11.972,12.092,12.389,12.989,12.542,12.399,13.205,12.704,12.816,13.024,13.140,13.120,13.175,13.591,13.226
Actividades inmobiliarias,12.402,12.506,12.581,12.744,12.835,12.987,13.131,13.311,13.381,13.497,13.600,13.747,13.727,13.859,13.987,14.159,14.228,14.385,14.523,14.730,14.779,14.911,15.046,15.196,15.206,15.324,15.454,15.644,15.666,15.800,15.962,16.150,16.166,16.323,16.466,16.670,16.690,16.819,16.975,17.181,17.186,17.335,17.505,17.798,17.773,17.992,18.139,18.385,18.351,18.499,18.673,18.973,18.958,19.225,19.503,19.763,19.787,19.945,20.055,20.177,20.178,20.078,20.327,20.535,20.564,20.725,20.846,21.007,21.034,21.155,21.278,21.377,21.413,21.535,21.651,21.814,21.860,22.024,22.131,22.307,22.295,22.462,22.587,22.731
"Actividades profesionales, científicas y técnicas; Actividades de servicios administrativos y de apoyo",8.402,8.655,8.856,10.143,8.999,9.240,9.514,10.838,9.631,9.852,10.219,11.545,10.103,10.245,10.524,11.928,10.375,10.640,10.829,12.153,10.612,10.918,11.145,12.679,11.224,11.601,12.023,13.719,11.914,12.225,12.503,14.265,12.259,12.780,13.241,15.313,13.328,13.817,14.192,16.163,13.600,13.845,14.336,15.611,13.179,13.527,13.825,15.464,13.215,13.764,14.114,15.718,13.658,14.355,14.695,16.357,14.195,14.941,15.230,16.736,14.366,13.079,13.983,16.136,14.521,14.946,15.797,17.903,15.771,16.888,16.936,18.537,16.314,17.130,17.115,18.878,16.246,17.066,17.031,18.804,16.436,17.332,17.229,19.077
"Actividades profesionales, científicas y técnicas",3.976,4.076,4.232,5.027,4.260,4.350,4.556,5.353,4.566,4.622,4.891,5.708,4.774,4.837,5.044,5.874,4.913,5.001,5.185,6.018,5.072,5.144,5.301,6.241,5.328,5.449,5.722,6.785,5.642,5.760,5.975,7.021,5.822,6.018,6.313,7.537,6.391,6.534,6.730,7.900,6.418,6.422,6.743,7.473,6.139,6.309,6.504,7.418,6.052,6.277,6.461,7.403,6.229,6.553,6.742,7.757,6.470,6.844,6.985,7.861,6.419,6.048,6.348,7.462,6.534,6.814,7.247,8.391,7.052,7.741,7.549,8.524,7.196,7.719,7.684,8.808,7.171,7.657,7.544,8.524,7.240,7.742,7.607,8.635
Actividades de servicios administrativos y de apoyo,4.421,4.572,4.623,5.134,4.734,4.881,4.958,5.502,5.061,5.220,5.327,5.854,5.323,5.402,5.480,6.067,5.457,5.633,5.644,6.150,5.540,5.769,5.842,6.449,5.894,6.148,6.300,6.946,6.270,6.462,6.528,7.252,6.436,6.760,6.929,7.782,6.938,7.284,7.461,8.266,7.181,7.423,7.593,8.138,7.040,7.218,7.322,8.046,7.160,7.484,7.651,8.315,7.427,7.800,7.950,8.600,7.722,8.094,8.243,8.874,7.942,7.030,7.631,8.673,7.983,8.129,8.548,9.512,8.713,9.144,9.380,10.011,9.113,9.407,9.426,10.066,9.069,9.404,9.480,10.276,9.189,9.584,9.616,10.437
Administración pública y defensa; planes de seguridad social de afiliación obligatoria,6.391,5.736,5.957,7.100,6.700,5.857,6.296,7.707,6.810,6.049,6.717,8.201,7.050,6.388,6.634,8.080,7.133,6.473,6.976,8.505,7.552,6.952,7.459,9.320,8.268,7.793,8.357,10.413,9.046,8.467,8.905,11.124,9.291,8.733,9.290,11.898,10.427,9.784,10.358,12.952,11.320,10.746,11.536,12.194,11.172,11.264,11.521,13.455,11.627,11.713,11.988,13.957,12.141,12.484,12.764,14.768,12.594,13.119,13.337,15.301,12.547,13.071,13.011,15.551,12.998,13.376,13.860,16.118,13.457,14.674,13.432,15.399,12.941,14.952,14.827,16.346,13.868,15.577,14.507,16.767,14.510,15.965,15.799,18.217
Educación,6.180,6.683,6.737,7.283,6.274,6.801,6.904,7.487,6.541,7.117,7.231,7.862,6.855,7.428,7.386,7.999,7.039,7.596,7.549,8.244,7.237,7.878,7.547,8.417,7.524,7.873,7.736,8.731,7.719,8.111,8.174,9.077,7.874,8.498,8.566,9.483,8.055,8.597,8.815,9.664,8.499,8.982,9.650,9.729,8.667,9.503,9.770,10.529,8.720,9.745,9.879,10.701,9.113,10.070,10.097,10.979,9.441,10.526,10.574,11.690,9.857,11.057,10.741,12.453,10.433,11.386,11.425,13.325,10.618,12.051,11.664,13.124,10.678,12.681,11.741,13.632,10.799,12.746,11.763,14.299,11.176,12.962,13.060,14.575
Educación de mercado,3.259,3.696,3.584,3.544,3.335,3.792,3.696,3.659,3.482,3.951,3.830,3.777,3.569,4.029,3.825,3.774,3.631,4.098,3.889,3.847,3.684,4.175,3.826,3.888,3.853,4.205,3.949,4.049,3.942,4.302,4.140,4.184,4.004,4.508,4.358,4.417,4.165,4.634,4.560,4.567,4.304,4.765,4.816,4.691,4.445,4.913,4.881,4.881,4.420,5.086,4.925,4.990,4.608,5.142,4.950,5.034,4.700,5.233,5.054,5.170,4.680,4.999,4.639,5.101,4.636,5.141,4.997,5.299,4.850,5.465,5.324,5.604,5.009,5.653,5.526,5.662,5.016,5.671,5.471,5.651,5.146,5.640,5.550,5.700
Educación de no mercado,2.927,3.007,3.163,3.722,2.947,3.033,3.220,3.813,3.069,3.186,3.409,4.069,3.290,3.408,3.566,4.220,3.413,3.516,3.665,4.375,3.555,3.709,3.722,4.520,3.671,3.669,3.788,4.680,3.776,3.809,4.034,4.895,3.870,3.992,4.209,5.063,3.890,3.962,4.255,5.100,4.195,4.217,4.834,5.039,4.221,4.590,4.888,5.648,4.301,4.660,4.954,5.710,4.503,4.924,5.150,5.959,4.741,5.293,5.528,6.546,5.186,6.074,6.122,7.381,5.815,6.265,6.447,8.042,5.779,6.600,6.354,7.542,5.675,7.046,6.221,8.003,5.790,7.094,6.300,8.696,6.045,7.343,7.534,8.911
Actividades de atención de la salud humana y de servicios sociales,4.866,4.951,4.970,5.045,5.088,5.290,5.343,5.414,5.359,5.452,5.429,5.444,5.527,5.556,5.549,5.480,5.560,5.831,5.795,5.651,5.917,5.926,5.969,5.761,6.038,6.012,5.956,5.791,6.111,6.201,6.275,6.230,6.606,6.933,6.864,6.653,6.833,6.831,6.983,7.111,7.002,7.353,7.551,7.514,7.480,7.560,7.673,7.604,7.850,7.886,8.018,8.136,8.070,8.351,8.470,8.613,8.685,8.979,9.102,8.983,8.667,7.659,8.650,9.410,9.775,10.329,10.556,10.394,10.269,10.339,10.336,10.223,10.841,11.231,11.461,11.401,11.810,12.230,12.319,12.245,12.132,12.293,12.788,12.597
"Actividades artísticas, de entretenimiento y recreación y otras actividades de servicios",2.204,2.157,2.115,2.364,2.359,2.344,2.256,2.446,2.503,2.457,2.366,2.685,2.631,2.571,2.506,2.750,2.671,2.637,2.549,2.854,2.783,2.682,2.631,2.898,2.893,2.897,2.904,3.079,3.000,2.927,3.068,3.145,3.175,3.145,3.216,3.515,3.392,3.151,3.282,3.543,3.455,3.321,3.440,3.774,3.685,3.580,3.641,3.936,3.799,3.643,3.692,4.016,3.653,3.721,3.767,4.335,4.202,4.441,4.426,4.988,4.469,3.073,4.323,4.891,5.161,5.716,5.919,6.780,6.699,6.764,7.475,8.977,7.791,7.949,8.321,9.460,8.258,8.902,9.388,9.855,9.679,9.737,9.929,11.230
Actividades de los hogares individuales en calidad de empleadores; actividades no diferenciadas de los hogares individuales como productores de bienes y servicios para uso propio,864,931,1.109,1.035,876,949,1.136,1.066,906,981,1.164,1.083,907,972,1.155,1.078,915,992,1.184,1.106,932,1.008,1.205,1.130,961,1.043,1.250,1.170,990,1.072,1.283,1.199,1.015,1.100,1.317,1.235,1.051,1.143,1.368,1.281,1.084,1.175,1.409,1.323,1.126,1.225,1.467,1.373,1.159,1.253,1.494,1.400,1.181,1.286,1.541,1.441,1.233,1.330,1.586,1.459,1.174,743,1.032,1.194,1.023,1.038,1.250,1.231,1.360,1.583,1.523,1.624,1.491,1.525,1.630,1.592,1.596,1.606,1.704,1.709,1.715,1.589,1.741,1.679
Actividades de los hogares individuales en calidad de empleadores,864,931,1.109,1.035,876,949,1.136,1.066,906,981,1.164,1.083,907,972,1.155,1.078,915,992,1.184,1.106,932,1.008,1.205,1.130,961,1.043,1.250,1.170,990,1.072,1.283,1.199,1.015,1.100,1.317,1.235,1.051,1.143,1.368,1.281,1.084,1.175,1.409,1.323,1.126,1.225,1.467,1.373,1.159,1.253,1.494,1.400,1.181,1.286,1.541,1.441,1.233,1.330,1.586,1.459,1.174,743,1.032,1.194,1.023,1.038,1.250,1.231,1.360,1.583,1.523,1.624,1.491,1.525,1.630,1.592,1.596,1.606,1.704,1.709,1.715,1.589,1.741,1.679
Valor agregado bruto,111.790,115.152,118.811,126.942,118.008,120.449,127.606,135.927,125.487,128.480,135.325,144.364,131.462,134.339,139.797,144.565,131.693,135.620,141.259,149.381,136.963,141.728,146.461,156.982,145.905,150.843,157.551,166.353,154.649,158.183,161.014,170.731,158.395,166.949,171.561,181.921,168.936,172.332,178.822,188.641,173.726,178.674,185.452,192.691,178.015,182.852,188.000,197.667,180.128,185.272,191.236,200.239,182.984,190.157,196.701,206.066,189.395,195.906,202.482,211.930,189.640,163.259,183.883,204.588,192.290,192.325,207.382,225.751,206.170,214.523,220.414,229.105,211.695,215.981,220.969,232.187,212.938,219.935,224.560,237.496,218.543,224.498,232.841,242.850
Impuestos menos subvenciones sobre los productos,9.461,10.489,10.525,12.050,10.899,11.818,11.591,13.319,12.040,12.852,13.302,14.619,13.142,13.740,13.767,14.852,13.107,13.478,13.150,14.879,13.458,14.277,14.196,16.075,14.757,15.763,15.818,17.663,15.875,16.496,16.251,18.251,16.181,17.093,16.774,19.047,17.154,18.044,17.784,19.917,17.637,18.188,18.182,20.142,17.893,18.187,18.805,20.070,17.868,18.309,19.060,20.536,18.283,19.028,19.657,21.120,18.867,19.711,20.637,22.274,19.339,16.332,18.971,21.848,19.817,20.359,22.551,25.913,23.204,24.570,26.617,28.470,24.118,24.045,24.891,27.221,23.595,23.899,25.243,28.037,24.110,24.491,25.934,28.731
Producto Interno Bruto,121.118,125.559,129.223,138.953,128.840,132.243,139.114,149.238,137.489,141.316,148.650,159.002,144.603,148.079,153.585,159.447,144.812,149.109,154.402,164.293,150.432,156.004,160.652,173.064,160.660,166.585,173.372,184.010,170.517,174.658,177.268,188.972,174.578,184.043,188.345,200.973,186.100,190.347,196.606,208.536,191.363,196.861,203.636,212.832,195.908,201.039,206.806,217.737,198.003,203.592,210.301,220.761,201.268,209.188,216.359,227.193,208.264,215.620,223.124,234.216,208.984,179.588,202.864,226.464,212.119,212.672,229.894,251.559,229.311,239.014,246.908,257.422,235.749,239.984,245.805,259.305,236.500,243.823,249.752,265.415,242.633,248.986,258.738,271.435