Concepto,Grupo,2004-03-01,2004-06-01,2004-09-01,2004-12-01,2005-03-01,2005-06-01,2005-09-01,2005-12-01,2006-03-01,2006-06-01,2006-09-01,2006-12-01,2007-03-01,2007-06-01,2007-09-01,2007-12-01,2008-03-01,2008-06-01,2008-09-01,2008-12-01,2009-03-01,2009-06-01,2009-09-01,2009-12-01,2010-03-01,2010-06-01,2010-09-01,2010-12-01,2011-03-01,2011-06-01,2011-09-01,2011-12-01,2012-03-01,2012-06-01,2012-09-01,2012-12-01,2013-03-01,2013-06-01,2013-09-01,2013-12-01,2014-03-01,2014-06-01,2014-09-01,2014-12-01,2015-03-01,2015-06-01,2015-09-01,2015-12-01,2016-03-01,2016-06-01,2016-09-01,2016-12-01,2017-03-01,2017-06-01,2017-09-01,2017-12-01,2018-03-01,2018-06-01,2018-09-01,2018-12-01,2019-03-01,2019-06-01,2019-09-01,2019-12-01,2020-03-01,2020-06-01,2020-09-01,2020-12-01,2021-03-01,2021-06-01,2021-09-01,2021-12-01,2022-03-01,2022-06-01,2022-09-01,2022-12-01,2023-03-01,2023-06-01,2023-09-01,2023-12-01,2024-03-01,2024-06-01,2024-09-01,2024-12-01,2025-03-01,2025-06-01,2025-09-01,2025-12-01,2026-01-01,2026-02-01
INGRESOS TOTALES,,8927.570608173752,11246.622906148774,10531.123431846754,9246.483240458789,9981.174373000136,13056.880571104793,12218.02601027172,10620.084107367751,12104.142726964004,15131.917931077056,16550.314575142496,12560.43350851652,14787.234905829242,19432.25822971438,16792.507297016877,13693.254128527864,19891.84887469982,19805.16463114169,18092.962640966645,17268.663014628204,17337.770332158816,22989.6476179219,20635.282313553304,16192.811027880292,19520.926720582596,19611.653733645235,19668.739509685576,16155.70018579776,20581.597012150894,29997.76538138321,24137.370189215195,19530.499077705164,22088.718113812367,41085.80054363744,25658.65593279973,18232.82642570435,28164.579458140026,38135.71877095838,27191.697721933208,26252.367997017864,30137.45418905708,35522.007713941864,31598.307443257643,28645.788138983266,28198.769503435255,38673.531837743816,29813.65699782891,27986.59607894859,30671.75203572135,40235.578263840245,29449.311324389233,28010.44401965499,30555.272171470053,42386.597202555946,41515.24867802987,29605.327208856957,34558.59098268217,41142.56346719162,36659.696470135816,36931.37568197266,40828.5785227638,49445.12510524896,43389.768363177165,38197.773333053854,48617.500528144046,34626.98764750443,32700.38497268714,36623.33251330214,47589.880230021314,44494.976658630774,56698.36040488287,43275.1855576694,52672.986548548084,68870.05640658466,63977.66991408229,52742.1632598671,64144.65176052897,92738.93609334597,82826.36470883247,56655.36327538851,77912.60157062025,73581.10548001935,71648.64232098608,58317.87543498908,77718.436689714,81135.14734284807,78715.97644965083,65195.523332563826,88629.3542078025,86539.94562805964
Ingresos corrientes de la Nación,INGRESOS TOTALES,8584.489984853848,10909.313815512,9139.397773811534,8303.938496543093,9646.775543846,12687.458989456663,10457.567279912,9726.073758741,11601.800783214001,14426.510697617001,13360.093582331,12086.038098015999,14268.041340331998,16487.792220662002,14879.174081403,12614.02236285121,16779.735437354,18129.567485551004,16289.567440725,13798.97341029,15740.096152934,19688.903849698,17461.784970162,12768.21499732,17311.904384913003,17649.790387049004,18089.987437262997,14356.605163829001,19262.930497529,27477.878955000997,20687.2209143469,16949.553385584102,21178.664275306,36325.721536349,21496.017974786,17345.547435456,23355.567094094,34520.690747551,25067.141886797,18819.872176817,27575.657896981997,34485.549308591,26239.34860161,20657.548510535,27436.236199748004,37672.632149454,29376.173447239,22598.800971817,28724.902545353994,38923.841263441005,27616.113074008,22716.682982645998,29411.10494666823,40257.83359940062,37059.57679838691,25679.986819373615,32757.748013008975,37874.86106771088,33924.74656344837,31456.29374075085,36538.22322797902,42069.413315801896,38820.50662323976,32466.840462715423,40745.02266275555,31670.164474741614,28964.719527407047,31041.0507546288,39385.31743480101,42691.87315620996,41726.28942782662,39875.95555694001,50481.37928648896,57150.619627254375,57892.1222248983,47778.5668593417,60623.214147450606,82372.48117228458,72491.13509250703,48900.39854613183,63799.94735512449,63300.59546473474,67430.79029288839,52403.89554392894,64527.22122881836,71265.09709896,76817.40228434376,60086.535817768774,72868.52290352856,80592.68898843744
Tributarios,INGRESOS TOTALES > Ingresos corrientes de la Nación,8537.269695209001,10859.899847179,9087.562683549,8250.755636437,9608.890789539,12590.648102632998,10407.4492974,9681.435903712001,11553.905716819001,14359.935177119001,13268.581622024,12038.449278942,14218.965771198997,16418.370974406003,14819.776636824,12408.923091034001,16640.054886260998,18000.249191989,16176.32494047,13531.964043933,15643.887191508999,19565.210111132998,17361.536071305,12625.352418086,17108.314956751,17573.769801079,17951.032087015996,14148.290709319,19155.527918907,27372.248440863994,20519.5891932899,16760.507606862102,20933.09813934,36061.653184579,21218.473713687003,16926.028904504,23190.896551117,34147.972291121,24844.215683995,18596.854593187,27408.710392490997,34386.728682443,26135.462204404,20411.581719238002,27236.036841174002,37537.209891160004,29244.058662616997,22385.846066968,28576.033529981996,38708.377663942,27485.69719984,22558.468513088,29073.480635759,40099.135052129,32329.864427962,25455.389627926997,32607.815763143,37551.91749011,33800.998338241,31226.441182968658,36245.353196184,41824.536697327,38509.91740090495,31838.21788147901,40379.84675706503,31496.892585487964,28456.928484145996,30429.275803620192,39071.998656924,42221.380926107995,41436.63182446301,39498.09748044801,50192.151870293994,56773.002343133,57527.37509503901,47506.042511850625,60373.17148037182,82163.70710681163,72176.97242530901,48476.087223992996,63294.757736777494,62849.888791028134,67174.03875047324,51731.39722610879,64398.76267025393,71027.84363460925,76502.10629162344,59993.145241154845,72704.15261866906,80410.93077650643
No tributarios,INGRESOS TOTALES > Ingresos corrientes de la Nación,47.220289644849,49.41396833300001,51.83509026253384,53.18286010609211,37.884754307,96.8108868236666,50.117982512,44.637855029,47.895066395,66.575520498,91.51196030700001,47.58881907400001,49.075569133,69.421246256,59.397444579,205.09927181720852,139.68055109300002,129.31829356199998,113.242500255,267.009366357,96.20896142500001,123.69373856499999,100.248898857,142.862579234,203.58942816200005,76.02058597,138.95535024699998,208.31445451000002,107.402578622,105.630514137,167.631721057,189.04577872200002,245.56613596600005,264.06835177,277.544261099,419.51853095200005,164.670542977,372.71845642999995,222.92620280199998,223.01758363000002,166.94750449100002,98.820626148,103.886397206,245.966791297,200.19935857400003,135.422258294,132.114784622,212.954904849,148.86901537200004,215.46359949900003,130.415874168,158.21446955800002,337.6243109092319,158.6985472716185,4729.712370424914,224.59719144661437,149.9322498659731,322.94357760087996,123.74822520736059,229.8525577821925,292.87003179502506,244.87661847489133,310.58922233480786,628.6225812364085,365.17590569051885,173.27188925364794,507.7910432610517,611.7749510086046,313.3187778770049,470.49223010196306,289.6576033636118,377.8580764920067,289.22741619496566,377.6172841213754,364.7471298593013,272.52434749107755,250.04266707877997,208.77406547294999,314.16266719802996,424.31132213882995,505.189618347,450.7066737065905,256.75154241514724,672.4983178201571,128.45855856443,237.25346435074997,315.29599272032004,93.39057661392997,164.37028485951,181.758211931
Fondos especiales,INGRESOS TOTALES,65.080421458,82.54702065149999,98.75219811350001,134.552886894,70.17872555599999,121.06528319649999,118.286502804,162.33727655299998,108.171242044,97.26398527849997,165.2947177205,206.231113451,143.40672104100003,129.635939541,141.914678998,222.163903026,232.183267602,183.54679277900004,201.84686851500004,276.797501411,215.28718697200003,271.615878716,250.59573721,323.99701739600005,192.331892519,244.11259330000004,247.777517418,326.00934144100006,300.524369707,304.22091624899997,430.92001033700006,269.51312705500004,397.79488187799996,318.457194647,422.40751398399993,354.571206533,264.62276824900005,234.18980044000003,350.482501423,419.135782803,308.14907709,409.83580126699997,526.151976451,324.501495861,0.0,0.0,0.0,0.0,422.04447375100006,348.84438968600006,523.5539804593748,412.229302970879,399.87471987799995,291.455251609,318.56811210499995,522.393755086,339.553426781,423.5915116849999,312.63215989,470.84870581999996,300.161647953,311.99233467600004,360.69390836900004,508.28898989000004,341.768545852,234.92265160099998,281.37852121400005,555.701643137,575.5495665550001,437.731736129,522.398408826,1306.2899269499999,633.7689237530001,718.7315653559999,943.7568149660001,1333.4688757539998,944.458856227,1466.639645587,884.607343834,1108.825252144,1075.1334570480099,1015.97884519782,894.4553436045401,2197.1694360074302,923.4373702500002,997.9759453959999,1015.572790881,2430.013187806,1034.772823449,1142.58302258
Ingresos de capital,INGRESOS TOTALES,246.64425337986071,223.406121503233,1261.6175114396797,776.6359085396564,233.51966413397048,217.65585898746463,1611.4717880915546,700.9726326095848,378.4354039203787,592.4079503959314,3009.1909773053735,252.42899926389822,366.2706177178359,2805.3138427729737,1761.902309877469,847.5516359122466,2875.740477243817,1487.86066031169,1597.3586392266432,3188.7024104272077,1378.1972997528167,3024.938197007901,2918.7119136813053,3096.4093206642933,2012.500750650598,1713.561060796231,1326.784862504582,1468.8959880277598,1013.9524524148956,2211.475817633212,3015.039572031296,2307.242872566064,512.2589566283633,4441.621812641434,3740.230444029729,532.707783715352,4544.3895957970235,3380.8382229673834,1774.0733337132087,7013.360037397866,2253.6472149850806,626.6226040838675,4832.806865196643,7663.738132587263,762.5333036872509,1000.8996882898194,437.4835505899118,5387.795107131594,1524.8050166163514,962.8926107132388,1309.6442699218592,4881.53173403811,744.29250492382,1837.3083515463206,4137.1037675379575,3402.9466343973436,1461.2895428922047,2844.1108877957427,2422.317746797448,5004.233235401808,3990.193646831774,7063.719454771073,4208.567831568407,5222.643880448437,7530.709319536489,2721.9005211618164,3454.2869240660943,5026.580115536342,7629.013228665307,1365.3717662918161,14449.672568230255,2092.9400737793903,1557.8383383061205,11000.705213974286,5141.790874217974,3630.127524771398,2576.9787568513657,8899.815275474388,9450.622272491431,6646.139477112679,13037.52075844774,9264.5311700868,3323.396684493152,3716.8104550527087,12267.778090645643,8872.074298492063,883.0013744260783,2678.9743269890373,14726.058480824946,4804.673617042212
Ingresos causados,INGRESOS TOTALES,31.355948482040517,31.355948482040517,31.355948482040517,31.355948482040517,30.70043946416473,30.70043946416473,30.70043946416473,30.70043946416473,15.735297785623821,15.735297785623821,15.735297785623821,15.735297785623821,9.516226738409262,9.516226738409262,9.516226738409262,9.516226738409262,4.1896925000000005,4.1896925000000005,4.1896925000000005,4.1896925000000005,4.1896925000000005,4.1896925000000005,4.1896925000000005,4.1896925000000005,4.1896925000000005,4.1896925000000005,4.1896925000000005,4.1896925000000005,4.1896925000000005,4.1896925000000005,4.1896925000000005,4.1896925000000005,0.0,0.0,0.0,0.0,0.0,0.0,0.0,0.0,0.0,0.0,0.0,0.0,0.0,0.0,0.0,0.0,0.0,0.0,0.0,0.0,0.0,0.0,0.0,0.0,0.0,0.0,0.0,0.0,0.0,0.0,0.0,0.0,0.0,0.0,0.0,0.0,0.0,0.0,0.0,0.0,0.0,0.0,0.0,0.0,0.0,0.0,0.0,0.0,0.0,0.0,0.0,0.0,0.0,0.0,0.0,0.0,0.0,0.0
GASTOS TOTALES,,13100.654658035666,13094.654216304561,11340.431328683233,15831.0628359494,16122.504507638989,13041.06972475683,13545.072570622728,16353.257660223124,18508.358619309205,16493.689801463624,16529.5510692211,17474.90763070669,20512.563161648028,18300.05323275562,18338.189519250885,18911.513826767594,25360.694254969236,14559.211177190013,20879.050254667498,25161.28102077635,20559.33822703592,23890.155005540164,23899.758066384205,29345.322996269082,18756.10290465132,24642.765151726035,21221.848498476233,31141.37718246666,16779.15924569838,25712.370160088874,26208.20586372198,42871.35221472277,19064.73377648986,27983.61354970957,29112.498765230255,46283.952257034456,25036.112356164103,31590.029083749847,31773.21927075737,47992.53413336516,29618.981350949165,34940.829304914776,36676.5097272899,43034.923370332675,25613.516927475932,33292.766129580836,34000.091598221916,36643.694645147516,37716.75151760857,41988.642876244805,42428.43309725891,41253.457134560595,41295.673767264874,44289.93500968243,47163.442477828816,45041.040237118505,39757.33270331888,47069.762062822585,49490.90299977524,43556.78573782739,47253.521740151074,48141.98437823842,50696.116497059484,51992.31209586034,51103.2423252325,62779.32428613801,61853.55738628745,54689.522900069554,62452.56454866772,64804.59754581559,61267.32036419326,86701.91581424727,69526.03149879769,85193.88320708566,79602.67507167392,81525.36760186631,77963.12273371496,92388.73231444095,93187.13058640104,99807.90587104822,94341.8069542276,112266.90790619259,87388.58286124081,102120.7685792981,115225.41075823779,112159.0772288409,84982.495139877,108309.70137907153,124568.23669941822,116814.7886407472
Intereses,GASTOS TOTALES,3533.733161564799,3173.3210682520257,2707.8993252089463,1464.214311315894,3240.556630415947,2542.825049968007,3833.0621287965946,900.0793632467784,3555.880814863188,3138.374411356521,5114.670282444185,2155.519444654241,4337.19224218853,3829.550213272396,5079.00620675358,2662.537972166127,3246.6307821588384,3813.0293587718047,5014.9894553287095,3290.9274583048223,3156.7147969736307,3731.7039639452823,4995.622137888723,3265.093898642495,2799.894743774734,4424.115679119121,4837.137705668801,2785.8739207427434,2808.207322913928,5118.876765093468,5099.031443406088,3772.180969796368,3168.2644488380683,4359.001450462903,5393.572531218973,4131.479864738652,2678.4768417355112,4701.983845997156,4936.435490007032,4046.594554472624,3198.282269968564,3881.3407239808957,7167.2083476779135,2732.6025902970164,3112.6333724578244,4731.902483621523,8141.920547695962,4659.358021452979,5043.631864032573,6316.899065567409,10868.255630382588,3152.9247367261173,4928.983301085713,7850.443573577339,11148.085680431159,2689.4336650050536,4816.673158326275,6816.1253482244465,12284.642781991286,3556.5623322245574,5934.8346838066855,8341.93834603876,12140.763666159688,4382.852924955003,5998.728447694958,9941.611686927969,7100.581980086439,5295.626675182975,6521.861795454434,12361.826699547179,11258.409270444467,9535.442331821869,12249.495771056776,18176.02349564816,18476.885934057787,14262.321016907496,17396.2292184513,18855.12457467216,12858.402741100206,12358.347811892807,15970.088185716282,24315.382577444732,15055.222155313524,18869.930245073716,21796.2567864687,21096.55710420504,-521.8092756662804,9713.54371776992,26847.288335514524,16027.445656089094
Intereses deuda externa,GASTOS TOTALES > Intereses,1573.5747616077003,778.7222689435442,1108.9673279572073,858.7008059984341,1363.5898363760562,873.7212687923154,1286.0541394061943,744.3730049237877,1211.8067306973526,879.8691110780435,892.6886251114238,890.9615989436905,1351.2311659255147,729.7897141172128,893.569936381029,883.9720575840245,1150.4231899736815,761.7582383129309,831.4511454391293,918.3694183060413,1126.677799045487,927.6685970694091,947.3632873407063,844.1852834854448,1068.9683663431433,812.2336665808589,924.5581636734659,845.777198685087,922.5114453740703,940.5723581245584,877.5547889824785,827.2513651117274,973.7750785603894,856.303578052293,928.1758256481714,779.634127688337,943.8815389931099,844.2228115410176,965.373150002381,785.6133932366614,1092.4130519428052,838.9565751398047,1122.6011368546183,691.540339587607,1546.2742226763003,969.3890297785199,1762.7675810497346,1098.343659834185,2074.8067681290627,1189.7165369022518,1869.677357522115,827.3049743683029,2094.9682709194185,1307.399769216732,1735.2301893737847,1171.6295076013284,1916.4058471036428,1449.729298724958,1834.7569051325258,1430.856735007966,2183.927480261953,1858.45987966728,2030.1069021889703,1534.31025262897,2291.0427402671585,2186.93440468948,2061.2745606302,1836.67489592936,2683.510316974772,2413.06466868382,2246.8608489189,2025.093711960194,2622.7776344841527,2473.12823962556,2842.15574020841,3103.8174563578496,3885.2487577434727,3234.78528084356,3496.0518249030297,3144.9087743501304,3775.45728988122,3400.4422465692705,3673.5387538845907,4084.875350734922,3927.3857082742998,4534.9597025624,-384.98205468642027,6258.586059780177,3119.4942489086898,-1160.629912296823
Intereses deuda interna,GASTOS TOTALES > Intereses,1720.1648813425,2155.0573282373803,1513.5586628372398,555.1991326403602,1659.2893379770903,1426.1100460350906,2465.6391919065,62.11572771829029,2202.1809793941384,2015.5250146810736,4049.6371722138647,1184.6356067892518,2700.439066851968,2605.1537348424285,4119.593006804353,1732.680162971492,1647.8729039188054,2535.9171878511615,3792.892468861416,2284.47939898764,1666.6518657348963,2516.7487236883767,4066.897694219534,2486.414712919911,1442.7775416395496,3295.4972425874257,3861.7874830656174,1961.0858870222648,1340.0833052426283,3933.330181947222,4033.8850712925387,2761.786524098044,1682.3761160005874,3261.609647180472,4386.122052400121,3208.1977960252702,1577.8869066065695,3592.388432000484,3816.6114023494265,3278.253426110295,1171.0062336100793,3302.29155158869,4692.30099591876,2682.65471556564,828.6521371563199,2901.28272601117,6036.0201700136495,2478.4426726133197,1211.717563173386,3616.4725270406548,8263.023313655922,2475.0309875609432,1356.0423169375435,5407.772276726726,9236.367748668405,1350.6125158332889,1742.948914979192,4378.149824292203,10267.959431079571,1726.7123835607267,2462.7290843951696,5096.457191228202,9393.44610069762,2335.44379728262,2548.9402924341202,6772.41731401845,5636.13534956782,3264.53337187457,2668.064105001,7779.73239123353,7814.67588168967,6393.09329575645,4944.045056003171,10868.50391731009,12327.644295004011,7236.8538454852705,6953.17528054592,11184.44111865891,7119.965913419661,6883.7979161473995,8420.741782687848,17203.31701263208,9984.35104587904,14310.04460905772,13723.665254792779,12771.282393249528,-1449.5459081273111,2119.9203506299073,19291.40735513755,11915.177147454942
Indexación TES B denominados en UVR,GASTOS TOTALES > Intereses,239.99351861459922,239.54147107110174,85.37333441449888,50.314372677099485,217.6774560628004,242.99373514060116,81.36879748390005,93.59063060470035,141.89310477169712,242.98028559740368,172.34448511889804,79.92223892129851,285.5220094110475,494.6067643127548,65.84326356819845,45.885751610610335,448.33468826635146,515.3539326077124,390.6458410281645,88.07864101114095,363.3851321932475,287.2866431874963,-18.638843671517037,-65.50609776286035,288.1488357920413,316.38476995083585,50.79205892971705,-20.989164964608676,545.6125722972288,244.97422502168664,187.59158313107116,183.14308058659606,512.113254277092,241.0882252301377,79.27465317068138,143.64794102504544,156.70839613583195,265.3726024556549,154.4509376552253,-17.272264874332322,934.8629844156794,-259.9074027475988,1352.306214904534,-641.592464856231,737.7070126252045,861.2307278318327,343.13279663257765,1082.5716890054744,1757.107532730124,1510.7100016245022,735.5549592045503,-149.41122520312874,1477.9727132287505,1135.2715276338797,176.48774238897096,167.19164157043636,1157.318396243441,988.2462252072853,181.9264457791898,398.99321365586485,1288.1781191495627,1387.0212751432791,717.2106632730979,513.0988750434133,1158.7454149936798,982.2599682200383,-596.8279301115812,194.41840737904582,1170.2873734786617,2169.02963962983,1196.872539835898,1117.2553241052237,4682.673080569453,4834.391338712511,3307.0858988453656,3921.649715064375,6557.805180161909,4435.898175169691,2242.385002777515,2329.6411213952765,3773.8891131472137,3711.6233182433825,1397.3323555498946,475.0102852810719,4145.205823401622,3790.3150083931137,1312.718687147451,1335.0373073598362,4436.386731468279,5272.8984209309765
Funcionamiento*,GASTOS TOTALES,8825.690970577498,8755.970706266464,8317.16729241775,12650.221609286325,11983.334068685032,9292.341329546263,9328.028716337514,13911.177212940316,11499.316330136728,12043.940127112994,10564.420734202042,14912.913195644342,12463.344087021509,12456.496669957109,12202.465753955472,15144.325168144318,15831.597862872524,12998.432294782473,13722.796173878598,17308.143253216087,15329.441629102723,17403.60664208439,16741.81014083703,21534.829148257966,14421.55029541196,17793.068544531576,14707.34197292303,23519.934703437706,13305.203776829207,17990.608002779678,17436.738097003683,28372.704539891165,14588.586265879208,20924.04145256231,19622.395980028756,30426.712597234466,16105.2887552527,23215.31380535729,23088.72233067454,34193.858873793695,21409.846039111406,26079.535187539237,24976.717084734384,32502.801396469025,22025.511765454852,27920.718952099836,26556.954988522753,31948.203267635316,27562.064659432363,31649.850338241038,28054.07728550434,33098.309468521045,31318.629107461886,32957.24777355315,31941.74216338517,36989.48854885078,31551.214446179547,37622.43299646981,33114.98281662075,36071.73594341003,34948.22853413351,37081.24282519799,34773.524472171615,41969.08439000053,38794.45653014983,49684.45115014781,51194.23595531839,42022.63191168322,50762.21682147078,46965.30984514828,44246.75967057702,67841.06065621089,46771.128423905364,57985.865294984214,51919.87827550593,56496.69107602159,54182.535221923885,65738.47657482061,67864.59253683574,72875.26453213391,68952.43254625061,80770.23479215015,63300.29728091673,75341.58915731698,73448.99835809246,82360.41080986966,75383.68778479927,88131.6716908181,79949.28746664895,90932.26988929408
Servicios personales,GASTOS TOTALES > Funcionamiento*,1279.8816611923298,1440.3127069805896,1444.22244342632,2540.0640099814646,1560.57907311489,1744.1987577188697,1626.7910502486018,2322.1786717972577,1724.27572033578,1930.9208227185327,1781.6855473609046,2608.9839597493433,1788.0413349569706,1963.3782352723301,2130.7076578303117,2768.1917062493703,1968.6914740346317,2298.14884300938,2309.90023324714,3110.2305718766597,2113.6416067438017,2596.5565779342805,2625.0200591683624,3526.8788162132487,2364.7566802604774,2851.6390794339354,2806.701991644358,3626.3905075763805,2429.0264096224655,2992.881204111879,3023.1461040215218,3967.4813181416753,2737.980553314009,3406.5082958679873,3367.6247597572574,4476.1927756475125,3018.408980279539,3534.4204230471387,3745.568701452385,4925.072246269936,3593.252789246317,4117.205874575566,4098.277331286056,5236.643588691368,3623.5207445906126,4301.3599984002285,4445.7167661493995,5821.433024430127,4072.2527161165717,4750.343036868902,4752.964722804172,6167.764873159338,4053.8749915822773,5011.687735072481,5184.189538309609,6846.057345733798,4775.003033173138,5694.637777455771,5536.103457393256,6940.119445876863,4843.085185451344,5631.483608736614,5623.729016979044,7156.196458926727,5204.375267044351,5691.496667129531,5723.948763211638,7615.203477101168,5216.335620132301,5907.774915443522,6327.255253139299,8233.139712739916,5584.4521733715355,7107.703883476344,6904.064741310497,8767.817532824469,6123.548570820815,8029.03671561913,8762.908354339965,9870.324976817556,7328.768070105529,9439.184303247614,9134.972073331826,11563.75129296516,8359.150115206383,10036.851002592346,10535.887479324923,13264.172098543137,9905.370515628896,12124.439349540102
Transferencias,GASTOS TOTALES > Funcionamiento*,7194.1018762678295,6750.590643536577,6227.78914951569,9087.925882534542,9735.8357601262,7002.762832780242,7022.630195938042,10457.665093245738,8791.875620677647,9298.41264460162,8083.523670555759,11356.263410211546,9833.514314448057,9591.95273460155,9252.577114630789,11352.426699559328,12398.501256511625,10873.367721680861,10560.522244079588,12621.253619591746,12686.752381059916,13807.45363699557,13280.358700217053,16487.94521051931,11300.634168908819,13936.041496725902,10922.002438209667,18302.34962559001,10303.230985628703,14076.077798742092,13384.203376023685,22300.69214586296,10964.394274291404,16439.43731291013,15107.468434573835,23620.75926787233,12249.192710823612,18513.84513483085,17942.521342674703,26656.58030214819,16741.376443663845,20483.083222185367,19482.817360427063,24800.31459233348,17560.011388320694,22460.32991771675,20546.83876362909,23420.148785444475,22631.26364598071,25562.927576169455,21894.663413881422,24355.806125866864,26332.751434629536,26755.34590159885,25396.948283926882,27677.01443364661,25854.44920228531,30554.51056648823,26034.524028357733,27371.885347236723,28360.152026690324,29980.886479878296,27444.64271981731,32227.186392915646,32002.92536308222,42671.632701641785,43992.14467777607,31671.861352650434,43977.34645148626,39402.05751666389,36249.18349683682,56063.658874148576,39243.462888047834,48278.853031108316,42425.15834822325,44770.78741543696,45867.93627269266,55266.92148474096,56654.416225375215,59314.685770077034,58081.16748357442,68739.63080575096,51587.95888852484,60920.31257425031,60550.633357168976,69359.84478736586,61146.07049269165,70897.32942962824,64923.89928488103,74388.84311359547
Gastos Generales,GASTOS TOTALES > Funcionamiento*,351.70743311733804,565.067355749298,645.1556994757383,1022.2317167703181,686.9192354439401,545.3797390471502,678.6074701508699,1131.3334478973206,983.1649891232998,814.60665979284,699.211516285378,947.6658256834518,841.78843761648,901.1657000832301,819.18098149437,1023.7067623356188,1464.4051323262697,-173.08426990777014,852.3736965518692,1576.6590617476804,529.0476412990043,999.5964271545402,836.4313814516172,1520.005121525407,756.1594462426647,1005.387968371736,978.6375430690034,1591.1945702713144,572.9463815780366,921.6489999257063,1029.3886169584794,2104.5310758865344,886.2114382737968,1078.0958437841923,1147.302785697665,2329.7605537146205,837.6870641495495,1167.0482474792998,1400.632286547451,2612.2063253755664,1075.2168062012452,1479.2460907783018,1395.6223930212614,2465.8432154441775,841.9796325435448,1159.0290359828566,1564.3994587442635,2706.6214577607134,858.5482973350761,1336.5797252026816,1406.4491488187496,2574.7384694948414,932.0026812500672,1190.214136881821,1360.604341148674,2466.4167694703665,921.7622107210998,1373.2846525258055,1544.3553308697628,1759.731150296444,1744.9913219918403,1468.872736583079,1705.1527353752585,2585.7015381581605,1587.15590002326,1321.3217813764993,1478.1425143306788,2735.567081931619,1568.53474985223,1655.4774130408703,1670.3209206008983,3544.2620693223935,1943.2133624859898,2599.308380399559,2590.6551859721685,2958.086127760168,2191.0503784104094,2442.5183744605292,2447.2679571205617,3690.253785239317,3542.496992570649,2591.4196831515624,2577.3663190600682,2857.5252901014983,4539.214885717101,2963.71501991145,3701.729812782711,3970.170162646711,5120.0176661390215,4418.987426158518
Inversión*,GASTOS TOTALES,741.2305258933698,1165.3624417860706,315.3647110565381,1716.6269153471808,898.6138085380109,1205.9033452425597,383.98172548861885,1542.001084036029,3453.1614743092914,1311.3752629941105,850.4600525748717,406.47499040810783,3712.02683243799,2014.006349526119,1056.7175585418336,1104.6506864571506,6282.465609937871,-2252.250476364263,2141.2646254601887,4562.2103092554435,2073.181800959572,2754.84439951049,2162.3257876584544,4545.399949368621,1534.6578654646296,2425.5809280753383,1677.3688198844031,4835.5685582862125,665.7481459552498,2602.885392215734,3672.4363233122053,10726.466705035235,1307.8830617725794,2700.5706466843603,4096.530253982522,11725.759795061338,6252.346759175891,3672.7314323954015,3748.0614500757974,9752.080705098837,5010.853041869195,4979.9533933946395,4532.584294877604,7799.519383566636,475.3717895632551,640.1446938594754,-698.7839379967977,36.13335605922106,5111.054994143647,4021.89347243636,3506.1001813719786,5002.222929313435,5048.0613587172775,3482.2436625519413,4073.61463401249,5362.118023262676,3389.4450988130634,2631.203718128333,4091.277401163192,3928.487462192804,6370.4585222108735,2718.8032070016725,3781.8283587281862,5640.374780904805,6310.057347387716,3153.261449062226,3558.739450882624,7371.264313203359,5168.485931742495,5477.461001120138,5762.151423171771,9325.412826214524,10505.407303835555,9031.994416453275,9205.910862110199,10766.355508937228,6384.35829333977,7795.131164948161,12464.135308465087,14574.293527021513,9419.286222260722,7181.290536597712,9033.063425010545,7909.249176907433,19980.155613676638,8702.109314766214,10120.61663074401,10464.485970483523,17771.660897254766,9855.073095364027
PRÉSTAMO NETO,,101.64648228930409,138.4996901529982,48.80690026550962,9.269592454532756,20.876337038086007,98.13565914467921,79.84837637708912,124.92565137243088,91.693658161073,143.4815357822765,106.0147821015075,71.05631216577052,82.78687638637578,69.10883809548741,57.1048624255772,47.56146024363599,47.22053845922301,47.47793276036189,32.8429349517993,38.62730888306889,29.480012316430496,71.28005740531,24.24054337137884,50.96004004198879,37.351062023199695,47.80413105706938,37.93108807025938,90.8698797728,48.4774723231018,43.68184811188,74.57917734097715,16.12061539223,17.4688238695,-8.955022450969999,90.90492956738998,-38.5648430201922,-3.5413349443100017,3.9609930509,-0.5559150546500042,-1.9754083375199976,-7.52460700698,5.11936064488,-1.913857243049998,-6.910949054290001,6.230836965202661,-14.528978429519999,12.658974524880001,-22.39322916994675,-33.304475611440004,-42.27601972342,0.24685157189999996,-19.537552368404853,-13.78697566616,-35.51043037108,-8.91872487082,-33.64583978878,-14.53282063704,-35.27249151758001,-12.36303886245,-204.54940332319,-133.02530620196998,-15.397146436020002,-14.20974170693,-11.518903747259998,-17.60809291576,-13.79792659525,-16.3624482394,-46.24877019794,5.170777006379998,-18.56311081244,-13.05986745922,7.414551294739997,-14.05215740642,7.508730091930003,-11.717788876820002,12.648984543480001,-15.14242918437,-11.029605587289998,-12.51517906666,-26.236404222029996,-85.02227809517,-13.557885116940001,-14.046223564139998,-34.34559516412,-17.085865000280002,-47.20718363958,-17.08586500041,-23.089278443879998,-36.793198953358235,-17.64722598785
DÉFICIT TOTAL,,-4274.73053215122,-1986.5310003087855,-858.1147971019875,-6593.849187945145,-6162.206471676938,-82.32481279671529,-1406.8949367280961,-5858.099204227803,-6495.909550506277,-1505.2534061688461,-85.25127618011216,-4985.53043435594,-5808.115132205162,1063.096158863274,-1602.787084659584,-5265.821158483365,-5516.065918728643,5198.475521191317,-2818.9305486526528,-7931.245315031212,-3251.0479071935383,-971.787445023575,-3288.716296202281,-13203.472008430777,727.4727539080745,-5078.91554913787,-1591.0400768609122,-15076.5468764417,3753.9602941294092,4241.713373182454,-2145.414851847761,-23356.97375240983,3006.5155134530087,13111.142016378839,-3544.747761997915,-28012.56098830991,3132.008436920231,6541.728694157634,-4580.965633769512,-21738.190728009773,525.9974451148946,576.0590483822123,-5076.288426789204,-14382.224282295121,2579.0217389941186,5395.294686592503,-4199.093574917889,-8634.705337028976,-7011.69500627579,-1710.788592681147,-12979.368624441575,-13223.475562537205,-10726.61462012866,-1867.827376755407,-5639.275074928126,-15402.06718847277,-5184.208899999669,-5891.926104113385,-12818.843490776972,-6420.860652531538,-6291.9179111853,1318.5378734465628,-7292.138392175393,-13783.019859059226,-2468.1337041726997,-28138.53871203834,-29136.80996536091,-18019.94161656947,-14867.855095652785,-20291.05777637238,-4555.9000918511665,-43434.144807872624,-16838.99279284319,-16331.335530592922,-15613.287368714815,-28795.8533265427,-13803.328544001626,361.2333844923169,-10348.250698501899,-43126.30619143769,-16344.183105512195,-38672.244541056294,-15725.894316690586,-43768.54754914492,-37489.888203523515,-30976.722702353254,-6249.432825225767,-43091.08876806383,-35902.089292662364,-30257.19578669971
COSTOS DE LA REESTRUCTURACIÓN FINANCIERA,,453.80580837550025,357.68332942258536,297.5514582969887,273.86514274159094,502.7539753329633,288.0670013810068,226.72165495871982,215.69134279129418,431.5093696750017,260.55478757619096,227.17492029370982,193.5982728952365,446.2107580186722,321.46979713281576,200.23366619235736,192.7962372689712,493.25087491870886,285.5595377871613,297.2763372719522,194.12315523275709,434.01302136375244,245.25068517189442,225.63925641630703,212.41211491383046,324.2298115483296,59.95374805233287,11.546124474350407,-3.051623330648334,218.18474446185962,27.58306162811326,20.27998960423631,12.653676255627158,47.13355272982789,21.147072480349873,6.610237434712596,11.147484832125272,14.989090549681336,19.38917493360037,9.182651973219915,13.570414623140131,10.658488317510193,10.758779295230314,9.587390325749862,7.693306817270276,7.654935064060091,13.630389968920035,3.055255836320066,4.347275540550065,0.2233785481201132,9.644202236813747e-14,4.1418593355046814e-14,4.2031888369820624e-14,0.0,0.0,0.0,0.0,0.0,0.0,0.0,0.0,0.0,0.0,0.0,0.0,0.0,0.0,0.0,0.0,0.0,0.0,0.0,0.0,0.0,0.0,0.0,0.0,0.0,0.0,0.0,0.0,0.0,0.0,0.0,0.0,0.0,0.0,0.0,0.0,0.0,0.0
DÉFICIT A FINANCIAR,,-4728.536340526721,-2344.2143297313705,-1155.6662553989763,-6867.7143306867365,-6664.960447009902,-370.3918141777221,-1633.6165916868158,-6073.790547019096,-6927.418920181278,-1765.8081937450374,-312.42619647382196,-5179.128707251177,-6254.325890223834,741.626361730458,-1803.0207508519413,-5458.617395752336,-6009.316793647352,4912.915983404156,-3116.2068859246046,-8125.368470263969,-3685.0609285572905,-1217.0381301954696,-3514.3555526185874,-13415.884123344607,403.2429423597448,-5138.869297190203,-1602.586201335263,-15073.49525311105,3535.7755496675495,4214.1303115543415,-2165.6948414519975,-23369.62742866546,2959.3819607231803,13089.99494389849,-3551.3579994326283,-28023.708473142036,3117.01934637055,6522.339519224033,-4590.148285742733,-21751.761142632917,515.3389567973845,565.3002690869819,-5085.875817114955,-14389.917589112392,2571.366803930059,5381.664296623584,-4202.148830754209,-8639.052612569527,-7011.91838482391,-1710.788592681147,-12979.368624441575,-13223.475562537205,-10726.61462012866,-1867.827376755407,-5639.275074928126,-15402.06718847277,-5184.208899999669,-5891.926104113385,-12818.843490776972,-6420.860652531538,-6291.9179111853,1318.5378734465628,-7292.138392175393,-13783.019859059226,-2468.1337041726997,-28138.53871203834,-29136.80996536091,-18019.94161656947,-14867.855095652785,-20291.05777637238,-4555.9000918511665,-43434.144807872624,-16838.99279284319,-16331.335530592922,-15613.287368714815,-28795.8533265427,-13803.328544001626,361.2333844923169,-10348.250698501899,-43126.30619143769,-16344.183105512195,-38672.244541056294,-15725.894316690586,-43768.54754914492,-37489.888203523515,-30976.722702353254,-6249.432825225767,-43091.08876806383,-35902.089292662364,-30257.19578669971
