Concepto,Grupo,1994,1995,1996,1997,1998,1999,2000,2001,2002,2003,2004,2005,2006,2007,2008,2009,2010,2011,2012,2013,2014,2015,2016,2017,2018,2019,2020,2021,2022,2023,2024,2025
1. INGRESOS TOTALES  (SIN CAUSADOS),,7700.529,9599.920189999999,11950.972801200003,15137.52533,16726.978304,18926.670650347056,22680.385020597354,27489.039132546666,30233.09306098337,34318.568590326664,39826.3763926999,45753.39455406438,56287.08930067058,64667.18956413474,75041.88039143634,77138.75252151433,74940.21778690013,94230.47289045448,107066.001,119744.36394804945,125903.55748523984,129321.06847019437,128367.08564360581,144062.4634336458,149292.2266019823,171861.24532424373,152568.20566163777,192058.40255903936,238262.87612908214,296365.3158380959,281460.2248066148,302765.08381477674
INGRESOS CORRIENTES DE LA NACION,1. INGRESOS TOTALES  (SIN CAUSADOS),6861.215,8462.32019,10595.007345,13642.51633,15142.319303999999,16430.264385913644,20126.53742628769,25177.166275638334,27393.538862064608,31578.62523744119,36937.1400707205,42517.87557195566,51531.810079767,58249.03000524821,64997.84377391999,65658.999970114,67408.24367509696,84377.58375246101,96333.984,101763.27190525897,108958.10431771798,117083.84276825801,117981.539865449,132408.52033656236,136013.64938491906,149894.98362973606,132420.95741953302,163679.43528361258,213302.68799798336,264387.22895837406,246935.22865667654,272696.25642989087
INGRESOS TRIBUTARIOS,1. INGRESOS TOTALES  (SIN CAUSADOS) > INGRESOS CORRIENTES DE LA NACION,6731.093,8185.0997,10171.714885,13148.3,14825.351,16066.663538486644,19643.77052660758,24802.307810359183,27086.716822621085,31372.867069326006,36735.487862374,42288.42409328399,51278.238713492996,57866.036473463006,64348.59306265299,65195.985792033,66781.36385620796,83807.87315992301,95139.254,100779.93911941997,108342.48299857599,116403.15146191901,117328.576906852,126957.88791651,135187.17277446264,148418.02517589493,130762.94363031919,162228.108595778,211998.57182031663,263189.93823648547,245050.08250438765,271921.85783764144
DIAN,1. INGRESOS TOTALES  (SIN CAUSADOS) > INGRESOS CORRIENTES DE LA NACION,6708.393,8167.1997,10146.2543101,13055.3,14804.038,16038.66654365536,19564.483426435578,24711.263810359185,26998.895822621085,31326.000069326008,36688.802216507,42239.92602863299,51213.930701740996,57779.73902005501,64260.16098093299,65075.26432383501,66654.76144049597,83664.102763101,94964.409,100579.47367043,108081.76168181999,116084.88081205601,116970.713787318,126554.415267804,134726.01325959465,147884.17327803993,130517.4026200642,161804.286284529,211209.91867461364,262215.15741365944,243935.93022081064,270648.72444670956
Renta,1. INGRESOS TOTALES  (SIN CAUSADOS) > INGRESOS CORRIENTES DE LA NACION > DIAN,2813.025,3393.6997,3856.0381,5081.161,6109.152,6145.810569746861,7103.524790758551,9602.3773,10115.133,11729.544337,15181.698858546,17348.617858351,21062.049636727,24010.404101823002,24448.37103603547,28116.56431861735,26218.85152446653,33453.047531170676,43668.078,44803.51656754699,37621.87337510439,38730.7071150694,40215.99168409286,52769.04529715898,63911.20482097299,67397.1843283619,61650.58747863671,72959.02489758813,95388.97408154767,139507.68705609598,116469.343790409,126796.837384875
Cuotas,1. INGRESOS TOTALES  (SIN CAUSADOS) > INGRESOS CORRIENTES DE LA NACION > DIAN > Renta,0.0,0.0,0.0,1785.016,0.0,1645.310569746861,1308.535,4313.085,3526.133,3937.8693369999996,6271.5416480799995,8072.877514817001,9356.040749483,11348.520449647,9493.588161816,11705.991125774475,8541.311643696201,12167.877499916449,21190.063,20751.792238110364,11763.403987647001,10141.527489727998,10358.573132643,14243.411547351998,16980.684107123,17893.134178564,15392.529782317803,16522.689322382,22702.934972877676,49397.76206355,28162.298215028997,32409.899311983507
Retención,1. INGRESOS TOTALES  (SIN CAUSADOS) > INGRESOS CORRIENTES DE LA NACION > DIAN > Renta,0.0,0.0,0.0,3296.145,0.0,4500.5,5794.989790758551,5289.2923,6589.0,7791.675,8910.157210466,9275.740343534,11706.008887244,12661.883652176,14954.782874219472,16410.573192842876,17677.539880770328,21285.170031254227,22478.015,24051.7243294366,25858.469387457393,28589.179625341407,29857.418551449868,38525.63374980698,46930.52071384999,49504.05014979789,46258.05769631891,56436.33557520612,72686.03910867,90109.92499254599,88307.04557538,94386.9380728915
IVA interno,1. INGRESOS TOTALES  (SIN CAUSADOS) > INGRESOS CORRIENTES DE LA NACION > DIAN,1687.815,2060.1,3166.0888,3829.7,4037.97,4734.269513609144,5910.342991253392,6931.480404087993,7363.725171518273,8887.939121809002,10073.688697384001,11411.705297129,13287.925085524,14897.16268733,17650.493051574165,17609.06474083519,19592.276110054572,23226.755918475115,24294.037,23454.30554283432,26396.938770028002,27692.08559078928,28404.64455515823,35199.48058302868,38512.18555177667,41756.36204708906,35978.47912497949,43643.58807790789,53052.72952937802,61238.76825454146,64740.1061272716,71208.76747082619
IVA externo,1. INGRESOS TOTALES  (SIN CAUSADOS) > INGRESOS CORRIENTES DE LA NACION > DIAN,1081.0176000000001,1367.4998,1574.2374510000002,2006.9,2368.507,1935.0589280070303,2535.433061412848,3079.4301703295105,3264.7793061965294,4183.502696221,4881.878615735999,6016.242414643,8275.035402235999,8480.658164870001,9413.601101690201,8301.403919421844,9219.405461554941,11866.31555357902,12048.029,11188.516871623311,12352.930383975065,13967.610421407024,13474.241267617646,15420.368462887978,17366.924447430676,20130.476209483924,17736.94926569085,25911.693707649047,38066.362572728794,33248.10443751763,37101.428071749,44883.939396311
Gravamen arancelario,1. INGRESOS TOTALES  (SIN CAUSADOS) > INGRESOS CORRIENTES DE LA NACION > DIAN,720.6784,880.1002,912.7095,1240.9,1646.641,1372.6209886369652,1744.097418324152,2150.076526535109,2083.4625776014705,2158.93706641,2233.1372502,2822.520482875,3492.7615245039997,4259.786407629998,4291.8781314928,4000.84228289317,4651.99887955493,4080.7155146669006,3508.479,3897.18363325092,3986.723927681934,4590.930738038978,4113.1865925093525,3820.9238966310204,3558.1853059013233,3832.993888612074,2933.768387060147,4214.590002809951,6258.545544878424,5466.3687791423745,0.0,6337.479103172465
Sobretasa a la Importaciones CIF,1. INGRESOS TOTALES  (SIN CAUSADOS) > INGRESOS CORRIENTES DE LA NACION > DIAN,0.0,0.0,0.0,0.0,0.0,0.0,0.0,0.0,0.0,0.0,0.0,0.0,0.0,0.0,0.0,0.0,0.0,0.0,0.0,0.0,0.0,0.0,0.0,0.0,0.0,0.0,0.0,0.0,0.0,0.0,0.0,0.0
Imp. Nacional a la Gasolina y ACPM,1. INGRESOS TOTALES  (SIN CAUSADOS) > INGRESOS CORRIENTES DE LA NACION > DIAN,0.0,0.0,0.0,0.0,0.0,0.0,0.0,0.0,0.0,0.0,0.0,0.0,0.0,0.0,0.0,0.0,0.0,0.0,0.0,2736.5739,2980.88332,3297.391560359,3335.1572529999994,1352.79259,1517.545879,1585.1414952789999,1205.8056377690002,1732.5397870000002,1650.8011329849999,2172.913696,2195.003094,1510.307835
Impuesto al Carbono,1. INGRESOS TOTALES  (SIN CAUSADOS) > INGRESOS CORRIENTES DE LA NACION > DIAN,0.0,0.0,0.0,0.0,0.0,0.0,0.0,0.0,0.0,0.0,0.0,0.0,0.0,0.0,0.0,0.0,0.0,0.0,0.0,0.0,0.0,0.0,0.0,474.596345,288.373,436.914147,281.91113214200004,330.566899,361.89875399999994,555.0365309999999,528.693857,339.532348
Consumo,1. INGRESOS TOTALES  (SIN CAUSADOS) > INGRESOS CORRIENTES DE LA NACION > DIAN,0.0,0.0,0.0,0.0,0.0,0.0,0.0,0.0,0.0,0.0,0.0,0.0,0.0,0.0,0.0,0.0,0.0,0.0,0.0,1181.997536,1648.4671147219997,1684.1786193899998,1700.0690840240002,1955.2734990000001,2075.520607817,2245.323778954,1270.2020372120003,1327.8399048549998,2578.4215781137063,3196.4561113669997,3489.654647502,4182.387578408
CREE,1. INGRESOS TOTALES  (SIN CAUSADOS) > INGRESOS CORRIENTES DE LA NACION > DIAN,0.0,0.0,0.0,0.0,0.0,0.0,0.0,0.0,0.0,0.0,0.0,0.0,0.0,0.0,0.0,0.0,0.0,0.0,0.0,2939.5789749459996,12461.475215126,13926.168773951002,14110.734485554001,4846.190381809,132.72299256000002,99.79819336200003,39.870740149999996,28.428221807000003,53.608308256,105.457881592,0.0,0.0
Sobretasa a la Gasolina y ACPM,1. INGRESOS TOTALES  (SIN CAUSADOS) > INGRESOS CORRIENTES DE LA NACION > DIAN,405.857,465.8,637.1804591000001,636.4,641.768,706.52897663828,833.004099352,1106.434084119,976.6258791610001,1025.0371286289999,1057.364546744,1143.307792618,1187.040425307,1211.510505626,1287.969333917,1291.492640989,1418.766456023,1603.226763101,1735.0615717140001,146.835687113,0.0,0.0,0.0,0.0,0.0,0.0,0.0,0.0,0.0,0.0,0.0,0.0
Gravamen movimientos financieros,1. INGRESOS TOTALES  (SIN CAUSADOS) > INGRESOS CORRIENTES DE LA NACION > DIAN,0.0,0.0,0.0,0.0,0.0,880.67756701708,1036.58409321864,1421.3342252770599,1443.2294362446698,1621.4617192570001,2237.595150929,2401.225892596,2672.204460358,2989.521966379,3199.6,3121.2777,3225.773022804,5069.606199999999,5468.351299999999,5897.755399999999,6441.969255000001,6741.199684,7079.054712,6771.655,6815.557796,8053.137318,7471.2585739999995,9826.973563,12265.230943000002,13643.222247999998,13991.531786,14768.228396
Impuestos saludables y de plastico,1. INGRESOS TOTALES  (SIN CAUSADOS) > INGRESOS CORRIENTES DE LA NACION > DIAN,0.0,0.0,0.0,0.0,0.0,0.0,0.0,0.0,0.0,0.0,0.0,0.0,0.0,0.0,0.0,0.0,0.0,0.0,0.0,0.0,0.0,0.0,0.0,0.0,0.0,0.0,0.0,0.0,0.0,0.0,2098.884255100066,2564.8373331830003
Resto,1. INGRESOS TOTALES  (SIN CAUSADOS) > INGRESOS CORRIENTES DE LA NACION > DIAN,22.7,17.9,25.4605749,93.0,21.313,27.996994831283924,79.287100172,91.04399999999977,87.821,46.86699999999977,46.68564586699987,48.498064651,64.308011752,86.297453408,88.43208172,120.72146819799998,126.60241571198276,143.77039682201666,174.84546332101672,200.46544898996535,260.72131675599996,318.270649863,357.8631195339999,403.47264870600003,461.159514868,533.8518978550001,245.54101025499995,423.822311249,788.653145703,974.780822826,1114.1522835770002,1963.0433179319402
Timbre,1. INGRESOS TOTALES  (SIN CAUSADOS) > INGRESOS CORRIENTES DE LA NACION > DIAN,0.0,0.0,0.0,260.239,0.0,263.7,401.496972116,420.1311000105155,511.1997518991415,488.54,571.58931028,633.5862882309999,714.072000001,759.7868193710001,768.5804835003612,611.8318912835379,357.16,123.92292537700183,58.972814424249876,58.37758304952503,72.42483368660622,101.66843956731805,97.49167693090627,75.49321243233695,79.86795699999999,85.79880899999999,41.37317662900001,83.11526922,134.45671534199997,215.514803,248.973975606,805.14510229474
Impuesto SIMPLE,1. INGRESOS TOTALES  (SIN CAUSADOS) > INGRESOS CORRIENTES DE LA NACION > DIAN,0.0,0.0,0.0,0.0,0.0,0.0,0.0,0.0,0.0,0.0,0.0,0.0,0.0,0.0,0.0,0.0,0.0,0.0,0.0,0.0,0.0,0.0,0.0,0.0,0.0,72.881433,320.6957550000001,564.0639144969999,1076.0152914029998,1613.8080202400001,1610.158806551,1647.862620285
Normalización,1. INGRESOS TOTALES  (SIN CAUSADOS) > INGRESOS CORRIENTES DE LA NACION > DIAN,0.0,0.0,0.0,0.0,0.0,0.0,0.0,0.0,0.0,0.0,0.0,0.0,0.0,0.0,0.0,0.0,0.0,0.0,0.0,0.0,0.0,0.0,0.0,0.0,0.0,1127.527703,624.327414,145.573249189,233.24147474400004,4.9861176160000005,0.0,1.200341012
Retención en la fuente inmuebles,1. INGRESOS TOTALES  (SIN CAUSADOS) > INGRESOS CORRIENTES DE LA NACION > DIAN,0.0,0.0,0.0,0.0,0.0,0.0,0.0,0.0,0.0,0.0,0.0,0.0,0.0,0.0,0.0,0.0,0.0,0.0,0.0,0.0,0.0,0.0,0.0,0.0,0.0,137.378853926,5.036419,4.230427796,16.520240574,25.467873000000004,0.0,0.0
Contribución para la Democracia (Patrimonio) / Impuesto a la riqueza,1. INGRESOS TOTALES  (SIN CAUSADOS) > INGRESOS CORRIENTES DE LA NACION > DIAN,0.0,0.0,0.0,0.0,0.0,0.0,0.0,0.0,1240.7407,1231.038,451.84978668799994,462.72000219,522.842167084,1170.9083670260002,3199.667842723,2022.78682979491,1970.529986038,4240.512356731279,4183.4,4274.83197406594,4118.075486496001,5352.939869484,4440.142476431,3868.5959998559993,467.92490113599996,923.255072972,957.1374777950001,1032.05836221,73.112507663,1221.3656045470002,1462.151809622,1249.7687135145902
INGRESOS NO TRIBUTARIOS,1. INGRESOS TOTALES  (SIN CAUSADOS) > INGRESOS CORRIENTES DE LA NACION,130.122,277.22049,423.29246,494.21633,316.968304,363.600847427,482.76689968011,374.85846527915,306.8220394435211,205.75816811518507,201.65220834647494,229.451478671667,253.57136627399998,382.9935317852086,649.2507112669999,463.014178081,626.879818889,569.710592538,1194.7300223579998,983.3327858389998,615.6213191420001,680.691306339,652.9629585970001,5450.632420052378,826.4766104564062,1476.9584538411327,1658.0137892138232,1451.3266878345864,1304.1161776667198,1197.2907218885898,1885.1461522888949,774.3985922494298
Contribución de Hidrocarburos,1. INGRESOS TOTALES  (SIN CAUSADOS) > INGRESOS CORRIENTES DE LA NACION > INGRESOS NO TRIBUTARIOS,115.7,173.0,267.843,278.8,41.269,20.523847427,43.720114385,4.211,0.8743436840000001,0.570077747,1.1847284710000001,0.573984263,0.96654002,1.6159176419999999,2.440351617,1.4264121029999999,0.0,0.0,2.37798069,2.2198557560000003,3.3827364870000003,2.7147480710000003,0.0,0.0,0.0,0.0,0.0,0.0,0.0,0.0,0.0,0.0
Concesiones,1. INGRESOS TOTALES  (SIN CAUSADOS) > INGRESOS CORRIENTES DE LA NACION > INGRESOS NO TRIBUTARIOS,0.0,76.22049000000001,91.50446000000001,95.31633000000001,135.230304,169.9,209.80578529510998,224.66,20.84757755688,37.560997648,5.890827849999999,0.0,0.0,0.0,0.0,0.0,0.0,0.0,0.0,0.0,0.0,0.0,0.0,0.0,0.0,0.0,0.0,0.0,0.0,0.0,0.0,0.0
Telefonía Celular,1. INGRESOS TOTALES  (SIN CAUSADOS) > INGRESOS CORRIENTES DE LA NACION > INGRESOS NO TRIBUTARIOS > Concesiones,0.0,76.22049000000001,91.50446000000001,95.31633000000001,135.230304,141.2,194.3,198.4,0.0,0.0,0.0,0.0,0.0,0.0,0.0,0.0,0.0,0.0,0.0,0.0,0.0,0.0,0.0,0.0,0.0,0.0,0.0,0.0,0.0,0.0,0.0,0.0
Concesiones portuarias y otros,1. INGRESOS TOTALES  (SIN CAUSADOS) > INGRESOS CORRIENTES DE LA NACION > INGRESOS NO TRIBUTARIOS > Concesiones,0.0,0.0,0.0,0.0,0.0,28.7,15.50578529511,26.26,20.84757755688,37.560997648,5.890827849999999,0.0,0.0,0.0,0.0,0.0,0.0,0.0,0.0,0.0,0.0,0.0,0.0,0.0,0.0,0.0,0.0,0.0,0.0,0.0,0.0,0.0
Resto,1. INGRESOS TOTALES  (SIN CAUSADOS) > INGRESOS CORRIENTES DE LA NACION > INGRESOS NO TRIBUTARIOS,14.422,28.0,63.945,120.1,140.469,173.177,229.241,145.98746527915,285.10011820264106,167.6270927201851,194.57665202547494,228.877494408667,252.604826254,381.3776141432085,646.81035965,461.587765978,626.879818889,569.710592538,1192.3520416679999,981.1129300829998,612.2385826550001,677.976558268,652.9629585970001,5450.632420052378,826.4766104564062,1476.9584538411327,1658.0137892138232,1451.3266878345864,1304.1161776667198,1197.2907218885898,1885.1461522888949,774.3985922494298
FONDOS ESPECIALES,1. INGRESOS TOTALES  (SIN CAUSADOS),219.1,278.4,400.31466179999995,382.0,386.363,438.86625175546976,430.60294656918666,240.466,315.952,320.9676,380.93252711699995,471.8677881095,576.961058494,637.121152606,894.374430307,1061.495820294,1010.231449824,1305.1784233480003,1505.1980544760002,1268.430852915,1568.638350669,1557.3404359816864,1706.672146867254,1532.2918386780002,1546.6258041759997,1481.1368808880002,1413.7713618040002,2841.9696384599997,3629.726179829,4404.531097792,5182.7370818578,5366.999294333001
OTROS RECURSOS DE CAPITAL,1. INGRESOS TOTALES  (SIN CAUSADOS),620.214,859.2,955.6507944,1113.009,1198.296,2057.540012677944,2123.2446477404746,2071.4068569083315,2523.6021989187643,2418.9757528854793,2508.30379486243,2763.6511939992206,4178.318162409581,5781.038406280525,9149.662187209356,10418.256731106316,6521.742661979171,8547.710714645467,9226.818997014878,16712.66118987548,15376.814816852855,10679.885265954665,8678.87363128956,10121.651258405444,11731.951412887203,20485.124813619692,18733.476880300746,25536.99763696677,21330.46195126978,27573.55578192986,29342.259068080402,24701.82809055282
Rendimientos Financieros Totales,1. INGRESOS TOTALES  (SIN CAUSADOS) > OTROS RECURSOS DE CAPITAL,125.1,141.4,298.1535744,377.6,362.128,477.5601546108152,837.2833608694414,571.3360324176033,553.7220791272945,535.0578038735858,489.8756907745754,544.6917107288727,977.116805729567,765.6037597868468,986.003689594487,758.1145065083844,497.8563706183204,915.5880943927704,1026.8921796292007,534.7780265714721,1014.790788650682,1699.7474407983398,3476.5686418169134,3574.2376813129613,2410.7147552425668,3870.53679448196,813.1141619989526,1235.242225413288,1258.9746224054516,342.92889541368754,0.0,0.0
Excedentes Financieros,1. INGRESOS TOTALES  (SIN CAUSADOS) > OTROS RECURSOS DE CAPITAL,220.0,428.8,360.749,535.803,629.558,1419.6180318300799,1152.87346245563,1320.03758118673,1501.79,1674.3636000000001,1845.4415420529308,1772.9561151431496,3065.90666704083,4564.95339895327,5397.80637133158,8567.9664929621,5241.74172503621,6796.57887081434,7991.0801807567195,14203.67579962269,12005.709205216772,5743.218968062971,1627.6123867071801,2043.492264008592,4431.07294898204,14958.48921409597,15627.205737654202,8968.572063606158,18336.542318584798,25393.349900417474,25035.229060384478,21806.83585415535
Ecopetrol,1. INGRESOS TOTALES  (SIN CAUSADOS) > OTROS RECURSOS DE CAPITAL > Excedentes Financieros,139.0,194.02,228.0,207.0,279.0,279.0,813.0,1000.0,1100.0,1081.0,1158.168000001,1298.0,2000.0,3333.8995,4184.250483982,7904.903502867,3311.015600365,5275.79856152463,7000.0,13193.557193544,10769.896387890001,4149.0,690.176646687,836.850096796,3238.24602673,11424.82306059934,6549.261627095,618.541375892,16300.384494104,21576.178582597197,11352.053486965,7786.34437888
Banco de la República,1. INGRESOS TOTALES  (SIN CAUSADOS) > OTROS RECURSOS DE CAPITAL > Excedentes Financieros,0.0,0.0,0.0,0.0,0.0,0.0,0.0,0.0,0.0,0.0,0.0,0.0,0.0,0.0,0.0,0.0,0.0,0.0,0.0,0.0,0.0,0.0,0.0,0.0,0.0,1869.42787629726,6986.28208880864,6528.85568836758,258.223189,1555.060695166,9216.66134830035,10031.386212744
Telecom,1. INGRESOS TOTALES  (SIN CAUSADOS) > OTROS RECURSOS DE CAPITAL > Excedentes Financieros,0.0,0.0,60.0,40.8,0.0,0.0,0.0,0.0,0.0,0.0,0.0,0.0,0.0,0.0,0.0,0.0,0.0,0.0,0.0,0.0,0.0,0.0,0.0,0.0,0.0,0.0,0.0,0.0,0.0,0.0,0.0,0.0
Isa e Isagen,1. INGRESOS TOTALES  (SIN CAUSADOS) > OTROS RECURSOS DE CAPITAL > Excedentes Financieros,0.0,0.0,0.0,165.0,171.362,22.33139466,0.0,0.0,71.838,13.6673,78.587213418,58.940410063499996,114.56515289249998,121.60811384799999,246.62520448334,192.27970295705,203.0253007466,215.69013324384997,302.96105287414,215.99482816800003,247.035242184,0.0,164.008097568,111.616621956,308.654128062,314.348853672,384.3939786755,371.011373492,0.0,0.0,0.0,0.0
Bancóldex,1. INGRESOS TOTALES  (SIN CAUSADOS) > OTROS RECURSOS DE CAPITAL > Excedentes Financieros,0.0,0.0,0.0,44.0,45.11,39.27663717008,52.554,42.7776,59.514,58.030199999999994,1.38822077284,37.08261458384,22.13352559376,0.0,51.195510240000004,54.224577929,53.475,54.164849834,0.0,84.71217512199999,0.0,24.227141057,0.416028449,46.933146339,59.208928315,74.996424688,87.893592248,2.024846018,0.0,0.0,0.0,0.0
Estapúblicos,1. INGRESOS TOTALES  (SIN CAUSADOS) > OTROS RECURSOS DE CAPITAL > Excedentes Financieros,0.0,0.0,40.739,49.0,79.484,910.339,287.31946245563,277.25998118672993,207.195,221.6464,213.82633825194,69.11746914524,141.09233440955,187.99243451689998,212.6186695929,210.74510279852,454.497559802,396.71910494748005,390.000567338,331.98522190422995,305.38961613337017,833.02860463923,350.256559455,639.9664625820001,470.6064,823.8003,1012.9168,1117.0054,809.363736,1823.1416299999999,3940.340245369,2918.844961082
Resto de empresas,1. INGRESOS TOTALES  (SIN CAUSADOS) > OTROS RECURSOS DE CAPITAL > Excedentes Financieros,81.0,234.78,32.01,30.003,54.602,168.671,0.0,0.0,63.243,300.0197,393.4717696091507,309.8156213505696,788.1156541450199,921.4533505883704,703.1165030333399,205.81360641052999,1219.7282641226097,854.2062212643802,298.1185605445795,377.42638088445955,683.3879590094,736.96322236674,422.75505454818,408.1259363355918,354.35746587504,451.09269883937,606.4576508270602,331.13337983657766,968.5708994807974,438.9689926542778,526.17397975013,1070.2603014493502
Recuperación de cartera SPNF (intereses),1. INGRESOS TOTALES  (SIN CAUSADOS) > OTROS RECURSOS DE CAPITAL,55.2,5.9,8.1,11.5,4.674,50.5882184016,0.0,52.884384253890005,5.670005015600001,7.4197913564224,6.90280320216,6.851204510491001,7.22828328218,7.17845658154,7.255422563520001,12.025886892051199,6.4333204878900005,6.61271641938,6.9230499606,139.41199396609997,184.76751305515998,145.74524083726592,238.13081765073514,244.1302515742,235.78579097073998,223.04232990760005,216.846555666,158.456428016,280.92386911999995,473.939704151,0.0,0.0
Otros recursos,1. INGRESOS TOTALES  (SIN CAUSADOS) > OTROS RECURSOS DE CAPITAL,219.914,283.1,288.64822,188.106,201.936,109.7736078354494,133.08782441540302,127.14885905010813,462.42011477586993,202.1345576554715,166.08375883276403,439.15216361670696,128.06640635700467,443.30279095886783,2758.5967037197706,1080.1498447437814,775.7112458367505,828.9310330189764,201.9235866683579,1834.7953697152197,2171.5473099302417,3091.173616256089,3336.561785114731,4259.79106150969,4654.377917691857,1433.0564751341617,2076.31042498159,15174.726919931323,1454.021141159529,1363.3372819476992,4307.03000769592,2894.992236397471
Reintegros y recursos no apropiados,1. INGRESOS TOTALES  (SIN CAUSADOS) > OTROS RECURSOS DE CAPITAL > Otros recursos,171.4,226.6,189.71422,173.7,198.403,100.34811313278752,127.49209667105814,121.06360356401208,0.0,0.0,0.0,0.0,0.0,0.0,386.0312438093687,236.80299285608805,446.1857914614923,308.2416362477873,448.6010948763579,565.2347552911795,1038.8605779970417,395.20853339999996,3510.634622782001,2149.6306435244996,1898.8121592451266,1373.7109207971314,1032.9025411535902,1442.7605369304829,2753.9947633725287,2411.2215739296994,5062.55975425692,4374.436200225471
Resto,1. INGRESOS TOTALES  (SIN CAUSADOS) > OTROS RECURSOS DE CAPITAL > Otros recursos,48.514,56.5,98.934,14.406,3.533,9.425494702661876,5.718,6.0852554860960515,0.0,0.0,0.0,0.0,0.0,0.0,2372.565459910402,843.3468518876933,329.5254543752583,520.6893967711892,-246.67750820799998,1269.5606144240403,1132.6867319332002,2695.9650828560893,-174.07283766727,2110.16041798519,2755.5657584467303,59.34555433703031,1043.407883828,13731.96638300084,-1299.9736222129998,-1047.8842919820001,-755.5297465609999,-1479.4439638279998
2. PAGOS TOTALES,,8498.337,11290.3008,15363.369581824,19583.657,23492.008,28153.657206506996,32111.713177474223,37572.96408638118,40194.256988113295,45104.69954419062,50825.39312092274,59179.136802459,67558.42283227261,76743.8502191046,83704.92241155994,95841.2587992963,93708.38341436125,106550.9181049467,119360.84703108319,134965.39198997655,145132.48494876808,152784.063323845,161401.43252806907,174139.93621360502,180115.68909372488,195397.5287657047,233484.278635486,274104.7205943413,299224.6760131995,347761.4552087283,386644.45608030894,410367.12607655796
PAGOS TOTALES SIN INTERESES,2. PAGOS TOTALES,7718.187,10254.2008,13484.8470600725,17099.157,19402.348,23128.15331752225,25481.484660893402,30075.9706364789,32291.856861826807,35449.19069372469,40561.44795135837,49298.244249323674,54231.11799336378,61727.42137362662,69781.75845990914,81258.65083579253,79495.60630989383,90913.94306477344,103284.65280952756,119161.1609291366,129538.7198333034,135162.8911247118,139873.6819329591,150479.9136183278,155368.1697538441,168502.6480773539,206886.32570607483,211060.92326855095,213209.19303698436,260641.5634471925,288317.83374761976,319441.43837858236
PAGOS CORRIENTES DE LA NACION,2. PAGOS TOTALES,7159.337,9544.400800000001,13047.222753823999,16414.257,21211.649,25898.932888984746,29432.300177474222,34668.98152169507,37239.24072628649,42221.88759146593,47698.91880757137,54806.62007048926,62099.07606450443,68427.36022772333,73268.3717541493,84503.44746552742,82371.6149343863,91597.54915679774,100617.84886005304,112604.74988631035,122372.26383009377,128726.44228201479,141778.0286827622,154667.63175627205,165136.62832542817,175792.5213228772,211041.26349076786,245085.01848876927,259628.11922146287,306543.93831380457,353170.60183894646,360942.7098850577
INTERESES,2. PAGOS TOTALES > PAGOS CORRIENTES DE LA NACION,780.15,1036.1,1878.5225217514997,2484.5,4089.66,5025.503888984748,6630.228516580818,7496.993449902279,7902.400126286486,9655.508850465927,10263.945169564364,9880.892553135318,13327.30483890884,15016.42884547798,13923.163951650804,14582.607963503764,14212.777104467414,15636.975040173264,16076.19422155564,15804.231060839944,15593.765115464674,17621.172199133198,21527.750595109977,23660.022595277227,24747.51933988079,26894.880688350782,26597.952929411156,34024.09522021833,46418.92618447852,45902.37486661208,64852.76809132669,41501.271506475365
Intereses deuda externa,2. PAGOS TOTALES > PAGOS CORRIENTES DE LA NACION > INTERESES,375.23,383.4,467.0782217514998,651.7,1042.007,1507.8731666743943,2214.180525510649,3017.5331937389437,3575.7309952799114,4355.306739736474,4222.386323579819,4469.150702254525,3848.60623583051,3825.31690400778,3724.0019920317836,3862.2203720095404,3651.5373952825557,3567.8899575928344,3532.5081271831505,3539.0908937731692,3880.6458789955295,5376.774493338739,5961.505636921732,6309.227737111264,6631.748785969093,7606.804514747174,8375.926601516197,9368.529546537688,11041.879070675972,13760.994637840191,14934.313641070003,14335.949415930456
Intereses deuda interna,2. PAGOS TOTALES > PAGOS CORRIENTES DE LA NACION > INTERESES,404.92,652.7,1411.4443,1811.0,2894.983,3466.295738417213,4373.820833898741,4382.5811641562495,4280.888322463926,5306.2919901924915,5943.98000505748,5613.15430363697,9451.97877307833,11157.865971470199,10261.161959619021,10736.712996562717,10561.239709184858,12069.08508258043,12538.305611606449,12265.140167066775,11713.119236469145,12244.397705794458,15566.244958188245,17350.794858165962,18115.770553911698,19288.076173603607,18222.02632789496,24655.565673680645,35377.047113802546,32141.380228771886,49918.454450256686,27165.322090544905
Costo impuesto endeudamiento externo,2. PAGOS TOTALES > PAGOS CORRIENTES DE LA NACION > INTERESES,0.0,0.0,0.0,21.8,152.67,51.334983893140006,42.2271571714286,96.87909200708609,45.7808085426482,-6.089879463038827,97.57884092706705,-201.41245275617499,26.719829999999998,33.24597,-62.0,-16.32540506849315,0.0,0.0,5.38048276604047,0.0,0.0,0.0,0.0,0.0,0.0,0.0,0.0,0.0,0.0,0.0,0.0,0.0
FUNCIONAMIENTO,2. PAGOS TOTALES > PAGOS CORRIENTES DE LA NACION,6379.187,8508.3008,11168.7002320725,13929.757,17121.989,20873.429,22802.0716608934,27171.98807179279,29336.840600000003,32566.378741,37434.973638007,44925.727517353946,48771.77122559559,53410.931382245355,59345.20780249849,69920.83950202366,68158.83782991889,75960.57411662448,84541.6546384974,96800.51882547041,106778.4987146291,111105.27008288159,120250.27808765223,131007.60916099482,140389.10898554738,148897.6406345264,184443.3105613567,211060.92326855095,213209.19303698433,260641.56344719246,288317.8337476197,319441.43837858236
Servicios personales,2. PAGOS TOTALES > PAGOS CORRIENTES DE LA NACION > FUNCIONAMIENTO,1627.857,2071.9004,2294.94185,2848.1997,3547.894,4106.214,4674.57,5279.63333,5719.616,6130.129741000001,6586.275720470316,7331.508213776339,8289.652864136,8780.245093572996,9822.362458166,11163.22453037721,11764.486704575242,12437.121683689722,13912.518783156987,16363.532352361986,18777.91805152567,19405.77369897027,20381.33023520439,20427.23190324838,22238.27578276911,21882.445817840584,23652.569300424,25656.895678946003,28348.111290825113,32821.377853261365,37410.25621517497,42257.88222353365
Transferencias,2. PAGOS TOTALES > PAGOS CORRIENTES DE LA NACION > FUNCIONAMIENTO,4146.354,5704.3,8020.6762520725,9753.0,12258.786,15471.6,16752.052816151863,20118.01433795154,21635.0808,24273.540800000002,28621.45289126499,34755.85348565773,36958.7866108216,40719.407725233104,45849.27614466348,55081.770858227625,52051.35482544414,59039.98480386424,65021.32928320579,74540.17270222356,81859.25053884629,85695.8471051199,94096.36217032792,104602.70991274032,111606.54724869019,119611.98637717214,154129.88494592978,176971.1033558465,174802.7216062067,217105.70049161057,239305.80905411672,261954.72637180836
Transferencias regionales (SGP desde 2002),2. PAGOS TOTALES > PAGOS CORRIENTES DE LA NACION > FUNCIONAMIENTO > Transferencias,2340.885,2900.2,4316.8,5237.1,6475.288,8066.905000000001,8077.748676766847,10685.1974984333,11158.5413,12535.9403,13592.267256392,14626.285400457999,15641.109723250802,16983.453515983,18814.2398847252,21533.692354944,22935.257997083,24710.754566599,25942.581408532,27332.523965164,28728.065657118,29657.422004559,32134.26486964465,35765.02119876,36616.512097068,41072.794016699,43426.320265753006,46370.633317289,47885.930675512,52848.364259134,67920.08228132801,78821.614558672
Situado Fiscal,2. PAGOS TOTALES > PAGOS CORRIENTES DE LA NACION > FUNCIONAMIENTO > Transferencias > Transferencias regionales (SGP desde 2002),1510.385,1834.8,2632.0,2975.5,3300.76,4499.7,4209.450340925667,5651.070731306299,8779.286,10288.536,11281.9176124,14626.285400457999,15641.109723250802,16983.453515983,18814.2398847252,21533.692354944,22935.257997083,24710.754566599,25942.581408532,27332.523965164,,,,,,,,,,,0.0,
Participaciones Municipales,2. PAGOS TOTALES > PAGOS CORRIENTES DE LA NACION > FUNCIONAMIENTO > Transferencias > Transferencias regionales (SGP desde 2002),830.5,1065.4,1552.0,1943.0,2480.292,3141.605,2806.55769084118,3995.321765,1919.367,2247.4042999999997,2310.3496439920004,0.0,0.0,0.0,0.0,0.0,0.0,0.0,0.0,0.0,,,,,,,,,,,0.0,
"Fondo de Compensación Educativa 
Deuda Ley 60/93 (2002)",2. PAGOS TOTALES > PAGOS CORRIENTES DE LA NACION > FUNCIONAMIENTO > Transferencias > Transferencias regionales (SGP desde 2002),0.0,0.0,132.8,318.6,694.236,425.6,1061.740645,1038.805002127,459.8883,0.0,0.0,0.0,0.0,0.0,0.0,0.0,0.0,0.0,0.0,0.0,,,,,,,,,,,0.0,
Pensiones,2. PAGOS TOTALES > PAGOS CORRIENTES DE LA NACION > FUNCIONAMIENTO > Transferencias,785.1083000000001,1132.2775,1627.4723999999999,2021.9753999999998,2556.586,3063.42998,3778.8673279126,4759.051564736798,5660.579100000001,6095.7444000000005,7916.52666083129,11531.578831542462,13065.410534959668,14989.06955546259,16644.149148630077,17776.17923224162,17109.971699528618,20765.511533710967,22658.902089417676,26731.470123939245,27470.881322496913,27946.097459830573,29664.619011797924,33358.026215127305,33954.99347589806,33783.597628579584,41641.032209932586,43250.68773299105,37945.05069038192,52945.08716349844,60707.709806674095,70403.12809312077
Otras,2. PAGOS TOTALES > PAGOS CORRIENTES DE LA NACION > FUNCIONAMIENTO > Transferencias,1020.3607,1671.8225,2076.4038520725003,2493.9246000000003,3226.912,4341.26502,4895.4368114724175,4673.765274781442,4815.9604,5641.856099999997,7112.658974041698,8597.989253657268,0.0,8746.884653787516,10390.887111308204,15771.89927104201,12006.12512883252,13563.718703554277,16419.845785256115,20476.178613120315,25660.303559231375,28092.327640730327,32297.478288885348,35479.66249885301,41035.041675724126,44755.59473189356,69062.53247024419,87349.78230556646,88971.74024031279,111312.24906897813,110678.01696611462,112729.98372001556
Gastos generales y otros,2. PAGOS TOTALES > PAGOS CORRIENTES DE LA NACION > FUNCIONAMIENTO,604.976,732.1004,853.08213,1328.5573,1315.309,1295.615,1375.4488447415363,1774.340403841253,1982.1438,2162.7082,2227.2450262716925,2838.36581791987,3523.33175063799,3911.278563439251,3673.569199669,3675.844113418828,4342.99629989951,4483.467629070519,5607.806572134623,5896.813770884863,6141.33012425714,6003.649278791419,5772.585682119912,5977.667345006114,6544.285954088086,7403.20843951368,6660.85631500291,8432.92423375843,10058.360139952518,10714.48510232052,11601.768478328047,15228.829783240311
INVERSION,2. PAGOS TOTALES,1339.0,1745.9,2316.1468279999995,3169.4,2280.359,2254.72431752225,2679.413,2903.982564686112,2955.0162618268023,2882.81195272469,3126.4743133513703,4372.51673196973,5459.346767768196,8316.48999138127,10436.550657410638,11337.811333768872,11336.768479974939,14953.368948148962,18742.998171030154,22360.642103666185,22760.22111867431,24057.62104183022,19623.403845306857,19472.304457332957,14979.060768296707,19605.00744282748,22443.015144718145,29019.702105572,39596.556791736635,41217.516894923756,33473.854241362504,49424.41619150024
3. DEFICIT O SUPERAVIT EFECTIVO,,-797.808,-1690.3806100000002,-3412.3967806239966,-4446.13167,-6765.0296960000005,-9226.98655615994,-9431.328156876869,-10083.924953834516,-9961.163927129921,-10786.130953863949,-10999.016728222832,-13425.742248394608,-11271.33353160204,-12076.660654969864,-8663.042020123597,-18702.50627778197,-18768.165627461116,-12320.445214492225,-12294.846,-15221.0280419271,-19228.927463528235,-23462.99485365064,-33034.34688446326,-30077.472779959207,-30823.462491742597,-23536.283441460953,-80916.07297384823,-82046.31803530193,-60961.799884117354,-51396.139370632416,-105184.23127369418,-107602.04226178114
PRESTAMO NETO,3. DEFICIT O SUPERAVIT EFECTIVO,129.4,172.0,419.884,203.055,325.578347937,961.4520518063283,832.0026837574653,1470.6250120793522,1258.737454926757,864.793799035953,298.22266516234464,323.86703544139544,412.24628821062754,257.1353777865864,166.1687150544531,175.96065313510812,213.95616092332844,182.85911316818897,60.85388796572778,-2.1116652855800027,-11.230052659439991,-18.032396109384088,-94.87119613136485,-91.86197069684,-266.71775434026,-174.15109809217998,-94.01723794834999,-19.037649970540002,-5.612231647830001,-64.92361806035,-146.97198194036997,-104.46819208414999
INGRESOS CAUSADOS,3. DEFICIT O SUPERAVIT EFECTIVO,0.0,0.0,0.0,0.0,47.93633802494628,71.577277414501,101.02954138547426,106.0,111.0187692482039,126.86929703913933,125.423793928162,122.801757856659,62.941191142495285,38.06490695363705,16.758770000000005,16.758770000000005,16.758770000000005,16.758770000000005,0.0,0.0,0.0,0.0,0.0,0.0,0.0,0.0,0.0,0.0,0.0,0.0,0.0,0.0
GASTOS CAUSADOS,3. DEFICIT O SUPERAVIT EFECTIVO,0.0,0.0,0.0,0.0,0.0,0.0,63.615581304400116,266.0781534721011,420.7080034675001,562.0780599139994,615.222696777299,635.3562744925025,637.1401144092972,891.8577889026112,1442.4131029133694,566.5268339463664,634.3364997079856,1161.3214610365826,976.1240737029565,559.2596713723799,1385.6693317163836,3024.642226095089,3853.961268356048,2956.9236248220373,2726.484280885781,3905.5089326093535,1738.5958604811824,5653.444877049613,16745.800033191703,15565.729479504393,9357.855072221564,10583.276826302024
DEUDA FLOTANTE,3. DEFICIT O SUPERAVIT EFECTIVO,-154.6,753.8,979.9,738.9,364.59,1394.7957617000006,-542.1857617000005,-864.469,904.97,-557.9440168931601,1926.18685461027,-752.86294353211,810.9441743133806,-1573.9616982206278,812.9011931297898,1286.7886619867147,1419.4653781210245,3858.847918248713,2109.351851764908,867.2431826875563,-2246.9100117412963,-2201.0152076836766,-1867.9608406464474,693.4473931826046,-2967.4489300865375,-1219.1166098325511,-4797.227598241277,-4531.767198467061,-122.51866696759316,19.706817372485602,115.75514842861958,-273.7183968326658
4. DEFICIT O SUPERAVIT TOTAL,,-772.608,-2616.1806100000003,-4812.180780623997,-5388.08667,-7407.261705912055,-11511.65709225177,-9683.73111885326,-10850.159119385968,-12434.560616275974,-11528.189498881604,-13713.225150844584,-13509.300856939737,-13068.722917392852,-11613.627216484796,-11067.76626122121,-20715.023656850157,-21019.164896213453,-17506.71493694571,-15441.176,-16645.419230701456,-18356.45673084388,-24268.58947595267,-34925.47611604149,-33635.981827267016,-30315.78008820158,-26048.524666145575,-77763.42399813978,-83148.95806391395,-77579.46901869364,-66916.65204944895,-114510.869512404,-117807.13249916636
5. COSTOS DE LA REEST. FINANCIERA,,0.0,0.0,0.0,0.0,0.0,9.900027250399988,793.55275386268,1492.3526665952297,1473.39954316483,1382.3436548556078,1382.9060449819156,1233.2339744639842,1112.8373504401393,1160.7104586128082,1270.2099052105793,1117.3150778657846,392.6780607443646,278.70147194983633,86.03834747701562,57.131332079641744,38.697964755760644,28.687856409850255,0.22337854812029312,0.0,0.0,0.0,0.0,0.0,0.0,0.0,0.0,0.0
Capitaliz. Intereses Fogafín,5. COSTOS DE LA REEST. FINANCIERA,0.0,0.0,0.0,0.0,0.0,0.0,49.98480105728001,188.677,67.0048,25.845817732009998,0.0,0.0,0.0,0.0,0.0,0.0,0.0,0.0,0.0,0.0,0.0,0.0,0.0,0.0,0.0,0.0,0.0,0.0,0.0,0.0,0.0,0.0
Indexación Tes Ley 546,5. COSTOS DE LA REEST. FINANCIERA,0.0,0.0,0.0,0.0,0.0,0.0,136.37820000000002,193.99458450367973,193.8118512605474,162.5324095299519,128.155379226823,95.6839810242793,66.7385841680767,68.5131153550212,69.80489647389629,16.0891185719256,3.1174190793872043,0.0,0.0,0.0,0.0,0.0,0.0,0.0,0.0,0.0,0.0,0.0,0.0,0.0,0.0,0.0
Indexación TRD,5. COSTOS DE LA REEST. FINANCIERA,0.0,0.0,0.0,0.0,0.0,0.0,9.3314,41.89020394693964,71.39148100526032,99.10661748545634,127.144227952574,151.121004287922,151.537002149146,196.89955446055498,305.755611610173,251.430736549089,102.2803218445474,135.01741448232636,86.03834747701562,57.131332079641744,38.697964755760644,28.687856409850255,0.22337854812029312,0.0,0.0,0.0,0.0,0.0,0.0,0.0,0.0,0.0
Intereses Ley 546,5. COSTOS DE LA REEST. FINANCIERA,0.0,0.0,0.0,0.0,0.0,0.0,112.43769999999999,140.63846876279007,158.76660880113,138.13586636607,120.96464381082998,102.93657049119999,85.38454044929651,69.71332931418,48.937845742010005,21.16418487254,2.83208214189,0.0,0.0,0.0,0.0,0.0,0.0,0.0,0.0,0.0,0.0,0.0,0.0,0.0,0.0,0.0
Intereses Fogafín,5. COSTOS DE LA REEST. FINANCIERA,0.0,0.0,0.0,0.0,0.0,0.0,108.177,523.812,502.7621835391023,394.79311649171973,446.6433870621787,311.374254195403,223.27498035998,207.547824834692,181.04449286102,115.26387905482001,27.59072969341,0.0,0.0,0.0,0.0,0.0,0.0,0.0,0.0,0.0,0.0,0.0,0.0,0.0,0.0,0.0
Amortización TRD,5. COSTOS DE LA REEST. FINANCIERA,0.0,0.0,0.0,0.0,0.0,0.0,0.0,0.0,0.0,0.0,0.0,0.0,0.0,0.0,0.0,0.0,1.0,0.0,0.0,0.0,0.0,0.0,0.0,0.0,0.0,0.0,0.0,0.0,0.0,0.0,0.0,0.0
Amortización Ley 546,5. COSTOS DE LA REEST. FINANCIERA,0.0,0.0,0.0,0.0,0.0,0.0,127.38369999999999,224.65328213142007,292.16608247895005,303.9008,325.92797967910997,350.54195637377995,383.05627465524003,430.3117457698,477.26537797208005,531.7103478469501,99.55565092013,0.0,0.0,0.0,0.0,0.0,0.0,0.0,0.0,0.0,0.0,0.0,0.0,0.0,0.0,0.0
Liquidación Caja Agraria,5. COSTOS DE LA REEST. FINANCIERA,0.0,0.0,0.0,0.0,0.0,9.900027250399988,249.8599528054,178.68712725039995,187.49653607983998,258.02902725039996,234.0704272504,221.5762080914,202.8459686584,187.72488887856002,187.4016805514,181.65681097046001,156.30185706499998,143.68405746751,0.0,0.0,0.0,0.0,0.0,0.0,0.0,0.0,0.0,0.0,0.0,0.0,0.0,0.0
6. DEFICIT A FINANCIAR,,-772.608,-2616.18061,-4812.180780623997,-5388.08667,-7407.261705912055,-11521.55711950217,-10477.28387271594,-12342.511785981198,-13907.960159440805,-12910.533153737211,-15096.131195826501,-14742.534831403722,-14181.560267832989,-12774.337675097604,-12337.976166431788,-21832.33873471594,-21411.84295695782,-17785.416408895548,-15527.214,-16702.5505627811,-18395.154695599642,-24297.277332362522,-34925.699494589615,-33635.981827267016,-30315.78008820158,-26048.524666145575,-77763.42399813978,-83148.95806391395,-77579.46901869364,-66916.65204944895,-114510.869512404,-117807.13249916636
BALANCE PRIMARIO,,7.54200000000003,-1580.0806100000004,-2933.658258872497,-2903.5866699999997,-3317.601705912055,-6486.153203267021,-2989.887020968042,-3087.0875160115875,-4111.452486521988,-1310.6025885016775,-2834.0572845029214,-2993.0520293119166,895.7220359252854,4294.659417895795,4297.810793342964,-5565.888859400026,-6172.051292038054,-708.4184357358649,1611.142,-281.9284984891326,-1377.0222836628245,-3622.775050724383,-9543.764252575469,-7019.035607167745,-2841.776467435011,4751.86495481456,-49426.875208247446,-43471.417966646,-14414.74280102341,-5448.547703332479,-40300.24634885574,-65722.58416638897
